{"CAU": {"SC_0": [{"TEC_shtey": 1.0, "TEC_ylr04": 1.0, "TEC_wfv93": 1.0, "TEC_ngue4": 1.0, "TEC_wae4j": 1.0, "TEC_mi9cn": 1.0, "TEC_bk8gl": 1.0, "TEC_4vnet": 1.0, "TEC_p232f": 1.0, "TEC_ylaqk": 1.0, "TEC_v1f6i": 1.0, "TEC_e38dj": 1.0, "TEC_er7k5": 1.0, "TEC_fbohj": 1.0, "TEC_te1xf": 1.0, "TEC_s6dfk": 1.0, "TEC_jonvs": 1.0, "TEC_x339t": 1.0, "TEC_hqm0b": 31.536, "TEC_pg2jb": 31.536, "TEC_i5dao": 1.0, "TEC_ae3f9": 31.536, "TEC_84z55": 31.536, "TEC_jqbic": 31.536, "TEC_ceulz": 31.536, "TEC_g4h84": 31.536, "TEC_hd6lv": 31.536, "TEC_p0h4e": 31.536, "TEC_cw6c4": 31.536, "TEC_mn4ij": 31.536, "TEC_vlpj8": 31.536, "TEC_2ab0v": 31.536, "TEC_4dwjp": 31.536, "TEC_yczc8": 31.536, "TEC_zeayq": 31.536, "TEC_q5vj0": 31.536, "TEC_63qi6": 31.536, "TEC_rc99l": 31.536, "TEC_fyl59": 1.0, "TEC_1de0h": 31.536, "TEC_8fz1t": 31.536, "TEC_gccyr": 31.536, "TEC_auwlu": 31.536, "TEC_4t96f": 31.536, "TEC_gdm57": 31.536, "TEC_2qqrq": 1.0, "TEC_jyurr": 31.536, "TEC_v06ek": 31.536, "TEC_ul1tr": 31.536, "TEC_is7h2": 31.536, "TEC_wt42t": 31.536, "TEC_t6zps": 31.536, "TEC_yrbtg": 31.536, "TEC_r9im4": 31.536, "TEC_7cf4y": 31.536, "TEC_ec60u": 31.536, "TEC_szyjw": 31.536, "TEC_uwkn9": 31.536, "TEC_eqxj9": 31.536, "TEC_idbx8": 31.536, "TEC_oplc3": 31.536, "TEC_zpvr2": 31.536, "TEC_4lhq1": 31.536, "TEC_ue8if": 31.536, "TEC_mxce6": 31.536, "TEC_kbewq": 31.536, "TEC_5l3f8": 31.536, "TEC_cmfjf": 31.536, "TEC_ng76v": 31.536, "TEC_qa6dx": 31.536, "TEC_xabr1": 31.536, "TEC_aspjv": 31.536, "TEC_j1riz": 31.536, "TEC_bwag4": 31.536, "TEC_f71oi": 31.536, "TEC_08458": 31.536, "TEC_rxw7m": 31.536, "TEC_5d0hr": 31.536, "TEC_bjfl6": 31.536, "TEC_diyba": 31.536, "TEC_za6tf": 31.536, "TEC_fl58d": 31.536, "TEC_wpd05": 31.536, "TEC_ih8xf": 31.536, "TEC_izhw8": 31.536, "TEC_8ckik": 31.536, "TEC_4jjtp": 31.536, "TEC_8r654": 1.0, "TEC_cw4w7": 1.0, "TEC_0ekkz": 1.0, "TEC_7vd7j": 1.0, "TEC_e4skq": 1.0, "TEC_5pox2": 1.0, "TEC_3ift7": 1.0, "TEC_7ufu1": 1.0, "TEC_fkldh": 1.0, "TEC_pao0g": 1.0, "TEC_m6e9e": 1.0, "TEC_4zu4h": 1.0, "TEC_gg6nk": 1.0, "TEC_7l7xp": 1.0, "TEC_3f84q": 1.0, "TEC_dsoai": 1.0, "TEC_tguyc": 1.0, "TEC_bylry": 1.0, "TEC_sanjw": 31.536, "TEC_od1pp": 1.0, "TEC_7vunw": 1.0, "TEC_f0kkd": 31.536, "TEC_19wum": 0.0, "TEC_q6lph": 31.536, "TEC_9mt6t": 31.536, "TEC_1b844": 31.536, "TEC_1wqox": 31.536, "TEC_5vlj1": 0.0, "TEC_rndnp": 0.0, "TEC_26e4j": 0.0, "TEC_puthm": 0.0, "TEC_i9r36": 0.0, "TEC_v217l": 0.0, "TEC_ejbbg": 0.0, "TEC_01xe0": 0.0, "TEC_23zx9": 0.0, "TEC_xpf09": 0.0, "TEC_2e80u": 0.0, "TEC_rr53j": 0.0, "TEC_8cdom": 0.0, "TEC_2f9k1": 0.0, "TEC_14wer": 0.0, "TEC_rhg00": 0.0, "TEC_r1b4l": 0.0, "TEC_d7d44": 0.0, "TEC_y76rt": 0.0, "TEC_u90d0": 0.0, "TEC_i3n5l": 0.0, "TEC_4b184": 0.0, "TEC_r4ed6": 0.0, "TEC_zbtre": 0.0, "TEC_wr6jh": 0.0, "TEC_s00xw": 0.0, "TEC_2hp5v": 0.0, "TEC_0xzix": 0.0, "TEC_qk2fj": 0.0, "TEC_d9iec": 0.0, "TEC_nvapl": 0.0, "TEC_za6zz": 0.0, "TEC_8nq6o": 0.0, "TEC_lze12": 0.0, "TEC_657ht": 0.0, "TEC_yxotj": 0.0, "TEC_gb3qm": 0.0, "TEC_qxh59": 0.0, "TEC_nr0fk": 0.0, "TEC_cmxzj": 0.0, "TEC_imnjf": 0.0, "TEC_huxe0": 0.0, "TEC_qsba8": 0.0, "TEC_t78jz": 0.0, "TEC_s7o4c": 0.0, "TEC_cemxc": 0.0, "TEC_buf6n": 0.0, "TEC_zu19g": 0.0, "TEC_uv7c1": 0.0, "TEC_xd1c5": 0.0, "TEC_ltqev": 0.0, "TEC_uy8jl": 0.0, "TEC_ynx1i": 0.0, "TEC_wuwcx": 0.0, "TEC_qwahq": 0.0, "TEC_imuiz": 0.0, "TEC_3srky": 0.0, "TEC_tmgnu": 0.0, "TEC_y6edw": 0.0, "TEC_lhpad": 0.0, "TEC_bcurl": 0.0, "TEC_jhbh8": 0.0, "TEC_5ilzo": 0.0, "TEC_3tmgn": 0.0, "TEC_xsocu": 0.0, "TEC_iu5ky": 0.0, "TEC_lqdss": 0.0, "TEC_u8tal": 0.0, "TEC_7r4ls": 0.0, "TEC_av2ex": 0.0, "TEC_lb580": 0.0, "TEC_k6njs": 0.0, "TEC_z14x5": 0.0, "TEC_zcjog": 0.0, "TEC_9l1c9": 0.0, "TEC_ujr3n": 0.0, "TEC_oej1m": 0.0, "TEC_oupoj": 0.0, "TEC_64eg3": 0.0, "TEC_we82y": 0.0, "TEC_wvnot": 0.0, "TEC_umhjt": 0.0, "TEC_1zpua": 0.0, "TEC_0exvc": 0.0, "TEC_7gscq": 0.0}]}, "OL": {"SC_0": [{"TEC_shtey": 1, "TEC_ylr04": 1, "TEC_wfv93": 1, "TEC_ngue4": 1, "TEC_wae4j": 1, "TEC_mi9cn": 1, "TEC_bk8gl": 1, "TEC_4vnet": 1, "TEC_p232f": 35, "TEC_ylaqk": 35, "TEC_v1f6i": 1, "TEC_e38dj": 1, "TEC_er7k5": 1, "TEC_fbohj": 1, "TEC_te1xf": 1, "TEC_s6dfk": 1, "TEC_jonvs": 1, "TEC_x339t": 1, "TEC_hqm0b": 30, "TEC_pg2jb": 35, "TEC_i5dao": 1, "TEC_ae3f9": 25, "TEC_84z55": 25, "TEC_jqbic": 25, "TEC_ceulz": 30, "TEC_g4h84": 25, "TEC_hd6lv": 24, "TEC_p0h4e": 30, "TEC_cw6c4": 30, "TEC_mn4ij": 50, "TEC_vlpj8": 50, "TEC_2ab0v": 50, "TEC_4dwjp": 25, "TEC_yczc8": 25, "TEC_zeayq": 50, "TEC_q5vj0": 24, "TEC_63qi6": 25, "TEC_rc99l": 1, "TEC_fyl59": 1, "TEC_1de0h": 50, "TEC_8fz1t": 70, "TEC_gccyr": 10, "TEC_auwlu": 24, "TEC_4t96f": 50, "TEC_gdm57": 1, "TEC_2qqrq": 1, "TEC_jyurr": 50, "TEC_v06ek": 15, "TEC_ul1tr": 20, "TEC_is7h2": 20, "TEC_wt42t": 20, "TEC_t6zps": 20, "TEC_yrbtg": 15, "TEC_r9im4": 20, "TEC_7cf4y": 20, "TEC_ec60u": 20, "TEC_szyjw": 15, "TEC_uwkn9": 10, "TEC_eqxj9": 10, "TEC_idbx8": 15, "TEC_oplc3": 15, "TEC_zpvr2": 15, "TEC_4lhq1": 15, "TEC_ue8if": 20, "TEC_mxce6": 20, "TEC_kbewq": 10, "TEC_5l3f8": 10, "TEC_cmfjf": 15, "TEC_ng76v": 15, "TEC_qa6dx": 15, "TEC_xabr1": 10, "TEC_aspjv": 10, "TEC_j1riz": 10, "TEC_bwag4": 10, "TEC_f71oi": 10, "TEC_08458": 10, "TEC_rxw7m": 10, "TEC_5d0hr": 10, "TEC_bjfl6": 10, "TEC_diyba": 10, "TEC_za6tf": 15, "TEC_fl58d": 15, "TEC_wpd05": 15, "TEC_ih8xf": 20, "TEC_izhw8": 15, "TEC_8ckik": 15, "TEC_4jjtp": 15, "TEC_8r654": 1, "TEC_cw4w7": 1, "TEC_0ekkz": 1, "TEC_7vd7j": 1, "TEC_e4skq": 1, "TEC_5pox2": 1, "TEC_3ift7": 1, "TEC_7ufu1": 1, "TEC_fkldh": 1, "TEC_pao0g": 1, "TEC_m6e9e": 1, "TEC_4zu4h": 1, "TEC_gg6nk": 1, "TEC_7l7xp": 1, "TEC_3f84q": 1, "TEC_dsoai": 1, "TEC_tguyc": 1, "TEC_bylry": 1, "TEC_sanjw": 15, "TEC_od1pp": 1, "TEC_7vunw": 1, "TEC_f0kkd": 10, "TEC_19wum": 1, "TEC_q6lph": 20, "TEC_9mt6t": 20, "TEC_1b844": 15, "TEC_1wqox": 20, "TEC_5vlj1": 1, "TEC_rndnp": 1, "TEC_26e4j": 1, "TEC_puthm": 1, "TEC_i9r36": 1, "TEC_v217l": 1, "TEC_ejbbg": 1, "TEC_01xe0": 1, "TEC_23zx9": 1, "TEC_xpf09": 1, "TEC_2e80u": 1, "TEC_rr53j": 1, "TEC_8cdom": 1, "TEC_2f9k1": 1, "TEC_14wer": 1, "TEC_rhg00": 1, "TEC_r1b4l": 1, "TEC_d7d44": 1, "TEC_y76rt": 1, "TEC_u90d0": 1, "TEC_i3n5l": 1, "TEC_4b184": 1, "TEC_r4ed6": 1, "TEC_zbtre": 1, "TEC_wr6jh": 1, "TEC_s00xw": 1, "TEC_2hp5v": 1, "TEC_0xzix": 1, "TEC_qk2fj": 1, "TEC_d9iec": 1, "TEC_nvapl": 1, "TEC_za6zz": 1, "TEC_8nq6o": 1, "TEC_lze12": 1, "TEC_657ht": 1, "TEC_yxotj": 1, "TEC_gb3qm": 1, "TEC_qxh59": 1, "TEC_nr0fk": 1, "TEC_cmxzj": 1, "TEC_imnjf": 1, "TEC_huxe0": 1, "TEC_qsba8": 1, "TEC_t78jz": 1, "TEC_s7o4c": 1, "TEC_cemxc": 1, "TEC_buf6n": 1, "TEC_zu19g": 1, "TEC_uv7c1": 1, "TEC_xd1c5": 1, "TEC_ltqev": 1, "TEC_uy8jl": 1, "TEC_ynx1i": 1, "TEC_wuwcx": 1, "TEC_qwahq": 1, "TEC_imuiz": 1, "TEC_3srky": 1, "TEC_tmgnu": 1, "TEC_y6edw": 1, "TEC_lhpad": 1, "TEC_bcurl": 1, "TEC_jhbh8": 1, "TEC_5ilzo": 1, "TEC_3tmgn": 1, "TEC_xsocu": 1, "TEC_iu5ky": 1, "TEC_lqdss": 1, "TEC_u8tal": 1, "TEC_7r4ls": 1, "TEC_av2ex": 1, "TEC_lb580": 1, "TEC_k6njs": 1, "TEC_z14x5": 1, "TEC_zcjog": 1, "TEC_9l1c9": 1, "TEC_ujr3n": 1, "TEC_oej1m": 1, "TEC_oupoj": 1, "TEC_64eg3": 1, "TEC_we82y": 1, "TEC_wvnot": 1, "TEC_umhjt": 1, "TEC_1zpua": 1, "TEC_0exvc": 1, "TEC_7gscq": 1}]}, "TMPAL": {"SC_0": [{"TEC_shtey": 0, "TEC_ylr04": 0, "TEC_wfv93": 0, "TEC_ngue4": 0, "TEC_wae4j": 0, "TEC_mi9cn": 0, "TEC_bk8gl": 0, "TEC_4vnet": 0, "TEC_p232f": 0, "TEC_ylaqk": 0, "TEC_v1f6i": 0, "TEC_e38dj": 0, "TEC_er7k5": 0, "TEC_fbohj": 0, "TEC_te1xf": 0, "TEC_s6dfk": 0, "TEC_jonvs": 0, "TEC_x339t": 0, "TEC_hqm0b": 0, "TEC_pg2jb": 0, "TEC_i5dao": 0, "TEC_ae3f9": 0, "TEC_84z55": 0, "TEC_jqbic": 0, "TEC_ceulz": 0, "TEC_g4h84": 0, "TEC_hd6lv": 0, "TEC_p0h4e": 0, "TEC_cw6c4": 0, "TEC_mn4ij": 0, "TEC_vlpj8": 0, "TEC_2ab0v": 0, "TEC_4dwjp": 0, "TEC_yczc8": 0, "TEC_zeayq": 0, "TEC_q5vj0": 0, "TEC_63qi6": 0, "TEC_rc99l": 0, "TEC_fyl59": 0, "TEC_1de0h": 0, "TEC_8fz1t": 0, "TEC_gccyr": 0, "TEC_auwlu": 0, "TEC_4t96f": 0, "TEC_gdm57": 0, "TEC_2qqrq": 0, "TEC_jyurr": 0, "TEC_v06ek": 0, "TEC_ul1tr": 0, "TEC_is7h2": 0, "TEC_wt42t": 0, "TEC_t6zps": 0, "TEC_yrbtg": 0, "TEC_r9im4": 0, "TEC_7cf4y": 0, "TEC_ec60u": 0, "TEC_szyjw": 0, "TEC_uwkn9": 0, "TEC_eqxj9": 0, "TEC_idbx8": 0, "TEC_oplc3": 0, "TEC_zpvr2": 0, "TEC_4lhq1": 0, "TEC_ue8if": 0, "TEC_mxce6": 0, "TEC_kbewq": 0, "TEC_5l3f8": 0, "TEC_cmfjf": 0, "TEC_ng76v": 0, "TEC_qa6dx": 0, "TEC_xabr1": 0, "TEC_aspjv": 0, "TEC_j1riz": 0, "TEC_bwag4": 0, "TEC_f71oi": 0, "TEC_08458": 0, "TEC_rxw7m": 0, "TEC_5d0hr": 0, "TEC_bjfl6": 0, "TEC_diyba": 0, "TEC_za6tf": 0, "TEC_fl58d": 0, "TEC_wpd05": 0, "TEC_ih8xf": 0, "TEC_izhw8": 0, "TEC_8ckik": 0, "TEC_4jjtp": 0, "TEC_8r654": 0, "TEC_cw4w7": 0, "TEC_0ekkz": 0, "TEC_7vd7j": 0, "TEC_e4skq": 0, "TEC_5pox2": 0, "TEC_3ift7": 0, "TEC_7ufu1": 0, "TEC_fkldh": 0, "TEC_pao0g": 0, "TEC_m6e9e": 0, "TEC_4zu4h": 0, "TEC_gg6nk": 0, "TEC_7l7xp": 0, "TEC_3f84q": 0, "TEC_dsoai": 0, "TEC_tguyc": 0, "TEC_bylry": 0, "TEC_sanjw": 0, "TEC_od1pp": 0, "TEC_7vunw": 0, "TEC_f0kkd": 0, "TEC_19wum": 0, "TEC_q6lph": 0, "TEC_9mt6t": 0, "TEC_1b844": 0, "TEC_1wqox": 0, "TEC_5vlj1": 0, "TEC_rndnp": 0, "TEC_26e4j": 0, "TEC_puthm": 0, "TEC_i9r36": 0, "TEC_v217l": 0, "TEC_ejbbg": 0, "TEC_01xe0": 0, "TEC_23zx9": 0, "TEC_xpf09": 0, "TEC_2e80u": 0, "TEC_rr53j": 0, "TEC_8cdom": 0, "TEC_2f9k1": 0, "TEC_14wer": 0, "TEC_rhg00": 0, "TEC_r1b4l": 0, "TEC_d7d44": 0, "TEC_y76rt": 0, "TEC_u90d0": 0, "TEC_i3n5l": 0, "TEC_4b184": 0, "TEC_r4ed6": 0, "TEC_zbtre": 0, "TEC_wr6jh": 0, "TEC_s00xw": 0, "TEC_2hp5v": 0, "TEC_0xzix": 0, "TEC_qk2fj": 0, "TEC_d9iec": 0, "TEC_nvapl": 0, "TEC_za6zz": 0, "TEC_8nq6o": 0, "TEC_lze12": 0, "TEC_657ht": 0, "TEC_yxotj": 0, "TEC_gb3qm": 0, "TEC_qxh59": 0, "TEC_nr0fk": 0, "TEC_cmxzj": 0, "TEC_imnjf": 0, "TEC_huxe0": 0, "TEC_qsba8": 0, "TEC_t78jz": 0, "TEC_s7o4c": 0, "TEC_cemxc": 0, "TEC_buf6n": 0, "TEC_zu19g": 0, "TEC_uv7c1": 0, "TEC_xd1c5": 0, "TEC_ltqev": 0, "TEC_uy8jl": 0, "TEC_ynx1i": 0, "TEC_wuwcx": 0, "TEC_qwahq": 0, "TEC_imuiz": 0, "TEC_3srky": 0, "TEC_tmgnu": 0, "TEC_y6edw": 0, "TEC_lhpad": 0, "TEC_bcurl": 0, "TEC_jhbh8": 0, "TEC_5ilzo": 0, "TEC_3tmgn": 0, "TEC_xsocu": 0, "TEC_iu5ky": 0, "TEC_lqdss": 0, "TEC_u8tal": 0, "TEC_7r4ls": 0, "TEC_av2ex": 0, "TEC_lb580": 0, "TEC_k6njs": 0, "TEC_z14x5": 0, "TEC_zcjog": 0, "TEC_9l1c9": 0, "TEC_ujr3n": 0, "TEC_oej1m": 0, "TEC_oupoj": 0, "TEC_64eg3": 0, "TEC_we82y": 0, "TEC_wvnot": 0, "TEC_umhjt": 0, "TEC_1zpua": 0, "TEC_0exvc": 0, "TEC_7gscq": 0}]}, "TMPAU": {"SC_0": [{"TEC_shtey": 999999, "TEC_ylr04": 999999, "TEC_wfv93": 999999, "TEC_ngue4": 999999, "TEC_wae4j": 999999, "TEC_mi9cn": 999999, "TEC_bk8gl": 999999, "TEC_4vnet": 999999, "TEC_p232f": 999999, "TEC_ylaqk": 999999, "TEC_v1f6i": 999999, "TEC_e38dj": 999999, "TEC_er7k5": 999999, "TEC_fbohj": 999999, "TEC_te1xf": 999999, "TEC_s6dfk": 999999, "TEC_jonvs": 999999, "TEC_x339t": 999999, "TEC_hqm0b": 999999, "TEC_pg2jb": 999999, "TEC_i5dao": 999999, "TEC_ae3f9": 999999, "TEC_84z55": 999999, "TEC_jqbic": 999999, "TEC_ceulz": 999999, "TEC_g4h84": 999999, "TEC_hd6lv": 999999, "TEC_p0h4e": 999999, "TEC_cw6c4": 999999, "TEC_mn4ij": 999999, "TEC_vlpj8": 999999, "TEC_2ab0v": 999999, "TEC_4dwjp": 999999, "TEC_yczc8": 999999, "TEC_zeayq": 999999, "TEC_q5vj0": 999999, "TEC_63qi6": 999999, "TEC_rc99l": 999999, "TEC_fyl59": 999999, "TEC_1de0h": 999999, "TEC_8fz1t": 999999, "TEC_gccyr": 999999, "TEC_auwlu": 999999, "TEC_4t96f": 999999, "TEC_gdm57": 999999, "TEC_2qqrq": 999999, "TEC_jyurr": 999999, "TEC_v06ek": 999999, "TEC_ul1tr": 999999, "TEC_is7h2": 999999, "TEC_wt42t": 999999, "TEC_t6zps": 999999, "TEC_yrbtg": 999999, "TEC_r9im4": 999999, "TEC_7cf4y": 999999, "TEC_ec60u": 999999, "TEC_szyjw": 999999, "TEC_uwkn9": 999999, "TEC_eqxj9": 999999, "TEC_idbx8": 999999, "TEC_oplc3": 999999, "TEC_zpvr2": 999999, "TEC_4lhq1": 999999, "TEC_ue8if": 999999, "TEC_mxce6": 999999, "TEC_kbewq": 999999, "TEC_5l3f8": 999999, "TEC_cmfjf": 999999, "TEC_ng76v": 999999, "TEC_qa6dx": 999999, "TEC_xabr1": 999999, "TEC_aspjv": 999999, "TEC_j1riz": 999999, "TEC_bwag4": 999999, "TEC_f71oi": 999999, "TEC_08458": 999999, "TEC_rxw7m": 999999, "TEC_5d0hr": 999999, "TEC_bjfl6": 999999, "TEC_diyba": 999999, "TEC_za6tf": 999999, "TEC_fl58d": 999999, "TEC_wpd05": 999999, "TEC_ih8xf": 999999, "TEC_izhw8": 999999, "TEC_8ckik": 999999, "TEC_4jjtp": 999999, "TEC_8r654": 999999, "TEC_cw4w7": 999999, "TEC_0ekkz": 999999, "TEC_7vd7j": 999999, "TEC_e4skq": 999999, "TEC_5pox2": 999999, "TEC_3ift7": 999999, "TEC_7ufu1": 999999, "TEC_fkldh": 999999, "TEC_pao0g": 999999, "TEC_m6e9e": 999999, "TEC_4zu4h": 999999, "TEC_gg6nk": 999999, "TEC_7l7xp": 999999, "TEC_3f84q": 999999, "TEC_dsoai": 999999, "TEC_tguyc": 999999, "TEC_bylry": 999999, "TEC_sanjw": 999999, "TEC_od1pp": 999999, "TEC_7vunw": 999999, "TEC_f0kkd": 999999, "TEC_19wum": 999999, "TEC_q6lph": 999999, "TEC_9mt6t": 999999, "TEC_1b844": 999999, "TEC_1wqox": 999999, "TEC_5vlj1": 999999, "TEC_rndnp": 999999, "TEC_26e4j": 999999, "TEC_puthm": 999999, "TEC_i9r36": 999999, "TEC_v217l": 999999, "TEC_ejbbg": 999999, "TEC_01xe0": 999999, "TEC_23zx9": 999999, "TEC_xpf09": 999999, "TEC_2e80u": 999999, "TEC_rr53j": 999999, "TEC_8cdom": 999999, "TEC_2f9k1": 999999, "TEC_14wer": 999999, "TEC_rhg00": 999999, "TEC_r1b4l": 999999, "TEC_d7d44": 999999, "TEC_y76rt": 999999, "TEC_u90d0": 999999, "TEC_i3n5l": 999999, "TEC_4b184": 999999, "TEC_r4ed6": 999999, "TEC_zbtre": 999999, "TEC_wr6jh": 999999, "TEC_s00xw": 999999, "TEC_2hp5v": 999999, "TEC_0xzix": 999999, "TEC_qk2fj": 999999, "TEC_d9iec": 999999, "TEC_nvapl": 999999, "TEC_za6zz": 999999, "TEC_8nq6o": 999999, "TEC_lze12": 999999, "TEC_657ht": 999999, "TEC_yxotj": 999999, "TEC_gb3qm": 999999, "TEC_qxh59": 999999, "TEC_nr0fk": 999999, "TEC_cmxzj": 999999, "TEC_imnjf": 999999, "TEC_huxe0": 999999, "TEC_qsba8": 999999, "TEC_t78jz": 999999, "TEC_s7o4c": 999999, "TEC_cemxc": 999999, "TEC_buf6n": 999999, "TEC_zu19g": 999999, "TEC_uv7c1": 999999, "TEC_xd1c5": 999999, "TEC_ltqev": 999999, "TEC_uy8jl": 999999, "TEC_ynx1i": 999999, "TEC_wuwcx": 999999, "TEC_qwahq": 999999, "TEC_imuiz": 999999, "TEC_3srky": 999999, "TEC_tmgnu": 999999, "TEC_y6edw": 999999, "TEC_lhpad": 999999, "TEC_bcurl": 999999, "TEC_jhbh8": 999999, "TEC_5ilzo": 999999, "TEC_3tmgn": 999999, "TEC_xsocu": 999999, "TEC_iu5ky": 999999, "TEC_lqdss": 999999, "TEC_u8tal": 999999, "TEC_7r4ls": 999999, "TEC_av2ex": 999999, "TEC_lb580": 999999, "TEC_k6njs": 999999, "TEC_z14x5": 999999, "TEC_zcjog": 999999, "TEC_9l1c9": 999999, "TEC_ujr3n": 999999, "TEC_oej1m": 999999, "TEC_oupoj": 999999, "TEC_64eg3": 999999, "TEC_we82y": 999999, "TEC_wvnot": 999999, "TEC_umhjt": 999999, "TEC_1zpua": 999999, "TEC_0exvc": 999999, "TEC_7gscq": 999999}]}}