{"TTMPA": {"Reference": [{"DEMAGRHEABIO": 14.3673, "DEMAGRHEAGSL": 3.4169, "DEMAGRIRRELC": 91.2688, "DEMAGRMACGSL": 3.1109, "DEMCOMAPPELC": 256.6232, "DEMCOMOTHELC": 45.9613, "DEMCOMOTHGSL": 9.8934, "DEMCOPHEACOA": 114.7423, "DEMCOPHEAELC": 28.7306, "DEMCOPHEAGSL": 30.9222, "DEMCOPMOTELC": 1964.9889, "DEMCOPVEHGSL": 107.8378, "DEMINDHEABIO": 1177.4547, "DEMINDHEACOA": 501.6982, "DEMINDHEAELC": 21.589, "DEMINDHEAHFO": 15.8353, "DEMINDMOTELC": 130.4683, "DEMRESCOOELC": 571.9691, "DEMRESHCKBGS": 1.8997, "DEMRESHCKBIO": 1230.1064, "DEMRESHCKELC": 113.0391, "DEMRESHCKLPG": 39.0842, "DEMRESLIGELC": 446.7474, "DEMTRABUSELC": 1.6013, "DEMTRABUSGSL": 7.6457, "DEMTRACARELC": 3.8439, "DEMTRACARGSL": 250.8073, "DEMTRAEVC": 30.9077, "DEMTRAFREELC": 11.3466, "DEMTRAFREGSL": 72.2814, "DEMTRAMCYELC": 11.0529, "DEMTRAMCYGSL": 5.0374, "DEMTRAOTHGSL": 31.9019, "IMPBGS": 10.5432, "IMPBIO": 5054.6297, "IMPCOA": 893.8157, "IMPGSL": 2616.9473, "IMPHFO": 63.7676, "IMPLPG": 71.055, "MINBIO": 7555.0517, "MINCOA": 929.7313, "MINGEO": 426.3273, "MINHYD": 3164.1704, "MINSOL": 914.6886, "MINWND": 153.4694, "PWRBIO001": 283.3402, "PWRCOA001": 93.7147, "PWRDIST": 3711.3451, "PWRGEO": 341.0618, "PWRHYD001": 1864.5708, "PWRHYD002": 1299.5995, "PWROHC002": 8.4544, "PWRSOL001": 914.6886, "PWRTRN": 3999.1178, "PWRTRNEXP": 678.865, "PWRTRNIMP": 29.172, "PWRWND001": 153.4694}]}}