{"osy-version": "4.5", "osy-casename": "OSeMOSYS-Zambia WESM", "osy-desc": "", "osy-date": "02/02/2024", "osy-currency": "USD", "osy-ns": "3", "osy-dt": "8", "osy-mo": "1", "osy-tech": [{"TechId": "TEC_56x0w", "Tech": "BACKSTOP", "Desc": "Backstop", "CapUnitId": "GW", "ActUnitId": "PJ", "IAR": [], "OAR": ["COM_gw957"], "EAR": [], "INCR": [], "ITCR": [], "TG": []}, {"TechId": "TEC_nssqv", "Tech": "DEMAGRHEABIO", "Desc": "Agriculture biomass heat plant", "CapUnitId": "GW", "ActUnitId": "PJ", "IAR": ["COM_3wve7"], "OAR": ["COM_ml767"], "EAR": [], "INCR": [], "ITCR": [], "TG": ["TG_gk1df"]}, {"TechId": "TEC_x7hqr", "Tech": "DEMAGRHEAELC", "Desc": "Agriculture electric heat plant", "CapUnitId": "GW", "ActUnitId": "PJ", "IAR": ["COM_gw957"], "OAR": ["COM_ml767"], "EAR": [], "INCR": [], "ITCR": [], "TG": ["TG_gk1df"]}, {"TechId": "TEC_x2zuo", "Tech": "DEMAGRHEAGSL", "Desc": "Agriculture gasoline heat plant", "CapUnitId": "GW", "ActUnitId": "PJ", "IAR": ["COM_7feqx"], "OAR": ["COM_ml767"], "EAR": [], "INCR": [], "ITCR": [], "TG": ["TG_gk1df"]}, {"TechId": "TEC_wvqxi", "Tech": "DEMAGRIRRELC", "Desc": "Agriculture electric irrigation pump", "CapUnitId": "GW", "ActUnitId": "PJ", "IAR": ["COM_gw957"], "OAR": ["COM_s9yd3"], "EAR": [], "INCR": [], "ITCR": [], "TG": ["TG_gk1df"]}, {"TechId": "TEC_kjmau", "Tech": "DEMAGRMACGSL", "Desc": "Agriculture gasoline irrigation pump", "CapUnitId": "GW", "ActUnitId": "PJ", "IAR": ["COM_7feqx"], "OAR": ["COM_z1ri7"], "EAR": [], "INCR": [], "ITCR": [], "TG": ["TG_gk1df"]}, {"TechId": "TEC_uu57b", "Tech": "DEMCOMAPPELC", "Desc": "Non-domestic electric appliances", "CapUnitId": "GW", "ActUnitId": "PJ", "IAR": ["COM_gw957"], "OAR": ["COM_g75r0"], "EAR": [], "INCR": [], "ITCR": [], "TG": ["TG_3abp9"]}, {"TechId": "TEC_krz4j", "Tech": "DEMCOMAPPELCE", "Desc": "Non-domestic electric appliances - efficient", "CapUnitId": "GW", "ActUnitId": "PJ", "IAR": ["COM_gw957"], "OAR": ["COM_g75r0"], "EAR": [], "INCR": [], "ITCR": [], "TG": ["TG_3abp9"]}, {"TechId": "TEC_j86qc", "Tech": "DEMCOMOTHELC", "Desc": "Non-domestic electric other technologies", "CapUnitId": "GW", "ActUnitId": "PJ", "IAR": ["COM_gw957"], "OAR": ["COM_rcx9b"], "EAR": [], "INCR": [], "ITCR": [], "TG": ["TG_3abp9"]}, {"TechId": "TEC_2g2yt", "Tech": "DEMCOMOTHGSL", "Desc": "Non-domestic gasoline other technologies", "CapUnitId": "GW", "ActUnitId": "PJ", "IAR": ["COM_7feqx"], "OAR": ["COM_rcx9b"], "EAR": [], "INCR": [], "ITCR": [], "TG": ["TG_3abp9"]}, {"TechId": "TEC_r9mci", "Tech": "DEMCOPHEACOA", "Desc": "Mining coal-based heat plant", "CapUnitId": "GW", "ActUnitId": "PJ", "IAR": ["COM_kfja2"], "OAR": ["COM_j224f"], "EAR": [], "INCR": [], "ITCR": [], "TG": ["TG_gx0gk"]}, {"TechId": "TEC_0og82", "Tech": "DEMCOPHEAELC", "Desc": "Mining electric heat plant", "CapUnitId": "GW", "ActUnitId": "PJ", "IAR": ["COM_gw957"], "OAR": ["COM_j224f"], "EAR": [], "INCR": [], "ITCR": [], "TG": ["TG_gx0gk"]}, {"TechId": "TEC_5y450", "Tech": "DEMCOPHEAGSL", "Desc": "Mining gasoline heat plant", "CapUnitId": "GW", "ActUnitId": "PJ", "IAR": ["COM_7feqx"], "OAR": ["COM_j224f"], "EAR": [], "INCR": [], "ITCR": [], "TG": ["TG_gx0gk"]}, {"TechId": "TEC_z6kyl", "Tech": "DEMCOPHEAHFO", "Desc": "Mining HFO heat plant", "CapUnitId": "GW", "ActUnitId": "PJ", "IAR": ["COM_kxenb"], "OAR": ["COM_j224f"], "EAR": [], "INCR": [], "ITCR": [], "TG": ["TG_gx0gk"]}, {"TechId": "TEC_qaeyu", "Tech": "DEMCOPMOTELC", "Desc": "Mining electric motor", "CapUnitId": "GW", "ActUnitId": "PJ", "IAR": ["COM_gw957"], "OAR": ["COM_au95b"], "EAR": [], "INCR": [], "ITCR": [], "TG": ["TG_gx0gk"]}, {"TechId": "TEC_wi5r4", "Tech": "DEMCOPMOTELCE", "Desc": "Mining electric motor - efficient", "CapUnitId": "GW", "ActUnitId": "PJ", "IAR": ["COM_gw957"], "OAR": ["COM_au95b"], "EAR": [], "INCR": [], "ITCR": [], "TG": ["TG_gx0gk"]}, {"TechId": "TEC_z2r0j", "Tech": "DEMCOPVEHELC", "Desc": "Mining electric vehicle", "CapUnitId": "GW", "ActUnitId": "PJ", "IAR": ["COM_gw957"], "OAR": ["COM_cqq97"], "EAR": [], "INCR": [], "ITCR": [], "TG": ["TG_gx0gk"]}, {"TechId": "TEC_8rm0c", "Tech": "DEMCOPVEHGSL", "Desc": "Mining gasoline vehicle", "CapUnitId": "GW", "ActUnitId": "PJ", "IAR": ["COM_7feqx"], "OAR": ["COM_cqq97"], "EAR": [], "INCR": [], "ITCR": [], "TG": ["TG_gx0gk"]}, {"TechId": "TEC_zx2qq", "Tech": "DEMINDHEABIO", "Desc": "Other industry biomass heat plant", "CapUnitId": "GW", "ActUnitId": "PJ", "IAR": ["COM_3wve7"], "OAR": ["COM_ev57q"], "EAR": [], "INCR": [], "ITCR": [], "TG": ["TG_1vwwi"]}, {"TechId": "TEC_u54tg", "Tech": "DEMINDHEACOA", "Desc": "Other industry coal-based heat plant", "CapUnitId": "GW", "ActUnitId": "PJ", "IAR": ["COM_kfja2"], "OAR": ["COM_ev57q"], "EAR": [], "INCR": [], "ITCR": [], "TG": ["TG_1vwwi"]}, {"TechId": "TEC_wnyud", "Tech": "DEMINDHEAELC", "Desc": "Other industry electric heat plant", "CapUnitId": "GW", "ActUnitId": "PJ", "IAR": ["COM_gw957"], "OAR": ["COM_ev57q"], "EAR": [], "INCR": [], "ITCR": [], "TG": ["TG_1vwwi"]}, {"TechId": "TEC_79k2k", "Tech": "DEMINDHEAHFO", "Desc": "Other industry HFO heat plant", "CapUnitId": "GW", "ActUnitId": "PJ", "IAR": ["COM_kxenb"], "OAR": ["COM_ev57q"], "EAR": [], "INCR": [], "ITCR": [], "TG": ["TG_1vwwi"]}, {"TechId": "TEC_nbfme", "Tech": "DEMINDMOTELC", "Desc": "Other industry electric motor", "CapUnitId": "GW", "ActUnitId": "PJ", "IAR": ["COM_gw957"], "OAR": ["COM_g8yzv"], "EAR": [], "INCR": [], "ITCR": [], "TG": ["TG_1vwwi"]}, {"TechId": "TEC_5o3dz", "Tech": "DEMINDMOTELCE", "Desc": "Other industry electric motor - efficient", "CapUnitId": "GW", "ActUnitId": "PJ", "IAR": ["COM_gw957"], "OAR": ["COM_g8yzv"], "EAR": [], "INCR": [], "ITCR": [], "TG": ["TG_1vwwi"]}, {"TechId": "TEC_i4mdo", "Tech": "DEMRESCOOELC", "Desc": "Residential electric appliances", "CapUnitId": "GW", "ActUnitId": "PJ", "IAR": ["COM_gw957"], "OAR": ["COM_rv7eu"], "EAR": [], "INCR": [], "ITCR": [], "TG": ["TG_tbn7i"]}, {"TechId": "TEC_hypux", "Tech": "DEMRESCOOELCE", "Desc": "Residential electric appliances - efficient", "CapUnitId": "GW", "ActUnitId": "PJ", "IAR": ["COM_gw957"], "OAR": ["COM_rv7eu"], "EAR": [], "INCR": [], "ITCR": [], "TG": ["TG_tbn7i"]}, {"TechId": "TEC_n06e7", "Tech": "DEMRESHCKBGS", "Desc": "Residential biogas stove", "CapUnitId": "GW", "ActUnitId": "PJ", "IAR": ["COM_3i8ul"], "OAR": ["COM_eilx7"], "EAR": [], "INCR": [], "ITCR": [], "TG": ["TG_tbn7i", "TG_9p83j"]}, {"TechId": "TEC_ac4vb", "Tech": "DEMRESHCKBIO", "Desc": "Residential biomass stove", "CapUnitId": "GW", "ActUnitId": "PJ", "IAR": ["COM_3wve7"], "OAR": ["COM_eilx7"], "EAR": [], "INCR": [], "ITCR": [], "TG": ["TG_tbn7i", "TG_9p83j"]}, {"TechId": "TEC_gfqzs", "Tech": "DEMRESHCKELC", "Desc": "Residential electric stove", "CapUnitId": "GW", "ActUnitId": "PJ", "IAR": ["COM_gw957"], "OAR": ["COM_eilx7"], "EAR": [], "INCR": [], "ITCR": [], "TG": ["TG_tbn7i", "TG_9p83j"]}, {"TechId": "TEC_ztl82", "Tech": "DEMRESHCKGSL", "Desc": "Residential gasoline stove", "CapUnitId": "GW", "ActUnitId": "PJ", "IAR": ["COM_7feqx"], "OAR": ["COM_eilx7"], "EAR": [], "INCR": [], "ITCR": [], "TG": ["TG_tbn7i", "TG_9p83j"]}, {"TechId": "TEC_bvcn3", "Tech": "DEMRESHCKLPG", "Desc": "Residential LPG stove", "CapUnitId": "GW", "ActUnitId": "PJ", "IAR": ["COM_rblz4"], "OAR": ["COM_eilx7"], "EAR": [], "INCR": [], "ITCR": [], "TG": ["TG_tbn7i", "TG_9p83j"]}, {"TechId": "TEC_6v8lh", "Tech": "DEMRESLIGELC", "Desc": "Residential electric lighting", "CapUnitId": "GW", "ActUnitId": "PJ", "IAR": ["COM_gw957"], "OAR": ["COM_0dr3q"], "EAR": [], "INCR": [], "ITCR": [], "TG": ["TG_tbn7i"]}, {"TechId": "TEC_ye1o9", "Tech": "DEMRESLIGELCE", "Desc": "Residential electric lighting - efficient", "CapUnitId": "GW", "ActUnitId": "PJ", "IAR": ["COM_gw957"], "OAR": ["COM_0dr3q"], "EAR": [], "INCR": [], "ITCR": [], "TG": ["TG_tbn7i"]}, {"TechId": "TEC_02dw0", "Tech": "DEMTRABUSBFT", "Desc": "Biofuel bus", "CapUnitId": "GW", "ActUnitId": "PJ", "IAR": ["COM_mpubk"], "OAR": ["COM_cmo7x"], "EAR": [], "INCR": [], "ITCR": [], "TG": ["TG_iq0kl"]}, {"TechId": "TEC_rthwj", "Tech": "DEMTRABUSELC", "Desc": "Battery electric bus", "CapUnitId": "GW", "ActUnitId": "PJ", "IAR": ["COM_ptamm"], "OAR": ["COM_cmo7x"], "EAR": [], "INCR": [], "ITCR": [], "TG": ["TG_iq0kl"]}, {"TechId": "TEC_os2ax", "Tech": "DEMTRABUSGSL", "Desc": "Gasoline bus", "CapUnitId": "GW", "ActUnitId": "PJ", "IAR": ["COM_7feqx"], "OAR": ["COM_cmo7x"], "EAR": [], "INCR": [], "ITCR": [], "TG": ["TG_iq0kl"]}, {"TechId": "TEC_ld932", "Tech": "DEMTRACARBFT", "Desc": "Biofuel car", "CapUnitId": "GW", "ActUnitId": "PJ", "IAR": ["COM_mpubk"], "OAR": ["COM_vw5sz"], "EAR": [], "INCR": [], "ITCR": [], "TG": ["TG_iq0kl"]}, {"TechId": "TEC_0feuv", "Tech": "DEMTRACARELC", "Desc": "Battery electric car", "CapUnitId": "GW", "ActUnitId": "PJ", "IAR": ["COM_ptamm"], "OAR": ["COM_vw5sz"], "EAR": [], "INCR": [], "ITCR": [], "TG": ["TG_iq0kl"]}, {"TechId": "TEC_9upw8", "Tech": "DEMTRACARGSL", "Desc": "Gasoline car", "CapUnitId": "GW", "ActUnitId": "PJ", "IAR": ["COM_7feqx"], "OAR": ["COM_vw5sz"], "EAR": [], "INCR": [], "ITCR": [], "TG": ["TG_iq0kl"]}, {"TechId": "TEC_0gf7d", "Tech": "DEMTRAEVC", "Desc": "Electric vehicle charger", "CapUnitId": "GW", "ActUnitId": "PJ", "IAR": ["COM_gw957"], "OAR": ["COM_ptamm"], "EAR": [], "INCR": [], "ITCR": [], "TG": ["TG_iq0kl"]}, {"TechId": "TEC_kjz88", "Tech": "DEMTRAFREBFT", "Desc": "Biofuel freight vehicle", "CapUnitId": "GW", "ActUnitId": "PJ", "IAR": ["COM_mpubk"], "OAR": ["COM_r5wrk"], "EAR": [], "INCR": [], "ITCR": [], "TG": ["TG_iq0kl"]}, {"TechId": "TEC_0no4f", "Tech": "DEMTRAFREELC", "Desc": "Battery electric freight vehicle", "CapUnitId": "GW", "ActUnitId": "PJ", "IAR": ["COM_ptamm"], "OAR": ["COM_r5wrk"], "EAR": [], "INCR": [], "ITCR": [], "TG": ["TG_iq0kl"]}, {"TechId": "TEC_llb59", "Tech": "DEMTRAFREGSL", "Desc": "Gasoline freight vehicle", "CapUnitId": "GW", "ActUnitId": "PJ", "IAR": ["COM_7feqx"], "OAR": ["COM_r5wrk"], "EAR": [], "INCR": [], "ITCR": [], "TG": ["TG_iq0kl"]}, {"TechId": "TEC_xj9xy", "Tech": "DEMTRAMCYBFT", "Desc": "Biofuel motorcycle", "CapUnitId": "GW", "ActUnitId": "PJ", "IAR": ["COM_mpubk"], "OAR": ["COM_wdjo8"], "EAR": [], "INCR": [], "ITCR": [], "TG": ["TG_iq0kl"]}, {"TechId": "TEC_tdwqd", "Tech": "DEMTRAMCYELC", "Desc": "Battery electric motorcycle", "CapUnitId": "GW", "ActUnitId": "PJ", "IAR": ["COM_ptamm"], "OAR": ["COM_wdjo8"], "EAR": [], "INCR": [], "ITCR": [], "TG": ["TG_iq0kl"]}, {"TechId": "TEC_n8qjg", "Tech": "DEMTRAMCYGSL", "Desc": "Gasoline motorcycle", "CapUnitId": "GW", "ActUnitId": "PJ", "IAR": ["COM_7feqx"], "OAR": ["COM_wdjo8"], "EAR": [], "INCR": [], "ITCR": [], "TG": ["TG_iq0kl"]}, {"TechId": "TEC_rgsw8", "Tech": "DEMTRAOTHELC", "Desc": "Battery electric other vehicle", "CapUnitId": "GW", "ActUnitId": "PJ", "IAR": ["COM_ptamm"], "OAR": ["COM_ucgkm"], "EAR": [], "INCR": [], "ITCR": [], "TG": ["TG_iq0kl"]}, {"TechId": "TEC_o1jld", "Tech": "DEMTRAOTHGSL", "Desc": "Gasoline other vehicle", "CapUnitId": "GW", "ActUnitId": "PJ", "IAR": ["COM_7feqx"], "OAR": ["COM_ucgkm"], "EAR": [], "INCR": [], "ITCR": [], "TG": ["TG_iq0kl"]}, {"TechId": "TEC_bmhkm", "Tech": "IMPBFT", "Desc": "Import - Biofuel", "CapUnitId": "GW", "ActUnitId": "PJ", "IAR": [], "OAR": ["COM_mpubk"], "EAR": ["EMI_ovyp6"], "INCR": [], "ITCR": [], "TG": ["TG_glrkw"]}, {"TechId": "TEC_2hghc", "Tech": "MINBGS", "Desc": "Extraction- Biogas", "CapUnitId": "GW", "ActUnitId": "PJ", "IAR": [], "OAR": ["COM_3i8ul"], "EAR": ["EMI_ovyp6"], "INCR": [], "ITCR": [], "TG": ["TG_q5ira"]}, {"TechId": "TEC_s6v3z", "Tech": "IMPBIO", "Desc": "Import - Biomass", "CapUnitId": "PJa", "ActUnitId": "PJ", "IAR": [], "OAR": ["COM_3wve7"], "EAR": ["EMI_ovyp6"], "INCR": [], "ITCR": [], "TG": ["TG_glrkw"]}, {"TechId": "TEC_4t3es", "Tech": "IMPCOA", "Desc": "Import - Coal", "CapUnitId": "PJa", "ActUnitId": "PJ", "IAR": [], "OAR": ["COM_kfja2"], "EAR": ["EMI_ovyp6"], "INCR": [], "ITCR": [], "TG": ["TG_glrkw"]}, {"TechId": "TEC_45rrx", "Tech": "IMPGSL", "Desc": "Import - Gasoline", "CapUnitId": "PJa", "ActUnitId": "PJ", "IAR": [], "OAR": ["COM_7feqx"], "EAR": ["EMI_ovyp6"], "INCR": [], "ITCR": [], "TG": ["TG_glrkw"]}, {"TechId": "TEC_zfici", "Tech": "IMPHFO", "Desc": "Import - Heavy Fuel Oil", "CapUnitId": "PJa", "ActUnitId": "PJ", "IAR": [], "OAR": ["COM_kxenb"], "EAR": ["EMI_ovyp6"], "INCR": [], "ITCR": [], "TG": ["TG_glrkw"]}, {"TechId": "TEC_jegqd", "Tech": "IMPLPG", "Desc": "Import - LPG", "CapUnitId": "GW", "ActUnitId": "PJ", "IAR": [], "OAR": ["COM_rblz4"], "EAR": ["EMI_ovyp6"], "INCR": [], "ITCR": [], "TG": ["TG_glrkw"]}, {"TechId": "TEC_3tqeb", "Tech": "IMPNGS", "Desc": "Import - Natural gas", "CapUnitId": "PJa", "ActUnitId": "PJ", "IAR": [], "OAR": ["COM_9rhev"], "EAR": ["EMI_ovyp6"], "INCR": [], "ITCR": [], "TG": ["TG_glrkw"]}, {"TechId": "TEC_iwico", "Tech": "IMPOIL", "Desc": "Import - Oil", "CapUnitId": "PJa", "ActUnitId": "PJ", "IAR": [], "OAR": ["COM_vpaya"], "EAR": ["EMI_ovyp6"], "INCR": [], "ITCR": [], "TG": ["TG_glrkw"]}, {"TechId": "TEC_d2zm9", "Tech": "IMPURN", "Desc": "Import - Uranium", "CapUnitId": "PJa", "ActUnitId": "PJ", "IAR": [], "OAR": ["COM_bnvu3"], "EAR": [], "INCR": [], "ITCR": [], "TG": ["TG_glrkw"]}, {"TechId": "TEC_ixo20", "Tech": "MINBIO", "Desc": "Extraction - Biomass", "CapUnitId": "PJa", "ActUnitId": "PJ", "IAR": [], "OAR": ["COM_3wve7"], "EAR": ["EMI_ovyp6"], "INCR": [], "ITCR": [], "TG": ["TG_q5ira"]}, {"TechId": "TEC_5ysg3", "Tech": "MINCOA", "Desc": "Extraction - Coal", "CapUnitId": "PJa", "ActUnitId": "PJ", "IAR": [], "OAR": ["COM_kfja2"], "EAR": ["EMI_ovyp6"], "INCR": [], "ITCR": [], "TG": ["TG_q5ira"]}, {"TechId": "TEC_fny94", "Tech": "MINGEO", "Desc": "Extraciton - Geothermal", "CapUnitId": "PJa", "ActUnitId": "PJ", "IAR": [], "OAR": ["COM_hudyu"], "EAR": [], "INCR": [], "ITCR": [], "TG": ["TG_q5ira"]}, {"TechId": "TEC_p213x", "Tech": "MINHYD", "Desc": "Extraction - Hydro", "CapUnitId": "PJa", "ActUnitId": "PJ", "IAR": [], "OAR": ["COM_d8mfc"], "EAR": [], "INCR": [], "ITCR": [], "TG": ["TG_q5ira"]}, {"TechId": "TEC_i9522", "Tech": "MINNGS", "Desc": "Extraction - Natural gas", "CapUnitId": "PJa", "ActUnitId": "PJ", "IAR": [], "OAR": ["COM_9rhev"], "EAR": ["EMI_ovyp6"], "INCR": [], "ITCR": [], "TG": ["TG_q5ira"]}, {"TechId": "TEC_xd40a", "Tech": "MINOIL", "Desc": "Extraction - Oil", "CapUnitId": "PJa", "ActUnitId": "PJ", "IAR": [], "OAR": ["COM_vpaya"], "EAR": ["EMI_ovyp6"], "INCR": [], "ITCR": [], "TG": ["TG_q5ira"]}, {"TechId": "TEC_irtj7", "Tech": "MINSOL", "Desc": "Extraction - Solar", "CapUnitId": "PJa", "ActUnitId": "PJ", "IAR": [], "OAR": ["COM_ajhgy"], "EAR": [], "INCR": [], "ITCR": [], "TG": ["TG_q5ira"]}, {"TechId": "TEC_jp06k", "Tech": "MINURN", "Desc": "Extraction - Uranium", "CapUnitId": "PJa", "ActUnitId": "PJ", "IAR": [], "OAR": ["COM_bnvu3"], "EAR": [], "INCR": [], "ITCR": [], "TG": ["TG_q5ira"]}, {"TechId": "TEC_yifea", "Tech": "MINWND", "Desc": "Extraction - Wind", "CapUnitId": "PJa", "ActUnitId": "PJ", "IAR": [], "OAR": ["COM_shxj3"], "EAR": [], "INCR": [], "ITCR": [], "TG": ["TG_q5ira"]}, {"TechId": "TEC_9zyc9", "Tech": "PWRBIO001", "Desc": "Biomass Power Plant", "CapUnitId": "GW", "ActUnitId": "PJ", "IAR": ["COM_3wve7"], "OAR": ["COM_5wbj7"], "EAR": [], "INCR": [], "ITCR": [], "TG": ["TG_vcaex", "TG_n77et"]}, {"TechId": "TEC_1js5c", "Tech": "PWRCOA001", "Desc": "Coal Power Plant", "CapUnitId": "GW", "ActUnitId": "PJ", "IAR": ["COM_kfja2"], "OAR": ["COM_5wbj7"], "EAR": [], "INCR": [], "ITCR": [], "TG": ["TG_vcaex"]}, {"TechId": "TEC_bccck", "Tech": "PWRCSP001", "Desc": "CSP without Storage", "CapUnitId": "GW", "ActUnitId": "PJ", "IAR": ["COM_ajhgy"], "OAR": ["COM_5wbj7"], "EAR": [], "INCR": [], "ITCR": [], "TG": ["TG_vcaex", "TG_n77et"]}, {"TechId": "TEC_s87ea", "Tech": "PWRCSP002", "Desc": "CSP with Storage", "CapUnitId": "GW", "ActUnitId": "PJ", "IAR": ["COM_ajhgy"], "OAR": ["COM_5wbj7"], "EAR": [], "INCR": [], "ITCR": [], "TG": ["TG_vcaex", "TG_n77et"]}, {"TechId": "TEC_2v25p", "Tech": "PWRDIST", "Desc": "Electricity Distribution", "CapUnitId": "GW", "ActUnitId": "PJ", "IAR": ["COM_wgqx7"], "OAR": ["COM_gw957"], "EAR": [], "INCR": [], "ITCR": [], "TG": []}, {"TechId": "TEC_4jayo", "Tech": "PWRGEO", "Desc": "Geothermal Power Plant", "CapUnitId": "GW", "ActUnitId": "PJ", "IAR": ["COM_hudyu"], "OAR": ["COM_5wbj7"], "EAR": [], "INCR": [], "ITCR": [], "TG": ["TG_vcaex", "TG_n77et"]}, {"TechId": "TEC_3b8m0", "Tech": "PWRHYD001", "Desc": "Large Hydropower Plant (Dam) (>100MW)", "CapUnitId": "GW", "ActUnitId": "PJ", "IAR": ["COM_d8mfc"], "OAR": ["COM_5wbj7"], "EAR": [], "INCR": [], "ITCR": [], "TG": ["TG_vcaex", "TG_n77et"]}, {"TechId": "TEC_hv0of", "Tech": "PWRHYD002", "Desc": "Medium Hydropower Plant (10-100MW)", "CapUnitId": "GW", "ActUnitId": "PJ", "IAR": ["COM_d8mfc"], "OAR": ["COM_5wbj7"], "EAR": [], "INCR": [], "ITCR": [], "TG": ["TG_vcaex", "TG_n77et"]}, {"TechId": "TEC_bbws1", "Tech": "PWRHYD003", "Desc": "Small Hydropower Plant (<10MW)", "CapUnitId": "GW", "ActUnitId": "PJ", "IAR": ["COM_d8mfc"], "OAR": ["COM_5wbj7"], "EAR": [], "INCR": [], "ITCR": [], "TG": ["TG_vcaex", "TG_n77et"]}, {"TechId": "TEC_85h1s", "Tech": "PWRHYD004", "Desc": "Off-grid Hydropower", "CapUnitId": "GW", "ActUnitId": "PJ", "IAR": ["COM_d8mfc"], "OAR": ["COM_i9jun"], "EAR": [], "INCR": [], "ITCR": [], "TG": ["TG_vcaex", "TG_n77et"]}, {"TechId": "TEC_eshui", "Tech": "PWRNGS001", "Desc": "Gas Power Plant (CCGT)", "CapUnitId": "GW", "ActUnitId": "PJ", "IAR": ["COM_9rhev"], "OAR": ["COM_5wbj7"], "EAR": [], "INCR": [], "ITCR": [], "TG": ["TG_vcaex"]}, {"TechId": "TEC_nniet", "Tech": "PWRNGS002", "Desc": "Gas Power Plant (SCGT)", "CapUnitId": "GW", "ActUnitId": "PJ", "IAR": ["COM_9rhev"], "OAR": ["COM_5wbj7"], "EAR": [], "INCR": [], "ITCR": [], "TG": ["TG_vcaex"]}, {"TechId": "TEC_nfapy", "Tech": "PWRNUC", "Desc": "Nuclear Power Plant", "CapUnitId": "GW", "ActUnitId": "PJ", "IAR": ["COM_bnvu3"], "OAR": ["COM_5wbj7"], "EAR": [], "INCR": [], "ITCR": [], "TG": ["TG_vcaex"]}, {"TechId": "TEC_uji4u", "Tech": "PWROHC001", "Desc": "Light Fuel Oil Power Plant", "CapUnitId": "GW", "ActUnitId": "PJ", "IAR": ["COM_7feqx"], "OAR": ["COM_i9jun"], "EAR": [], "INCR": [], "ITCR": [], "TG": ["TG_vcaex"]}, {"TechId": "TEC_rxxf7", "Tech": "PWROHC002", "Desc": "Oil Fired Gas Turbine (SCGT)", "CapUnitId": "GW", "ActUnitId": "PJ", "IAR": ["COM_kxenb"], "OAR": ["COM_5wbj7"], "EAR": [], "INCR": [], "ITCR": [], "TG": ["TG_vcaex"]}, {"TechId": "TEC_at50r", "Tech": "PWROHC003", "Desc": "Diesel power plant Copperbelt", "CapUnitId": "GW", "ActUnitId": "PJ", "IAR": ["COM_7feqx"], "OAR": ["COM_5wbj7"], "EAR": [], "INCR": [], "ITCR": [], "TG": ["TG_vcaex"]}, {"TechId": "TEC_9btr5", "Tech": "PWROHC004", "Desc": "Light Fuel Oil Standalone Generator (1kW)", "CapUnitId": "GW", "ActUnitId": "PJ", "IAR": ["COM_7feqx"], "OAR": ["COM_gw957"], "EAR": [], "INCR": [], "ITCR": [], "TG": ["TG_vcaex"]}, {"TechId": "TEC_p7sas", "Tech": "PWRSOL001", "Desc": "Solar PV (Utility)", "CapUnitId": "GW", "ActUnitId": "PJ", "IAR": ["COM_ajhgy"], "OAR": ["COM_5wbj7"], "EAR": [], "INCR": [], "ITCR": [], "TG": ["TG_vcaex", "TG_n77et"]}, {"TechId": "TEC_2gp1y", "Tech": "PWRSOL001S", "Desc": "Utility-scale PV with 2 hour storage", "CapUnitId": "GW", "ActUnitId": "PJ", "IAR": ["COM_ajhgy"], "OAR": ["COM_5wbj7"], "EAR": [], "INCR": [], "ITCR": [], "TG": ["TG_vcaex", "TG_n77et"]}, {"TechId": "TEC_qwuvq", "Tech": "PWRSOL002", "Desc": "Solar PV (Distributed)", "CapUnitId": "GW", "ActUnitId": "PJ", "IAR": ["COM_ajhgy"], "OAR": ["COM_i9jun"], "EAR": [], "INCR": [], "ITCR": [], "TG": ["TG_vcaex", "TG_n77et"]}, {"TechId": "TEC_hmwmd", "Tech": "PWRSOL002S", "Desc": "Solar PV (Distributed with Storage)", "CapUnitId": "GW", "ActUnitId": "PJ", "IAR": ["COM_ajhgy"], "OAR": ["COM_i9jun"], "EAR": [], "INCR": [], "ITCR": [], "TG": ["TG_vcaex", "TG_n77et"]}, {"TechId": "TEC_v1gks", "Tech": "PWRTRN", "Desc": "Electricity Transmission", "CapUnitId": "GW", "ActUnitId": "PJ", "IAR": ["COM_5wbj7"], "OAR": ["COM_wgqx7"], "EAR": [], "INCR": [], "ITCR": [], "TG": []}, {"TechId": "TEC_ocu9c", "Tech": "PWRTRNEXP", "Desc": "Electricity Exports", "CapUnitId": "GW", "ActUnitId": "PJ", "IAR": ["COM_5wbj7"], "OAR": [], "EAR": [], "INCR": [], "ITCR": [], "TG": []}, {"TechId": "TEC_bqozm", "Tech": "PWRTRNIMP", "Desc": "Electricity Imports", "CapUnitId": "GW", "ActUnitId": "PJ", "IAR": [], "OAR": ["COM_5wbj7"], "EAR": [], "INCR": [], "ITCR": [], "TG": []}, {"TechId": "TEC_xxk4p", "Tech": "PWRWND001", "Desc": "Onshore Wind", "CapUnitId": "GW", "ActUnitId": "PJ", "IAR": ["COM_shxj3"], "OAR": ["COM_5wbj7"], "EAR": [], "INCR": [], "ITCR": [], "TG": ["TG_vcaex", "TG_n77et"]}, {"TechId": "TEC_3jbir", "Tech": "PWRWND001S", "Desc": "Onshore Wind power plant with storage", "CapUnitId": "GW", "ActUnitId": "PJ", "IAR": ["COM_shxj3"], "OAR": ["COM_5wbj7"], "EAR": [], "INCR": [], "ITCR": [], "TG": ["TG_vcaex", "TG_n77et"]}, {"TechId": "TEC_faa16", "Tech": "UPSREF001", "Desc": "Refinery", "CapUnitId": "GW", "ActUnitId": "PJ", "IAR": ["COM_vpaya"], "OAR": ["COM_7feqx", "COM_kxenb"], "EAR": [], "INCR": [], "ITCR": [], "TG": ["TG_llluf"]}, {"TechId": "TEC_q0uo8", "Tech": "UPSREF002", "Desc": "Refinery", "CapUnitId": "GW", "ActUnitId": "PJ", "IAR": ["COM_vpaya"], "OAR": ["COM_7feqx", "COM_kxenb"], "EAR": [], "INCR": [], "ITCR": [], "TG": ["TG_llluf"]}], "osy-techGroups": [{"TechGroup": "AGR", "TechGroupId": "TG_gk1df", "Desc": "Agriculture"}, {"TechGroup": "COM", "TechGroupId": "TG_3abp9", "Desc": "Non-domestic"}, {"TechGroup": "COP", "TechGroupId": "TG_gx0gk", "Desc": "Mining"}, {"TechGroup": "IMP", "TechGroupId": "TG_glrkw", "Desc": "Imports"}, {"TechGroup": "IND", "TechGroupId": "TG_1vwwi", "Desc": "Other industry"}, {"TechGroup": "MIN", "TechGroupId": "TG_q5ira", "Desc": "Resource extraction"}, {"TechGroup": "PWR", "TechGroupId": "TG_vcaex", "Desc": "Power system"}, {"TechGroup": "REN", "TechGroupId": "TG_n77et", "Desc": "Renewables"}, {"TechGroup": "RES", "TechGroupId": "TG_tbn7i", "Desc": "Residential"}, {"TechGroup": "RESHCK", "TechGroupId": "TG_9p83j", "Desc": "Residential cooking"}, {"TechGroup": "TRA", "TechGroupId": "TG_iq0kl", "Desc": "Transport"}, {"TechGroup": "UPS", "TechGroupId": "TG_llluf", "Desc": "Refineries"}], "osy-comm": [{"CommId": "COM_ml767", "Comm": "AGRHEA", "Desc": "Useful energy - Agriculture - Heat", "UnitId": "PJ"}, {"CommId": "COM_s9yd3", "Comm": "AGRIRR", "Desc": "Useful energy - Agriculture - Irrigation", "UnitId": "PJ"}, {"CommId": "COM_z1ri7", "Comm": "AGRMAC", "Desc": "Useful energy - Agriculture - Machinery", "UnitId": "PJ"}, {"CommId": "COM_mpubk", "Comm": "BFT", "Desc": "Biofuel", "UnitId": "PJ"}, {"CommId": "COM_3i8ul", "Comm": "BGS", "Desc": "Biogas", "UnitId": "PJ"}, {"CommId": "COM_3wve7", "Comm": "BIO", "Desc": "Biomass", "UnitId": "PJ"}, {"CommId": "COM_kfja2", "Comm": "COA", "Desc": "Coal", "UnitId": "PJ"}, {"CommId": "COM_g75r0", "Comm": "COMAPP", "Desc": "Useful energy - Non-domestic - Appliances", "UnitId": "PJ"}, {"CommId": "COM_rcx9b", "Comm": "COMOTH", "Desc": "Useful energy - Non-domestic - Others", "UnitId": "PJ"}, {"CommId": "COM_j224f", "Comm": "COPHEA", "Desc": "Useful energy - Mining - Heat", "UnitId": "PJ"}, {"CommId": "COM_au95b", "Comm": "COPMOT", "Desc": "Useful energy - Mining - Electric machinery", "UnitId": "PJ"}, {"CommId": "COM_cqq97", "Comm": "COPVEH", "Desc": "Useful energy - Mining - Vehicles", "UnitId": "PJ"}, {"CommId": "COM_5wbj7", "Comm": "ELC001", "Desc": "Electricity before transmission", "UnitId": "PJ"}, {"CommId": "COM_wgqx7", "Comm": "ELC002", "Desc": "Electricity after transmission", "UnitId": "PJ"}, {"CommId": "COM_gw957", "Comm": "ELC003", "Desc": "Electricity after distribution", "UnitId": "PJ"}, {"CommId": "COM_i9jun", "Comm": "ELC004", "Desc": "Electricity off-grid", "UnitId": "PJ"}, {"CommId": "COM_ptamm", "Comm": "ELCEV", "Desc": "Electricity for transport", "UnitId": "PJ"}, {"CommId": "COM_hudyu", "Comm": "GEO", "Desc": "Geothermal", "UnitId": "PJ"}, {"CommId": "COM_7feqx", "Comm": "GSL", "Desc": "Gasoline", "UnitId": "PJ"}, {"CommId": "COM_kxenb", "Comm": "HFO", "Desc": "Heavy fuel oil", "UnitId": "PJ"}, {"CommId": "COM_d8mfc", "Comm": "HYD", "Desc": "Hydro", "UnitId": "PJ"}, {"CommId": "COM_ev57q", "Comm": "INDHEA", "Desc": "Useful energy - Other industry - Heat", "UnitId": "PJ"}, {"CommId": "COM_g8yzv", "Comm": "INDMOT", "Desc": "Useful energy - Other industry - Electric machinery", "UnitId": "PJ"}, {"CommId": "COM_rblz4", "Comm": "LPG", "Desc": "LPG", "UnitId": "PJ"}, {"CommId": "COM_9rhev", "Comm": "NGS", "Desc": "Natural gas", "UnitId": "PJ"}, {"CommId": "COM_vpaya", "Comm": "OIL", "Desc": "Oil", "UnitId": "PJ"}, {"CommId": "COM_rv7eu", "Comm": "RESCOO", "Desc": "Useful energy - Residential - Appliances", "UnitId": "PJ"}, {"CommId": "COM_eilx7", "Comm": "RESHCK", "Desc": "Useful energy - Residential - Cooking", "UnitId": "PJ"}, {"CommId": "COM_0dr3q", "Comm": "RESLIG", "Desc": "Useful energy - Residential - Lighting", "UnitId": "PJ"}, {"CommId": "COM_ajhgy", "Comm": "SOL", "Desc": "Solar", "UnitId": "PJ"}, {"CommId": "COM_cmo7x", "Comm": "TRABUS", "Desc": "Useful energy - Transport - Bus", "UnitId": "PJ"}, {"CommId": "COM_vw5sz", "Comm": "TRACAR", "Desc": "Useful energy - Transport - Car", "UnitId": "PJ"}, {"CommId": "COM_r5wrk", "Comm": "TRAFRE", "Desc": "Useful energy - Transport  - Freight", "UnitId": "PJ"}, {"CommId": "COM_wdjo8", "Comm": "TRAMCY", "Desc": "Useful energy - Transport - Motorcycle", "UnitId": "PJ"}, {"CommId": "COM_ucgkm", "Comm": "TRAOTH", "Desc": "Useful energy - Transport - Other", "UnitId": "PJ"}, {"CommId": "COM_bnvu3", "Comm": "URN", "Desc": "Uranium", "UnitId": "PJ"}, {"CommId": "COM_shxj3", "Comm": "WND", "Desc": "Wind", "UnitId": "PJ"}], "osy-emis": [{"EmisId": "EMI_ovyp6", "Emis": "EMIC02", "Desc": "Default emission", "UnitId": "Ton"}, {"EmisId": "EMI_5awvz", "Emis": "EMICH4", "Desc": "Default emission", "UnitId": "Ton"}, {"EmisId": "EMI_g74qy", "Emis": "EMIFGA", "Desc": "Default emission", "UnitId": "Ton"}, {"EmisId": "EMI_8mjq0", "Emis": "EMIN2O", "Desc": "Default emission", "UnitId": "Ton"}, {"EmisId": "EMI_wtuj0", "Emis": "EMIREN", "Desc": "Default emission", "UnitId": "Ton"}], "osy-scenarios": [{"ScenarioId": "SC_0", "Scenario": "SC_0", "Desc": "Base scenario", "Active": true}], "osy-constraints": [], "osy-years": ["2015", "2016", "2017", "2018", "2019", "2020", "2021", "2022", "2023", "2024", "2025", "2026", "2027", "2028", "2029", "2030", "2031", "2032", "2033", "2034", "2035", "2036", "2037", "2038", "2039", "2040", "2041", "2042", "2043", "2044", "2045", "2046", "2047", "2048", "2049", "2050"]}