{"CAU": {"SC_0": [{"TEC_56x0w": 1.0, "TEC_nssqv": 31.536, "TEC_x7hqr": 31.536, "TEC_x2zuo": 31.536, "TEC_wvqxi": 31.536, "TEC_kjmau": 31.536, "TEC_uu57b": 31.536, "TEC_krz4j": 31.536, "TEC_j86qc": 31.536, "TEC_2g2yt": 31.536, "TEC_r9mci": 31.536, "TEC_0og82": 31.536, "TEC_5y450": 31.536, "TEC_z6kyl": 31.536, "TEC_qaeyu": 31.536, "TEC_wi5r4": 31.536, "TEC_z2r0j": 31.536, "TEC_8rm0c": 31.536, "TEC_zx2qq": 31.536, "TEC_u54tg": 31.536, "TEC_wnyud": 31.536, "TEC_79k2k": 31.536, "TEC_nbfme": 31.536, "TEC_5o3dz": 31.536, "TEC_i4mdo": 31.536, "TEC_hypux": 31.536, "TEC_n06e7": 31.536, "TEC_ac4vb": 31.536, "TEC_gfqzs": 31.536, "TEC_ztl82": 31.536, "TEC_bvcn3": 31.536, "TEC_6v8lh": 31.536, "TEC_ye1o9": 31.536, "TEC_02dw0": 31.536, "TEC_rthwj": 31.536, "TEC_os2ax": 31.536, "TEC_ld932": 31.536, "TEC_0feuv": 31.536, "TEC_9upw8": 31.536, "TEC_0gf7d": 31.536, "TEC_kjz88": 31.536, "TEC_0no4f": 31.536, "TEC_llb59": 31.536, "TEC_xj9xy": 31.536, "TEC_tdwqd": 31.536, "TEC_n8qjg": 31.536, "TEC_rgsw8": 31.536, "TEC_o1jld": 31.536, "TEC_bmhkm": 1.0, "TEC_2hghc": 1, "TEC_s6v3z": 1, "TEC_4t3es": 1, "TEC_45rrx": 1, "TEC_zfici": 1, "TEC_jegqd": 1, "TEC_3tqeb": 1, "TEC_iwico": 1, "TEC_d2zm9": 1, "TEC_ixo20": 1, "TEC_5ysg3": 1, "TEC_fny94": 1, "TEC_p213x": 1, "TEC_i9522": 1, "TEC_xd40a": 1, "TEC_irtj7": 1, "TEC_jp06k": 1, "TEC_yifea": 1, "TEC_9zyc9": 31.536, "TEC_1js5c": 31.536, "TEC_bccck": 31.536, "TEC_s87ea": 31.536, "TEC_2v25p": 31.536, "TEC_4jayo": 31.536, "TEC_3b8m0": 31.536, "TEC_hv0of": 31.536, "TEC_bbws1": 31.536, "TEC_85h1s": 31.536, "TEC_eshui": 31.536, "TEC_nniet": 31.536, "TEC_nfapy": 31.536, "TEC_uji4u": 31.536, "TEC_rxxf7": 31.536, "TEC_at50r": 31.536, "TEC_9btr5": 31.536, "TEC_p7sas": 31.536, "TEC_2gp1y": 31.536, "TEC_qwuvq": 31.536, "TEC_hmwmd": 31.536, "TEC_v1gks": 31.536, "TEC_ocu9c": 31.536, "TEC_bqozm": 31.536, "TEC_xxk4p": 31.536, "TEC_3jbir": 31.536, "TEC_faa16": 1, "TEC_q0uo8": 1}]}, "OL": {"SC_0": [{"TEC_56x0w": 1.0, "TEC_nssqv": 15.0, "TEC_x7hqr": 15.0, "TEC_x2zuo": 15.0, "TEC_wvqxi": 15.0, "TEC_kjmau": 20.0, "TEC_uu57b": 10.0, "TEC_krz4j": 10.0, "TEC_j86qc": 15.0, "TEC_2g2yt": 15.0, "TEC_r9mci": 15.0, "TEC_0og82": 15.0, "TEC_5y450": 15.0, "TEC_z6kyl": 15.0, "TEC_qaeyu": 10.0, "TEC_wi5r4": 10.0, "TEC_z2r0j": 20.0, "TEC_8rm0c": 20.0, "TEC_zx2qq": 15.0, "TEC_u54tg": 15.0, "TEC_wnyud": 15.0, "TEC_79k2k": 15.0, "TEC_nbfme": 10.0, "TEC_5o3dz": 10.0, "TEC_i4mdo": 10.0, "TEC_hypux": 10.0, "TEC_n06e7": 10.0, "TEC_ac4vb": 10.0, "TEC_gfqzs": 10.0, "TEC_ztl82": 10.0, "TEC_bvcn3": 10.0, "TEC_6v8lh": 10.0, "TEC_ye1o9": 10.0, "TEC_02dw0": 20.0, "TEC_rthwj": 20.0, "TEC_os2ax": 20.0, "TEC_ld932": 15.0, "TEC_0feuv": 20.0, "TEC_9upw8": 20.0, "TEC_0gf7d": 50.0, "TEC_kjz88": 20.0, "TEC_0no4f": 20.0, "TEC_llb59": 20.0, "TEC_xj9xy": 20.0, "TEC_tdwqd": 15.0, "TEC_n8qjg": 15.0, "TEC_rgsw8": 20.0, "TEC_o1jld": 15.0, "TEC_bmhkm": 1, "TEC_2hghc": 1, "TEC_s6v3z": 1, "TEC_4t3es": 1, "TEC_45rrx": 1, "TEC_zfici": 1, "TEC_jegqd": 1, "TEC_3tqeb": null, "TEC_iwico": 1, "TEC_d2zm9": 1, "TEC_ixo20": 1, "TEC_5ysg3": 1, "TEC_fny94": 1, "TEC_p213x": 1, "TEC_i9522": 1, "TEC_xd40a": 1, "TEC_irtj7": 1, "TEC_jp06k": 1, "TEC_yifea": 1, "TEC_9zyc9": 25.0, "TEC_1js5c": 40.0, "TEC_bccck": 25.0, "TEC_s87ea": 25.0, "TEC_2v25p": 70.0, "TEC_4jayo": 35.0, "TEC_3b8m0": 50.0, "TEC_hv0of": 35.0, "TEC_bbws1": 35.0, "TEC_85h1s": 35.0, "TEC_eshui": 25.0, "TEC_nniet": 20.0, "TEC_nfapy": 50.0, "TEC_uji4u": 25.0, "TEC_rxxf7": 25.0, "TEC_at50r": 25.0, "TEC_9btr5": 25.0, "TEC_p7sas": 25.0, "TEC_2gp1y": 25.0, "TEC_qwuvq": 25.0, "TEC_hmwmd": 25.0, "TEC_v1gks": 50.0, "TEC_ocu9c": 50.0, "TEC_bqozm": 50.0, "TEC_xxk4p": 30.0, "TEC_3jbir": 30.0, "TEC_faa16": 35.0, "TEC_q0uo8": 35.0}]}, "TMPAL": {"SC_0": [{"TEC_56x0w": 0, "TEC_nssqv": 0, "TEC_x7hqr": 0, "TEC_x2zuo": 0, "TEC_wvqxi": 0, "TEC_kjmau": 0, "TEC_uu57b": 0, "TEC_krz4j": 0, "TEC_j86qc": 0, "TEC_2g2yt": 0, "TEC_r9mci": 0, "TEC_0og82": 0, "TEC_5y450": 0, "TEC_z6kyl": 0, "TEC_qaeyu": 0, "TEC_wi5r4": 0, "TEC_z2r0j": 0, "TEC_8rm0c": 0, "TEC_zx2qq": 0, "TEC_u54tg": 0, "TEC_wnyud": 0, "TEC_79k2k": 0, "TEC_nbfme": 0, "TEC_5o3dz": 0, "TEC_i4mdo": 0, "TEC_hypux": 0, "TEC_n06e7": 0, "TEC_ac4vb": 0, "TEC_gfqzs": 0, "TEC_ztl82": 0, "TEC_bvcn3": 0, "TEC_6v8lh": 0, "TEC_ye1o9": 0, "TEC_02dw0": 0, "TEC_rthwj": 0, "TEC_os2ax": 0, "TEC_ld932": 0, "TEC_0feuv": 0, "TEC_9upw8": 0, "TEC_0gf7d": 0, "TEC_kjz88": 0, "TEC_0no4f": 0, "TEC_llb59": 0, "TEC_xj9xy": 0, "TEC_tdwqd": 0, "TEC_n8qjg": 0, "TEC_rgsw8": 0, "TEC_o1jld": 0, "TEC_bmhkm": 0, "TEC_2hghc": 0, "TEC_s6v3z": 0, "TEC_4t3es": 0, "TEC_45rrx": 0, "TEC_zfici": 0, "TEC_jegqd": 0, "TEC_3tqeb": 0, "TEC_iwico": 0, "TEC_d2zm9": 0, "TEC_ixo20": 0, "TEC_5ysg3": 0, "TEC_fny94": 0, "TEC_p213x": 0, "TEC_i9522": 0, "TEC_xd40a": 0, "TEC_irtj7": 0, "TEC_jp06k": 0, "TEC_yifea": 0, "TEC_9zyc9": 0, "TEC_1js5c": 0, "TEC_bccck": 0, "TEC_s87ea": 0, "TEC_2v25p": 0, "TEC_4jayo": 0, "TEC_3b8m0": 0, "TEC_hv0of": 0, "TEC_bbws1": 0, "TEC_85h1s": 0, "TEC_eshui": 0, "TEC_nniet": 0, "TEC_nfapy": 0, "TEC_uji4u": 0, "TEC_rxxf7": 0, "TEC_at50r": 0, "TEC_9btr5": 0, "TEC_p7sas": 0, "TEC_2gp1y": 0, "TEC_qwuvq": 0, "TEC_hmwmd": 0, "TEC_v1gks": 0, "TEC_ocu9c": 0, "TEC_bqozm": 0, "TEC_xxk4p": 0, "TEC_3jbir": 0, "TEC_faa16": 0, "TEC_q0uo8": 0}]}, "TMPAU": {"SC_0": [{"TEC_56x0w": 999999, "TEC_nssqv": 999999, "TEC_x7hqr": 999999, "TEC_x2zuo": 999999, "TEC_wvqxi": 999999, "TEC_kjmau": 999999, "TEC_uu57b": 999999, "TEC_krz4j": 999999, "TEC_j86qc": 999999, "TEC_2g2yt": 999999, "TEC_r9mci": 999999, "TEC_0og82": 999999, "TEC_5y450": 999999, "TEC_z6kyl": 999999, "TEC_qaeyu": 999999, "TEC_wi5r4": 999999, "TEC_z2r0j": 999999, "TEC_8rm0c": 999999, "TEC_zx2qq": 999999, "TEC_u54tg": 999999, "TEC_wnyud": 999999, "TEC_79k2k": 999999, "TEC_nbfme": 999999, "TEC_5o3dz": 999999, "TEC_i4mdo": 999999, "TEC_hypux": 999999, "TEC_n06e7": 999999, "TEC_ac4vb": 999999, "TEC_gfqzs": 999999, "TEC_ztl82": 999999, "TEC_bvcn3": 999999, "TEC_6v8lh": 999999, "TEC_ye1o9": 999999, "TEC_02dw0": 999999, "TEC_rthwj": 999999, "TEC_os2ax": 999999, "TEC_ld932": 999999, "TEC_0feuv": 999999, "TEC_9upw8": 999999, "TEC_0gf7d": 999999, "TEC_kjz88": 999999, "TEC_0no4f": 999999, "TEC_llb59": 999999, "TEC_xj9xy": 999999, "TEC_tdwqd": 999999, "TEC_n8qjg": 999999, "TEC_rgsw8": 999999, "TEC_o1jld": 999999, "TEC_bmhkm": 999999, "TEC_2hghc": 999999, "TEC_s6v3z": 999999, "TEC_4t3es": 999999, "TEC_45rrx": 999999, "TEC_zfici": 999999, "TEC_jegqd": 999999, "TEC_3tqeb": 999999, "TEC_iwico": 999999, "TEC_d2zm9": 999999, "TEC_ixo20": 999999, "TEC_5ysg3": 1319.2159709619, "TEC_fny94": 999999, "TEC_p213x": 999999, "TEC_i9522": 0.0, "TEC_xd40a": 0.0, "TEC_irtj7": 999999, "TEC_jp06k": 0.0, "TEC_yifea": 999999, "TEC_9zyc9": 999999, "TEC_1js5c": 999999, "TEC_bccck": 999999, "TEC_s87ea": 999999, "TEC_2v25p": 999999, "TEC_4jayo": 999999, "TEC_3b8m0": 999999, "TEC_hv0of": 999999, "TEC_bbws1": 999999, "TEC_85h1s": 999999, "TEC_eshui": 999999, "TEC_nniet": 999999, "TEC_nfapy": 999999, "TEC_uji4u": 999999, "TEC_rxxf7": 999999, "TEC_at50r": 999999, "TEC_9btr5": 999999, "TEC_p7sas": 999999, "TEC_2gp1y": 999999, "TEC_qwuvq": 999999, "TEC_hmwmd": 999999, "TEC_v1gks": 999999, "TEC_ocu9c": 999999, "TEC_bqozm": 999999, "TEC_xxk4p": 999999, "TEC_3jbir": 999999, "TEC_faa16": 999999, "TEC_q0uo8": 999999}]}}