{"osy-version": "4.0", "osy-casename": "UI_Zambia_v2l_reference_light", "osy-desc": "", "osy-date": "03/28/2023", "osy-currency": "USD", "osy-ns": "3", "osy-dt": "8", "osy-mo": "1", "osy-tech": [{"TechId": "TEC_6ynqf", "Tech": "IMPOIL", "Desc": "Default commodity", "CapUnitId": "GW", "ActUnitId": "PJ", "IAR": [], "OAR": ["COM_1isf9"], "EAR": ["EMI_hdkhf"], "INCR": [], "ITCR": [], "TG": []}, {"TechId": "TEC_l609w", "Tech": "MINOIL", "Desc": "Default commodity", "CapUnitId": "GW", "ActUnitId": "PJ", "IAR": [], "OAR": ["COM_1isf9"], "EAR": ["EMI_hdkhf"], "INCR": [], "ITCR": [], "TG": []}, {"TechId": "TEC_x81eg", "Tech": "IMPBIO", "Desc": "Default commodity", "CapUnitId": "GW", "ActUnitId": "PJ", "IAR": [], "OAR": ["COM_madr5"], "EAR": ["EMI_hdkhf"], "INCR": [], "ITCR": [], "TG": []}, {"TechId": "TEC_stl1z", "Tech": "MINBIO", "Desc": "Default commodity", "CapUnitId": "GW", "ActUnitId": "PJ", "IAR": [], "OAR": ["COM_madr5"], "EAR": ["EMI_hdkhf"], "INCR": [], "ITCR": [], "TG": []}, {"TechId": "TEC_bmyvc", "Tech": "IMPCOA", "Desc": "Default commodity", "CapUnitId": "GW", "ActUnitId": "PJ", "IAR": [], "OAR": ["COM_xdjha"], "EAR": ["EMI_hdkhf"], "INCR": [], "ITCR": [], "TG": []}, {"TechId": "TEC_o8kqh", "Tech": "MINCOA", "Desc": "Default commodity", "CapUnitId": "GW", "ActUnitId": "PJ", "IAR": [], "OAR": ["COM_xdjha"], "EAR": ["EMI_hdkhf"], "INCR": [], "ITCR": [], "TG": []}, {"TechId": "TEC_g1j3f", "Tech": "IMPGSL", "Desc": "Default commodity", "CapUnitId": "GW", "ActUnitId": "PJ", "IAR": [], "OAR": ["COM_w8qno"], "EAR": ["EMI_hdkhf"], "INCR": [], "ITCR": [], "TG": []}, {"TechId": "TEC_7boc4", "Tech": "IMPHFO", "Desc": "Default commodity", "CapUnitId": "GW", "ActUnitId": "PJ", "IAR": [], "OAR": ["COM_bseeq"], "EAR": ["EMI_hdkhf"], "INCR": [], "ITCR": [], "TG": []}, {"TechId": "TEC_t76ss", "Tech": "UPSREF001", "Desc": "Default commodity", "CapUnitId": "GW", "ActUnitId": "PJ", "IAR": ["COM_1isf9"], "OAR": ["COM_w8qno", "COM_bseeq"], "EAR": [], "INCR": [], "ITCR": [], "TG": []}, {"TechId": "TEC_hyla9", "Tech": "UPSREF002", "Desc": "Default commodity", "CapUnitId": "GW", "ActUnitId": "PJ", "IAR": ["COM_1isf9"], "OAR": ["COM_w8qno", "COM_bseeq"], "EAR": [], "INCR": [], "ITCR": [], "TG": []}, {"TechId": "TEC_5nepe", "Tech": "IMPNGS", "Desc": "Default commodity", "CapUnitId": "GW", "ActUnitId": "PJ", "IAR": [], "OAR": ["COM_t9ca0"], "EAR": ["EMI_hdkhf"], "INCR": [], "ITCR": [], "TG": []}, {"TechId": "TEC_7w3gp", "Tech": "MINNGS", "Desc": "Default commodity", "CapUnitId": "GW", "ActUnitId": "PJ", "IAR": [], "OAR": ["COM_t9ca0"], "EAR": ["EMI_hdkhf"], "INCR": [], "ITCR": [], "TG": []}, {"TechId": "TEC_1467m", "Tech": "MINSOL", "Desc": "Default commodity", "CapUnitId": "GW", "ActUnitId": "PJ", "IAR": [], "OAR": ["COM_0pscl"], "EAR": [], "INCR": [], "ITCR": [], "TG": []}, {"TechId": "TEC_o0l1x", "Tech": "MINWND", "Desc": "Default commodity", "CapUnitId": "GW", "ActUnitId": "PJ", "IAR": [], "OAR": ["COM_bkncx"], "EAR": [], "INCR": [], "ITCR": [], "TG": []}, {"TechId": "TEC_pul5x", "Tech": "IMPURN", "Desc": "Default commodity", "CapUnitId": "GW", "ActUnitId": "PJ", "IAR": [], "OAR": ["COM_0qvkn"], "EAR": [], "INCR": [], "ITCR": [], "TG": []}, {"TechId": "TEC_idv97", "Tech": "MINURN", "Desc": "Default commodity", "CapUnitId": "GW", "ActUnitId": "PJ", "IAR": [], "OAR": ["COM_0qvkn"], "EAR": [], "INCR": [], "ITCR": [], "TG": []}, {"TechId": "TEC_cp52b", "Tech": "MINGEO", "Desc": "Default commodity", "CapUnitId": "GW", "ActUnitId": "PJ", "IAR": [], "OAR": ["COM_2vm71"], "EAR": [], "INCR": [], "ITCR": [], "TG": []}, {"TechId": "TEC_fdfrr", "Tech": "MINHYD", "Desc": "Default commodity", "CapUnitId": "GW", "ActUnitId": "PJ", "IAR": [], "OAR": ["COM_ho86w"], "EAR": [], "INCR": [], "ITCR": [], "TG": []}, {"TechId": "TEC_l51x8", "Tech": "PWRBIO001", "Desc": "Default commodity", "CapUnitId": "GW", "ActUnitId": "PJ", "IAR": ["COM_madr5"], "OAR": ["COM_g1yvz"], "EAR": [], "INCR": [], "ITCR": [], "TG": []}, {"TechId": "TEC_y36gu", "Tech": "PWRCOA001", "Desc": "Default commodity", "CapUnitId": "GW", "ActUnitId": "PJ", "IAR": ["COM_xdjha"], "OAR": ["COM_g1yvz"], "EAR": [], "INCR": [], "ITCR": [], "TG": []}, {"TechId": "TEC_xceo1", "Tech": "TEC021", "Desc": "Default commodity", "CapUnitId": "GW", "ActUnitId": "PJ", "IAR": [], "OAR": [], "EAR": [], "INCR": [], "ITCR": [], "TG": []}, {"TechId": "TEC_8x925", "Tech": "PWRGEO", "Desc": "Default commodity", "CapUnitId": "GW", "ActUnitId": "PJ", "IAR": ["COM_2vm71"], "OAR": ["COM_g1yvz"], "EAR": [], "INCR": [], "ITCR": [], "TG": []}, {"TechId": "TEC_1dnkq", "Tech": "PWROHC001", "Desc": "Default commodity", "CapUnitId": "GW", "ActUnitId": "PJ", "IAR": ["COM_w8qno"], "OAR": ["COM_g1yvz"], "EAR": [], "INCR": [], "ITCR": [], "TG": []}, {"TechId": "TEC_nsa3b", "Tech": "PWROHC002", "Desc": "Default commodity", "CapUnitId": "GW", "ActUnitId": "PJ", "IAR": ["COM_bseeq"], "OAR": ["COM_g1yvz"], "EAR": [], "INCR": [], "ITCR": [], "TG": []}, {"TechId": "TEC_a3q7j", "Tech": "PWRNGS001", "Desc": "Default commodity", "CapUnitId": "GW", "ActUnitId": "PJ", "IAR": ["COM_t9ca0"], "OAR": ["COM_g1yvz"], "EAR": [], "INCR": [], "ITCR": [], "TG": []}, {"TechId": "TEC_cg71x", "Tech": "PWRNGS002", "Desc": "Default commodity", "CapUnitId": "GW", "ActUnitId": "PJ", "IAR": ["COM_t9ca0"], "OAR": ["COM_g1yvz"], "EAR": [], "INCR": [], "ITCR": [], "TG": []}, {"TechId": "TEC_yie9p", "Tech": "PWRSOL001", "Desc": "Default commodity", "CapUnitId": "GW", "ActUnitId": "PJ", "IAR": ["COM_0pscl"], "OAR": ["COM_g1yvz"], "EAR": [], "INCR": [], "ITCR": [], "TG": []}, {"TechId": "TEC_hskpa", "Tech": "PWRCSP001", "Desc": "Default commodity", "CapUnitId": "GW", "ActUnitId": "PJ", "IAR": ["COM_0pscl"], "OAR": ["COM_g1yvz"], "EAR": [], "INCR": [], "ITCR": [], "TG": []}, {"TechId": "TEC_4q0ea", "Tech": "PWRCSP002", "Desc": "Default commodity", "CapUnitId": "GW", "ActUnitId": "PJ", "IAR": ["COM_0pscl"], "OAR": ["COM_g1yvz"], "EAR": [], "INCR": [], "ITCR": [], "TG": []}, {"TechId": "TEC_qywgn", "Tech": "PWRHYD001", "Desc": "Default commodity", "CapUnitId": "GW", "ActUnitId": "PJ", "IAR": ["COM_ho86w"], "OAR": ["COM_g1yvz"], "EAR": [], "INCR": [], "ITCR": [], "TG": []}, {"TechId": "TEC_1jsu6", "Tech": "PWRHYD002", "Desc": "Default commodity", "CapUnitId": "GW", "ActUnitId": "PJ", "IAR": ["COM_ho86w"], "OAR": ["COM_g1yvz"], "EAR": [], "INCR": [], "ITCR": [], "TG": []}, {"TechId": "TEC_dj5rr", "Tech": "PWRHYD003", "Desc": "Default commodity", "CapUnitId": "GW", "ActUnitId": "PJ", "IAR": ["COM_ho86w"], "OAR": ["COM_g1yvz"], "EAR": [], "INCR": [], "ITCR": [], "TG": []}, {"TechId": "TEC_t6iyx", "Tech": "PWRWND001", "Desc": "Default commodity", "CapUnitId": "GW", "ActUnitId": "PJ", "IAR": ["COM_bkncx"], "OAR": ["COM_g1yvz"], "EAR": [], "INCR": [], "ITCR": [], "TG": []}, {"TechId": "TEC_2ojdq", "Tech": "PWRWND002", "Desc": "Default commodity", "CapUnitId": "GW", "ActUnitId": "PJ", "IAR": ["COM_bkncx"], "OAR": ["COM_g1yvz"], "EAR": [], "INCR": [], "ITCR": [], "TG": []}, {"TechId": "TEC_pd0al", "Tech": "PWRNUC", "Desc": "Default commodity", "CapUnitId": "GW", "ActUnitId": "PJ", "IAR": ["COM_0qvkn"], "OAR": ["COM_g1yvz"], "EAR": [], "INCR": [], "ITCR": [], "TG": []}, {"TechId": "TEC_ggkrw", "Tech": "PWRSOL001S", "Desc": "Default commodity", "CapUnitId": "GW", "ActUnitId": "PJ", "IAR": [], "OAR": ["COM_g1yvz"], "EAR": [], "INCR": [], "ITCR": [], "TG": []}, {"TechId": "TEC_ao7jd", "Tech": "PWRWND001S", "Desc": "Default commodity", "CapUnitId": "GW", "ActUnitId": "PJ", "IAR": ["COM_bkncx"], "OAR": ["COM_g1yvz"], "EAR": [], "INCR": [], "ITCR": [], "TG": []}, {"TechId": "TEC_0aauj", "Tech": "PWRTRNIMP", "Desc": "Default commodity", "CapUnitId": "GW", "ActUnitId": "PJ", "IAR": [], "OAR": ["COM_g1yvz"], "EAR": [], "INCR": [], "ITCR": [], "TG": []}, {"TechId": "TEC_dal4f", "Tech": "BSTOPELC001", "Desc": "Default commodity", "CapUnitId": "GW", "ActUnitId": "PJ", "IAR": [], "OAR": ["COM_g1yvz"], "EAR": [], "INCR": [], "ITCR": [], "TG": []}, {"TechId": "TEC_j6r7q", "Tech": "PWRTRN", "Desc": "Default commodity", "CapUnitId": "GW", "ActUnitId": "PJ", "IAR": ["COM_g1yvz"], "OAR": ["COM_84c5t"], "EAR": [], "INCR": [], "ITCR": [], "TG": []}, {"TechId": "TEC_0j409", "Tech": "PWRDIST", "Desc": "Default commodity", "CapUnitId": "GW", "ActUnitId": "PJ", "IAR": ["COM_84c5t"], "OAR": ["COM_yl231"], "EAR": [], "INCR": [], "ITCR": [], "TG": []}, {"TechId": "TEC_6530t", "Tech": "PWROHC003", "Desc": "Default commodity", "CapUnitId": "GW", "ActUnitId": "PJ", "IAR": ["COM_w8qno"], "OAR": ["COM_yl231"], "EAR": [], "INCR": [], "ITCR": [], "TG": []}, {"TechId": "TEC_4q8dx", "Tech": "PWRSOL002", "Desc": "Default commodity", "CapUnitId": "GW", "ActUnitId": "PJ", "IAR": ["COM_0pscl"], "OAR": ["COM_yl231"], "EAR": [], "INCR": [], "ITCR": [], "TG": []}, {"TechId": "TEC_u2o2e", "Tech": "PWRHYD004", "Desc": "Default commodity", "CapUnitId": "GW", "ActUnitId": "PJ", "IAR": ["COM_ho86w"], "OAR": ["COM_yl231"], "EAR": [], "INCR": [], "ITCR": [], "TG": []}, {"TechId": "TEC_e9yr5", "Tech": "PWRTRNEXP", "Desc": "Default commodity", "CapUnitId": "GW", "ActUnitId": "PJ", "IAR": ["COM_g1yvz"], "OAR": [], "EAR": [], "INCR": [], "ITCR": [], "TG": []}, {"TechId": "TEC_2qgj1", "Tech": "BSTOPELC003", "Desc": "Default commodity", "CapUnitId": "GW", "ActUnitId": "PJ", "IAR": [], "OAR": ["COM_yl231"], "EAR": [], "INCR": [], "ITCR": [], "TG": []}, {"TechId": "TEC_wxncx", "Tech": "DEMTRAEVC", "Desc": "Default commodity", "CapUnitId": "GW", "ActUnitId": "PJ", "IAR": ["COM_yl231"], "OAR": ["COM_98lj4"], "EAR": [], "INCR": [], "ITCR": [], "TG": []}, {"TechId": "TEC_fgchl", "Tech": "DEMTRAMCYELC", "Desc": "Default commodity", "CapUnitId": "GW", "ActUnitId": "PJ", "IAR": ["COM_98lj4"], "OAR": ["COM_0lmxf"], "EAR": [], "INCR": [], "ITCR": [], "TG": []}, {"TechId": "TEC_4vbde", "Tech": "DEMTRACARELC", "Desc": "Default commodity", "CapUnitId": "GW", "ActUnitId": "PJ", "IAR": ["COM_98lj4"], "OAR": ["COM_dskio"], "EAR": [], "INCR": [], "ITCR": [], "TG": []}, {"TechId": "TEC_lt79l", "Tech": "DEMTRABUSELC", "Desc": "Default commodity", "CapUnitId": "GW", "ActUnitId": "PJ", "IAR": ["COM_98lj4"], "OAR": ["COM_cqyi2"], "EAR": [], "INCR": [], "ITCR": [], "TG": []}, {"TechId": "TEC_kghm5", "Tech": "DEMTRAFREELC", "Desc": "Default commodity", "CapUnitId": "GW", "ActUnitId": "PJ", "IAR": ["COM_98lj4"], "OAR": ["COM_ulcl9"], "EAR": [], "INCR": [], "ITCR": [], "TG": []}, {"TechId": "TEC_ftcva", "Tech": "DEMTRAOTHELC", "Desc": "Default commodity", "CapUnitId": "GW", "ActUnitId": "PJ", "IAR": ["COM_98lj4"], "OAR": ["COM_6xunt"], "EAR": [], "INCR": [], "ITCR": [], "TG": []}, {"TechId": "TEC_krqjm", "Tech": "DEMTRAMCYGSL", "Desc": "Default commodity", "CapUnitId": "GW", "ActUnitId": "PJ", "IAR": ["COM_w8qno"], "OAR": ["COM_0lmxf"], "EAR": [], "INCR": [], "ITCR": [], "TG": []}, {"TechId": "TEC_xdc0x", "Tech": "DEMTRACARGSL", "Desc": "Default commodity", "CapUnitId": "GW", "ActUnitId": "PJ", "IAR": ["COM_w8qno"], "OAR": ["COM_dskio"], "EAR": [], "INCR": [], "ITCR": [], "TG": []}, {"TechId": "TEC_nt9w9", "Tech": "DEMTRABUSGSL", "Desc": "Default commodity", "CapUnitId": "GW", "ActUnitId": "PJ", "IAR": ["COM_w8qno"], "OAR": ["COM_cqyi2"], "EAR": [], "INCR": [], "ITCR": [], "TG": []}, {"TechId": "TEC_yaaku", "Tech": "DEMTRAFREGSL", "Desc": "Default commodity", "CapUnitId": "GW", "ActUnitId": "PJ", "IAR": ["COM_w8qno"], "OAR": ["COM_ulcl9"], "EAR": [], "INCR": [], "ITCR": [], "TG": []}, {"TechId": "TEC_x5ad6", "Tech": "DEMTRAOTHGSL", "Desc": "Default commodity", "CapUnitId": "GW", "ActUnitId": "PJ", "IAR": ["COM_w8qno"], "OAR": ["COM_6xunt"], "EAR": [], "INCR": [], "ITCR": [], "TG": []}, {"TechId": "TEC_14zt2", "Tech": "DEMCOPMOTELC", "Desc": "Default commodity", "CapUnitId": "GW", "ActUnitId": "PJ", "IAR": ["COM_yl231"], "OAR": ["COM_otd0i"], "EAR": [], "INCR": [], "ITCR": [], "TG": []}, {"TechId": "TEC_gifuh", "Tech": "DEMCOPMOTELCE", "Desc": "Default commodity", "CapUnitId": "GW", "ActUnitId": "PJ", "IAR": ["COM_yl231"], "OAR": ["COM_otd0i"], "EAR": [], "INCR": [], "ITCR": [], "TG": []}, {"TechId": "TEC_k9rnb", "Tech": "DEMCOPHEAELC", "Desc": "Default commodity", "CapUnitId": "GW", "ActUnitId": "PJ", "IAR": ["COM_yl231"], "OAR": ["COM_tufp0"], "EAR": [], "INCR": [], "ITCR": [], "TG": []}, {"TechId": "TEC_rtzfh", "Tech": "DEMCOPHEACOA", "Desc": "Default commodity", "CapUnitId": "GW", "ActUnitId": "PJ", "IAR": ["COM_xdjha"], "OAR": ["COM_tufp0"], "EAR": [], "INCR": [], "ITCR": [], "TG": []}, {"TechId": "TEC_yzkxe", "Tech": "DEMCOPHEAHFO", "Desc": "Default commodity", "CapUnitId": "GW", "ActUnitId": "PJ", "IAR": ["COM_bseeq"], "OAR": ["COM_tufp0"], "EAR": [], "INCR": [], "ITCR": [], "TG": []}, {"TechId": "TEC_asvi3", "Tech": "DEMCOPHEAGSL", "Desc": "Default commodity", "CapUnitId": "GW", "ActUnitId": "PJ", "IAR": ["COM_w8qno"], "OAR": ["COM_tufp0"], "EAR": [], "INCR": [], "ITCR": [], "TG": []}, {"TechId": "TEC_uy7tv", "Tech": "DEMCOPVEHELC", "Desc": "Default commodity", "CapUnitId": "GW", "ActUnitId": "PJ", "IAR": ["COM_yl231"], "OAR": ["COM_5m2dm"], "EAR": [], "INCR": [], "ITCR": [], "TG": []}, {"TechId": "TEC_dxf4z", "Tech": "DEMCOPVEHGSL", "Desc": "Default commodity", "CapUnitId": "GW", "ActUnitId": "PJ", "IAR": ["COM_w8qno"], "OAR": ["COM_5m2dm"], "EAR": [], "INCR": [], "ITCR": [], "TG": []}, {"TechId": "TEC_jejq5", "Tech": "DEMINDMOTELC", "Desc": "Default commodity", "CapUnitId": "GW", "ActUnitId": "PJ", "IAR": ["COM_yl231"], "OAR": ["COM_i9l45"], "EAR": [], "INCR": [], "ITCR": [], "TG": []}, {"TechId": "TEC_wbqa5", "Tech": "DEMINDMOTELCE", "Desc": "Default commodity", "CapUnitId": "GW", "ActUnitId": "PJ", "IAR": ["COM_yl231"], "OAR": ["COM_i9l45"], "EAR": [], "INCR": [], "ITCR": [], "TG": []}, {"TechId": "TEC_iaswp", "Tech": "DEMINDHEAELC", "Desc": "Default commodity", "CapUnitId": "GW", "ActUnitId": "PJ", "IAR": ["COM_yl231"], "OAR": ["COM_ei23y"], "EAR": [], "INCR": [], "ITCR": [], "TG": []}, {"TechId": "TEC_y8np2", "Tech": "DEMINDHEACOA", "Desc": "Default commodity", "CapUnitId": "GW", "ActUnitId": "PJ", "IAR": ["COM_xdjha"], "OAR": ["COM_ei23y"], "EAR": [], "INCR": [], "ITCR": [], "TG": []}, {"TechId": "TEC_71w6h", "Tech": "DEMINDHEAHFO", "Desc": "Default commodity", "CapUnitId": "GW", "ActUnitId": "PJ", "IAR": ["COM_bseeq"], "OAR": ["COM_ei23y"], "EAR": [], "INCR": [], "ITCR": [], "TG": []}, {"TechId": "TEC_f55to", "Tech": "DEMRESLIGELC", "Desc": "Default commodity", "CapUnitId": "GW", "ActUnitId": "PJ", "IAR": ["COM_yl231"], "OAR": ["COM_jvcy9"], "EAR": [], "INCR": [], "ITCR": [], "TG": []}, {"TechId": "TEC_j31ih", "Tech": "DEMRESLIGELCE", "Desc": "Default commodity", "CapUnitId": "GW", "ActUnitId": "PJ", "IAR": ["COM_yl231"], "OAR": ["COM_jvcy9"], "EAR": [], "INCR": [], "ITCR": [], "TG": []}, {"TechId": "TEC_4edg0", "Tech": "DEMRESCOOELC", "Desc": "Default commodity", "CapUnitId": "GW", "ActUnitId": "PJ", "IAR": ["COM_yl231"], "OAR": ["COM_nmc6x"], "EAR": [], "INCR": [], "ITCR": [], "TG": []}, {"TechId": "TEC_o307k", "Tech": "DEMRESCOOELCE", "Desc": "Default commodity", "CapUnitId": "GW", "ActUnitId": "PJ", "IAR": ["COM_yl231"], "OAR": ["COM_nmc6x"], "EAR": [], "INCR": [], "ITCR": [], "TG": []}, {"TechId": "TEC_umdcn", "Tech": "DEMRESHCKELC", "Desc": "Default commodity", "CapUnitId": "GW", "ActUnitId": "PJ", "IAR": ["COM_yl231"], "OAR": ["COM_o3hbs"], "EAR": [], "INCR": [], "ITCR": [], "TG": []}, {"TechId": "TEC_14b6n", "Tech": "DEMRESHCKGSL", "Desc": "Default commodity", "CapUnitId": "GW", "ActUnitId": "PJ", "IAR": ["COM_w8qno"], "OAR": ["COM_o3hbs"], "EAR": [], "INCR": [], "ITCR": [], "TG": []}, {"TechId": "TEC_v8mec", "Tech": "DEMRESHCKBIO", "Desc": "Default commodity", "CapUnitId": "GW", "ActUnitId": "PJ", "IAR": ["COM_madr5"], "OAR": ["COM_o3hbs"], "EAR": [], "INCR": [], "ITCR": [], "TG": []}, {"TechId": "TEC_90b15", "Tech": "DEMRESHCKLPG", "Desc": "Default commodity", "CapUnitId": "GW", "ActUnitId": "PJ", "IAR": ["COM_t60mq"], "OAR": ["COM_o3hbs"], "EAR": [], "INCR": [], "ITCR": [], "TG": []}, {"TechId": "TEC_1osik", "Tech": "DEMCOMAPPELC", "Desc": "Default commodity", "CapUnitId": "GW", "ActUnitId": "PJ", "IAR": ["COM_yl231"], "OAR": ["COM_u5fxw"], "EAR": [], "INCR": [], "ITCR": [], "TG": []}, {"TechId": "TEC_euvk1", "Tech": "DEMCOMAPPELCE", "Desc": "Default commodity", "CapUnitId": "GW", "ActUnitId": "PJ", "IAR": ["COM_yl231"], "OAR": ["COM_u5fxw"], "EAR": [], "INCR": [], "ITCR": [], "TG": []}, {"TechId": "TEC_buldn", "Tech": "DEMCOMOTHGSL", "Desc": "Default commodity", "CapUnitId": "GW", "ActUnitId": "PJ", "IAR": ["COM_w8qno"], "OAR": ["COM_nml8q"], "EAR": [], "INCR": [], "ITCR": [], "TG": []}, {"TechId": "TEC_x489n", "Tech": "DEMCOMOTHELC", "Desc": "Default commodity", "CapUnitId": "GW", "ActUnitId": "PJ", "IAR": ["COM_yl231"], "OAR": ["COM_nml8q"], "EAR": [], "INCR": [], "ITCR": [], "TG": []}, {"TechId": "TEC_irtqk", "Tech": "DEMAGRIRRELC", "Desc": "Default commodity", "CapUnitId": "GW", "ActUnitId": "PJ", "IAR": ["COM_yl231"], "OAR": ["COM_gt7ww"], "EAR": [], "INCR": [], "ITCR": [], "TG": []}, {"TechId": "TEC_45gq4", "Tech": "DEMAGRMACGSL", "Desc": "Default commodity", "CapUnitId": "GW", "ActUnitId": "PJ", "IAR": ["COM_w8qno"], "OAR": ["COM_2cqn9"], "EAR": [], "INCR": [], "ITCR": [], "TG": []}, {"TechId": "TEC_ij35r", "Tech": "DEMAGRHEABIO", "Desc": "Default commodity", "CapUnitId": "GW", "ActUnitId": "PJ", "IAR": ["COM_madr5"], "OAR": ["COM_rftbt"], "EAR": [], "INCR": [], "ITCR": [], "TG": []}, {"TechId": "TEC_gg7du", "Tech": "DEMAGRHEAELC", "Desc": "Default commodity", "CapUnitId": "GW", "ActUnitId": "PJ", "IAR": ["COM_yl231"], "OAR": ["COM_rftbt"], "EAR": [], "INCR": [], "ITCR": [], "TG": []}, {"TechId": "TEC_pn8m8", "Tech": "DEMAGRHEAGSL", "Desc": "Default commodity", "CapUnitId": "GW", "ActUnitId": "PJ", "IAR": ["COM_w8qno"], "OAR": ["COM_rftbt"], "EAR": [], "INCR": [], "ITCR": [], "TG": []}, {"TechId": "TEC_blp6o", "Tech": "BSTOPTRAMCY", "Desc": "Default commodity", "CapUnitId": "GW", "ActUnitId": "PJ", "IAR": [], "OAR": ["COM_0lmxf"], "EAR": [], "INCR": [], "ITCR": [], "TG": []}, {"TechId": "TEC_z5m6o", "Tech": "BSTOPTRACAR", "Desc": "Default commodity", "CapUnitId": "GW", "ActUnitId": "PJ", "IAR": [], "OAR": ["COM_dskio"], "EAR": [], "INCR": [], "ITCR": [], "TG": []}, {"TechId": "TEC_w5trj", "Tech": "BSTOPTRABUS", "Desc": "Default commodity", "CapUnitId": "GW", "ActUnitId": "PJ", "IAR": [], "OAR": ["COM_cqyi2"], "EAR": [], "INCR": [], "ITCR": [], "TG": []}, {"TechId": "TEC_v833b", "Tech": "BSTOPTRAFRE", "Desc": "Default commodity", "CapUnitId": "GW", "ActUnitId": "PJ", "IAR": [], "OAR": ["COM_ulcl9"], "EAR": [], "INCR": [], "ITCR": [], "TG": []}, {"TechId": "TEC_rwr2i", "Tech": "BSTOPTRAOTH", "Desc": "Default commodity", "CapUnitId": "GW", "ActUnitId": "PJ", "IAR": [], "OAR": ["COM_6xunt"], "EAR": [], "INCR": [], "ITCR": [], "TG": []}, {"TechId": "TEC_wuhwm", "Tech": "BSTOPCOPMOT", "Desc": "Default commodity", "CapUnitId": "GW", "ActUnitId": "PJ", "IAR": [], "OAR": ["COM_otd0i"], "EAR": [], "INCR": [], "ITCR": [], "TG": []}, {"TechId": "TEC_kbiia", "Tech": "BSTOPCOPHEA", "Desc": "Default commodity", "CapUnitId": "GW", "ActUnitId": "PJ", "IAR": [], "OAR": ["COM_tufp0"], "EAR": [], "INCR": [], "ITCR": [], "TG": []}, {"TechId": "TEC_pnmtg", "Tech": "BSTOPCOPVEH", "Desc": "Default commodity", "CapUnitId": "GW", "ActUnitId": "PJ", "IAR": [], "OAR": ["COM_5m2dm"], "EAR": [], "INCR": [], "ITCR": [], "TG": []}, {"TechId": "TEC_3h53m", "Tech": "BSTOPINDMOT", "Desc": "Default commodity", "CapUnitId": "GW", "ActUnitId": "PJ", "IAR": [], "OAR": ["COM_i9l45"], "EAR": [], "INCR": [], "ITCR": [], "TG": []}, {"TechId": "TEC_jkbdd", "Tech": "BSTOPINDHEA", "Desc": "Default commodity", "CapUnitId": "GW", "ActUnitId": "PJ", "IAR": [], "OAR": ["COM_ei23y"], "EAR": [], "INCR": [], "ITCR": [], "TG": []}, {"TechId": "TEC_29mtq", "Tech": "BSTOPRESLIG", "Desc": "Default commodity", "CapUnitId": "GW", "ActUnitId": "PJ", "IAR": [], "OAR": ["COM_jvcy9"], "EAR": [], "INCR": [], "ITCR": [], "TG": []}, {"TechId": "TEC_dzxuy", "Tech": "BSTOPRESCOO", "Desc": "Default commodity", "CapUnitId": "GW", "ActUnitId": "PJ", "IAR": [], "OAR": ["COM_nmc6x"], "EAR": [], "INCR": [], "ITCR": [], "TG": []}, {"TechId": "TEC_ukdsp", "Tech": "BSTOPRESHCK", "Desc": "Default commodity", "CapUnitId": "GW", "ActUnitId": "PJ", "IAR": [], "OAR": ["COM_o3hbs"], "EAR": [], "INCR": [], "ITCR": [], "TG": []}, {"TechId": "TEC_ey5c6", "Tech": "BSTOPCOMAPP", "Desc": "Default commodity", "CapUnitId": "GW", "ActUnitId": "PJ", "IAR": [], "OAR": ["COM_u5fxw"], "EAR": [], "INCR": [], "ITCR": [], "TG": []}, {"TechId": "TEC_c66cm", "Tech": "BSTOPCOMOTH", "Desc": "Default commodity", "CapUnitId": "GW", "ActUnitId": "PJ", "IAR": [], "OAR": ["COM_nml8q"], "EAR": [], "INCR": [], "ITCR": [], "TG": []}, {"TechId": "TEC_nfxep", "Tech": "BSTOPAGRIRR", "Desc": "Default commodity", "CapUnitId": "GW", "ActUnitId": "PJ", "IAR": [], "OAR": ["COM_gt7ww"], "EAR": [], "INCR": [], "ITCR": [], "TG": []}, {"TechId": "TEC_zlc2s", "Tech": "BSTOPAGRMAC", "Desc": "Default commodity", "CapUnitId": "GW", "ActUnitId": "PJ", "IAR": [], "OAR": ["COM_2cqn9"], "EAR": [], "INCR": [], "ITCR": [], "TG": []}, {"TechId": "TEC_mos7e", "Tech": "BSTOPAGRHEA", "Desc": "Default commodity", "CapUnitId": "GW", "ActUnitId": "PJ", "IAR": [], "OAR": ["COM_rftbt"], "EAR": [], "INCR": [], "ITCR": [], "TG": []}, {"TechId": "TEC_amy68", "Tech": "DEMINDHEABIO", "Desc": "Default commodity", "CapUnitId": "GW", "ActUnitId": "PJ", "IAR": ["COM_madr5"], "OAR": ["COM_ei23y"], "EAR": [], "INCR": [], "ITCR": [], "TG": []}, {"TechId": "TEC_g0kpd", "Tech": "IMPLPG", "Desc": "Default commodity", "CapUnitId": "GW", "ActUnitId": "PJ", "IAR": [], "OAR": ["COM_t60mq"], "EAR": ["EMI_hdkhf"], "INCR": [], "ITCR": [], "TG": []}, {"TechId": "TEC_h8ruw", "Tech": "IMPBGS", "Desc": "Default commodity", "CapUnitId": "GW", "ActUnitId": "PJ", "IAR": [], "OAR": ["COM_pr407"], "EAR": ["EMI_hdkhf"], "INCR": [], "ITCR": [], "TG": []}, {"TechId": "TEC_wse0k", "Tech": "DEMRESHCKBGS", "Desc": "Default commodity", "CapUnitId": "GW", "ActUnitId": "PJ", "IAR": ["COM_pr407"], "OAR": ["COM_o3hbs"], "EAR": [], "INCR": [], "ITCR": [], "TG": []}, {"TechId": "TEC_spqgr", "Tech": "IMPBFT", "Desc": "Default commodity", "CapUnitId": "GW", "ActUnitId": "PJ", "IAR": [], "OAR": ["COM_axml4"], "EAR": ["EMI_hdkhf"], "INCR": [], "ITCR": [], "TG": []}, {"TechId": "TEC_gnzma", "Tech": "DEMTRABUSBFT", "Desc": "Default commodity", "CapUnitId": "GW", "ActUnitId": "PJ", "IAR": ["COM_axml4"], "OAR": ["COM_cqyi2"], "EAR": [], "INCR": [], "ITCR": [], "TG": []}, {"TechId": "TEC_q0iep", "Tech": "DEMTRAFREBFT", "Desc": "Default commodity", "CapUnitId": "GW", "ActUnitId": "PJ", "IAR": ["COM_axml4"], "OAR": ["COM_ulcl9"], "EAR": [], "INCR": [], "ITCR": [], "TG": []}, {"TechId": "TEC_du3t9", "Tech": "DEMTRACARBFT", "Desc": "Default commodity", "CapUnitId": "GW", "ActUnitId": "PJ", "IAR": ["COM_axml4"], "OAR": ["COM_dskio"], "EAR": [], "INCR": [], "ITCR": [], "TG": []}, {"TechId": "TEC_xkpe3", "Tech": "DEMTRAMCYBFT", "Desc": "Default commodity", "CapUnitId": "GW", "ActUnitId": "PJ", "IAR": ["COM_axml4"], "OAR": ["COM_0lmxf"], "EAR": [], "INCR": [], "ITCR": [], "TG": []}, {"TechId": "TEC_d61is", "Tech": "TEC114", "Desc": "Default commodity", "CapUnitId": "GW", "ActUnitId": "PJ", "IAR": [], "OAR": [], "EAR": [], "INCR": [], "ITCR": [], "TG": []}, {"TechId": "TEC_lzzsz", "Tech": "TEC115", "Desc": "Default commodity", "CapUnitId": "GW", "ActUnitId": "PJ", "IAR": [], "OAR": [], "EAR": [], "INCR": [], "ITCR": [], "TG": []}, {"TechId": "TEC_8el30", "Tech": "TEC116", "Desc": "Default commodity", "CapUnitId": "GW", "ActUnitId": "PJ", "IAR": [], "OAR": [], "EAR": [], "INCR": [], "ITCR": [], "TG": []}, {"TechId": "TEC_xg3sg", "Tech": "TEC117", "Desc": "Default commodity", "CapUnitId": "GW", "ActUnitId": "PJ", "IAR": [], "OAR": [], "EAR": [], "INCR": [], "ITCR": [], "TG": []}, {"TechId": "TEC_m6znb", "Tech": "TEC118", "Desc": "Default commodity", "CapUnitId": "GW", "ActUnitId": "PJ", "IAR": [], "OAR": [], "EAR": [], "INCR": [], "ITCR": [], "TG": []}, {"TechId": "TEC_p0w0i", "Tech": "TEC119", "Desc": "Default commodity", "CapUnitId": "GW", "ActUnitId": "PJ", "IAR": [], "OAR": [], "EAR": [], "INCR": [], "ITCR": [], "TG": []}, {"TechId": "TEC_y7fbg", "Tech": "TEC120", "Desc": "Default commodity", "CapUnitId": "GW", "ActUnitId": "PJ", "IAR": [], "OAR": [], "EAR": [], "INCR": [], "ITCR": [], "TG": []}, {"TechId": "TEC_9xfsp", "Tech": "TEC121", "Desc": "Default commodity", "CapUnitId": "GW", "ActUnitId": "PJ", "IAR": [], "OAR": [], "EAR": [], "INCR": [], "ITCR": [], "TG": []}, {"TechId": "TEC_dqo4s", "Tech": "TEC122", "Desc": "Default commodity", "CapUnitId": "GW", "ActUnitId": "PJ", "IAR": [], "OAR": [], "EAR": [], "INCR": [], "ITCR": [], "TG": []}, {"TechId": "TEC_pncdm", "Tech": "TEC123", "Desc": "Default commodity", "CapUnitId": "GW", "ActUnitId": "PJ", "IAR": [], "OAR": [], "EAR": [], "INCR": [], "ITCR": [], "TG": []}, {"TechId": "TEC_p73tq", "Tech": "TEC124", "Desc": "Default commodity", "CapUnitId": "GW", "ActUnitId": "PJ", "IAR": [], "OAR": [], "EAR": [], "INCR": [], "ITCR": [], "TG": []}, {"TechId": "TEC_xnfub", "Tech": "TEC125", "Desc": "Default commodity", "CapUnitId": "GW", "ActUnitId": "PJ", "IAR": [], "OAR": [], "EAR": [], "INCR": [], "ITCR": [], "TG": []}, {"TechId": "TEC_1r5n0", "Tech": "TEC126", "Desc": "Default commodity", "CapUnitId": "GW", "ActUnitId": "PJ", "IAR": [], "OAR": [], "EAR": [], "INCR": [], "ITCR": [], "TG": []}, {"TechId": "TEC_pi5au", "Tech": "TEC127", "Desc": "Default commodity", "CapUnitId": "GW", "ActUnitId": "PJ", "IAR": [], "OAR": [], "EAR": [], "INCR": [], "ITCR": [], "TG": []}, {"TechId": "TEC_eifth", "Tech": "TEC128", "Desc": "Default commodity", "CapUnitId": "GW", "ActUnitId": "PJ", "IAR": [], "OAR": [], "EAR": [], "INCR": [], "ITCR": [], "TG": []}, {"TechId": "TEC_8dgm9", "Tech": "TEC129", "Desc": "Default commodity", "CapUnitId": "GW", "ActUnitId": "PJ", "IAR": [], "OAR": [], "EAR": [], "INCR": [], "ITCR": [], "TG": []}, {"TechId": "TEC_otlzs", "Tech": "TEC130", "Desc": "Default commodity", "CapUnitId": "GW", "ActUnitId": "PJ", "IAR": [], "OAR": [], "EAR": [], "INCR": [], "ITCR": [], "TG": []}, {"TechId": "TEC_mh9ta", "Tech": "TEC131", "Desc": "Default commodity", "CapUnitId": "GW", "ActUnitId": "PJ", "IAR": [], "OAR": [], "EAR": [], "INCR": [], "ITCR": [], "TG": []}, {"TechId": "TEC_28dc2", "Tech": "TEC132", "Desc": "Default commodity", "CapUnitId": "GW", "ActUnitId": "PJ", "IAR": [], "OAR": [], "EAR": [], "INCR": [], "ITCR": [], "TG": []}, {"TechId": "TEC_5az4z", "Tech": "TEC133", "Desc": "Default commodity", "CapUnitId": "GW", "ActUnitId": "PJ", "IAR": [], "OAR": [], "EAR": [], "INCR": [], "ITCR": [], "TG": []}, {"TechId": "TEC_gphff", "Tech": "TEC134", "Desc": "Default commodity", "CapUnitId": "GW", "ActUnitId": "PJ", "IAR": [], "OAR": [], "EAR": [], "INCR": [], "ITCR": [], "TG": []}, {"TechId": "TEC_17f4p", "Tech": "TEC135", "Desc": "Default commodity", "CapUnitId": "GW", "ActUnitId": "PJ", "IAR": [], "OAR": [], "EAR": [], "INCR": [], "ITCR": [], "TG": []}, {"TechId": "TEC_6fd4i", "Tech": "TEC136", "Desc": "Default commodity", "CapUnitId": "GW", "ActUnitId": "PJ", "IAR": [], "OAR": [], "EAR": [], "INCR": [], "ITCR": [], "TG": []}, {"TechId": "TEC_aa6je", "Tech": "TEC137", "Desc": "Default commodity", "CapUnitId": "GW", "ActUnitId": "PJ", "IAR": [], "OAR": [], "EAR": [], "INCR": [], "ITCR": [], "TG": []}, {"TechId": "TEC_iwwg0", "Tech": "TEC138", "Desc": "Default commodity", "CapUnitId": "GW", "ActUnitId": "PJ", "IAR": [], "OAR": [], "EAR": [], "INCR": [], "ITCR": [], "TG": []}, {"TechId": "TEC_zt5gv", "Tech": "TEC139", "Desc": "Default commodity", "CapUnitId": "GW", "ActUnitId": "PJ", "IAR": [], "OAR": [], "EAR": [], "INCR": [], "ITCR": [], "TG": []}, {"TechId": "TEC_u665r", "Tech": "TEC140", "Desc": "Default commodity", "CapUnitId": "GW", "ActUnitId": "PJ", "IAR": [], "OAR": [], "EAR": [], "INCR": [], "ITCR": [], "TG": []}, {"TechId": "TEC_j5cb5", "Tech": "TEC141", "Desc": "Default commodity", "CapUnitId": "GW", "ActUnitId": "PJ", "IAR": [], "OAR": [], "EAR": [], "INCR": [], "ITCR": [], "TG": []}, {"TechId": "TEC_l6xt6", "Tech": "TEC142", "Desc": "Default commodity", "CapUnitId": "GW", "ActUnitId": "PJ", "IAR": [], "OAR": [], "EAR": [], "INCR": [], "ITCR": [], "TG": []}, {"TechId": "TEC_0jfko", "Tech": "TEC143", "Desc": "Default commodity", "CapUnitId": "GW", "ActUnitId": "PJ", "IAR": [], "OAR": [], "EAR": [], "INCR": [], "ITCR": [], "TG": []}, {"TechId": "TEC_gdedo", "Tech": "TEC144", "Desc": "Default commodity", "CapUnitId": "GW", "ActUnitId": "PJ", "IAR": [], "OAR": [], "EAR": [], "INCR": [], "ITCR": [], "TG": []}, {"TechId": "TEC_41ooo", "Tech": "TEC145", "Desc": "Default commodity", "CapUnitId": "GW", "ActUnitId": "PJ", "IAR": [], "OAR": [], "EAR": [], "INCR": [], "ITCR": [], "TG": []}, {"TechId": "TEC_3ea6w", "Tech": "TEC146", "Desc": "Default commodity", "CapUnitId": "GW", "ActUnitId": "PJ", "IAR": [], "OAR": [], "EAR": [], "INCR": [], "ITCR": [], "TG": []}, {"TechId": "TEC_bip12", "Tech": "TEC147", "Desc": "Default commodity", "CapUnitId": "GW", "ActUnitId": "PJ", "IAR": [], "OAR": [], "EAR": [], "INCR": [], "ITCR": [], "TG": []}, {"TechId": "TEC_5owyg", "Tech": "TEC148", "Desc": "Default commodity", "CapUnitId": "GW", "ActUnitId": "PJ", "IAR": [], "OAR": [], "EAR": [], "INCR": [], "ITCR": [], "TG": []}, {"TechId": "TEC_0o31r", "Tech": "TEC149", "Desc": "Default commodity", "CapUnitId": "GW", "ActUnitId": "PJ", "IAR": [], "OAR": [], "EAR": [], "INCR": [], "ITCR": [], "TG": []}, {"TechId": "TEC_w5jcn", "Tech": "TEC150", "Desc": "Default commodity", "CapUnitId": "GW", "ActUnitId": "PJ", "IAR": [], "OAR": [], "EAR": [], "INCR": [], "ITCR": [], "TG": []}, {"TechId": "TEC_cnmxt", "Tech": "TEC151", "Desc": "Default commodity", "CapUnitId": "GW", "ActUnitId": "PJ", "IAR": [], "OAR": [], "EAR": [], "INCR": [], "ITCR": [], "TG": []}, {"TechId": "TEC_oncez", "Tech": "TEC152", "Desc": "Default commodity", "CapUnitId": "GW", "ActUnitId": "PJ", "IAR": [], "OAR": [], "EAR": [], "INCR": [], "ITCR": [], "TG": []}, {"TechId": "TEC_m4dt7", "Tech": "TEC153", "Desc": "Default commodity", "CapUnitId": "GW", "ActUnitId": "PJ", "IAR": [], "OAR": [], "EAR": [], "INCR": [], "ITCR": [], "TG": []}, {"TechId": "TEC_to5s4", "Tech": "TEC154", "Desc": "Default commodity", "CapUnitId": "GW", "ActUnitId": "PJ", "IAR": [], "OAR": [], "EAR": [], "INCR": [], "ITCR": [], "TG": []}, {"TechId": "TEC_1r2e1", "Tech": "TEC155", "Desc": "Default commodity", "CapUnitId": "GW", "ActUnitId": "PJ", "IAR": [], "OAR": [], "EAR": [], "INCR": [], "ITCR": [], "TG": []}, {"TechId": "TEC_ofmyt", "Tech": "TEC156", "Desc": "Default commodity", "CapUnitId": "GW", "ActUnitId": "PJ", "IAR": [], "OAR": [], "EAR": [], "INCR": [], "ITCR": [], "TG": []}, {"TechId": "TEC_3lens", "Tech": "TEC157", "Desc": "Default commodity", "CapUnitId": "GW", "ActUnitId": "PJ", "IAR": [], "OAR": [], "EAR": [], "INCR": [], "ITCR": [], "TG": []}, {"TechId": "TEC_r8irv", "Tech": "TEC158", "Desc": "Default commodity", "CapUnitId": "GW", "ActUnitId": "PJ", "IAR": [], "OAR": [], "EAR": [], "INCR": [], "ITCR": [], "TG": []}, {"TechId": "TEC_g4dpf", "Tech": "TEC159", "Desc": "Default commodity", "CapUnitId": "GW", "ActUnitId": "PJ", "IAR": [], "OAR": [], "EAR": [], "INCR": [], "ITCR": [], "TG": []}, {"TechId": "TEC_s99ww", "Tech": "TEC160", "Desc": "Default commodity", "CapUnitId": "GW", "ActUnitId": "PJ", "IAR": [], "OAR": [], "EAR": [], "INCR": [], "ITCR": [], "TG": []}, {"TechId": "TEC_e9gsn", "Tech": "TEC161", "Desc": "Default commodity", "CapUnitId": "GW", "ActUnitId": "PJ", "IAR": [], "OAR": [], "EAR": [], "INCR": [], "ITCR": [], "TG": []}, {"TechId": "TEC_dvrsi", "Tech": "TEC162", "Desc": "Default commodity", "CapUnitId": "GW", "ActUnitId": "PJ", "IAR": [], "OAR": [], "EAR": [], "INCR": [], "ITCR": [], "TG": []}, {"TechId": "TEC_62a8t", "Tech": "TEC163", "Desc": "Default commodity", "CapUnitId": "GW", "ActUnitId": "PJ", "IAR": [], "OAR": [], "EAR": [], "INCR": [], "ITCR": [], "TG": []}, {"TechId": "TEC_cxge3", "Tech": "TEC164", "Desc": "Default commodity", "CapUnitId": "GW", "ActUnitId": "PJ", "IAR": [], "OAR": [], "EAR": [], "INCR": [], "ITCR": [], "TG": []}, {"TechId": "TEC_6gdrc", "Tech": "TEC165", "Desc": "Default commodity", "CapUnitId": "GW", "ActUnitId": "PJ", "IAR": [], "OAR": [], "EAR": [], "INCR": [], "ITCR": [], "TG": []}, {"TechId": "TEC_2pexa", "Tech": "TEC166", "Desc": "Default commodity", "CapUnitId": "GW", "ActUnitId": "PJ", "IAR": [], "OAR": [], "EAR": [], "INCR": [], "ITCR": [], "TG": []}, {"TechId": "TEC_75zlt", "Tech": "TEC167", "Desc": "Default commodity", "CapUnitId": "GW", "ActUnitId": "PJ", "IAR": [], "OAR": [], "EAR": [], "INCR": [], "ITCR": [], "TG": []}, {"TechId": "TEC_iciuk", "Tech": "TEC168", "Desc": "Default commodity", "CapUnitId": "GW", "ActUnitId": "PJ", "IAR": [], "OAR": [], "EAR": [], "INCR": [], "ITCR": [], "TG": []}, {"TechId": "TEC_sszfk", "Tech": "TEC169", "Desc": "Default commodity", "CapUnitId": "GW", "ActUnitId": "PJ", "IAR": [], "OAR": [], "EAR": [], "INCR": [], "ITCR": [], "TG": []}, {"TechId": "TEC_mexq3", "Tech": "TEC170", "Desc": "Default commodity", "CapUnitId": "GW", "ActUnitId": "PJ", "IAR": [], "OAR": [], "EAR": [], "INCR": [], "ITCR": [], "TG": []}, {"TechId": "TEC_tpi41", "Tech": "TEC171", "Desc": "Default commodity", "CapUnitId": "GW", "ActUnitId": "PJ", "IAR": [], "OAR": [], "EAR": [], "INCR": [], "ITCR": [], "TG": []}, {"TechId": "TEC_s5hhh", "Tech": "TEC172", "Desc": "Default commodity", "CapUnitId": "GW", "ActUnitId": "PJ", "IAR": [], "OAR": [], "EAR": [], "INCR": [], "ITCR": [], "TG": []}, {"TechId": "TEC_jzpb9", "Tech": "TEC173", "Desc": "Default commodity", "CapUnitId": "GW", "ActUnitId": "PJ", "IAR": [], "OAR": [], "EAR": [], "INCR": [], "ITCR": [], "TG": []}, {"TechId": "TEC_6ks50", "Tech": "TEC174", "Desc": "Default commodity", "CapUnitId": "GW", "ActUnitId": "PJ", "IAR": [], "OAR": [], "EAR": [], "INCR": [], "ITCR": [], "TG": []}, {"TechId": "TEC_6xca7", "Tech": "TEC175", "Desc": "Default commodity", "CapUnitId": "GW", "ActUnitId": "PJ", "IAR": [], "OAR": [], "EAR": [], "INCR": [], "ITCR": [], "TG": []}, {"TechId": "TEC_4me8g", "Tech": "TEC176", "Desc": "Default commodity", "CapUnitId": "GW", "ActUnitId": "PJ", "IAR": [], "OAR": [], "EAR": [], "INCR": [], "ITCR": [], "TG": []}, {"TechId": "TEC_aod7h", "Tech": "TEC177", "Desc": "Default commodity", "CapUnitId": "GW", "ActUnitId": "PJ", "IAR": [], "OAR": [], "EAR": [], "INCR": [], "ITCR": [], "TG": []}, {"TechId": "TEC_y4x01", "Tech": "TEC178", "Desc": "Default commodity", "CapUnitId": "GW", "ActUnitId": "PJ", "IAR": [], "OAR": [], "EAR": [], "INCR": [], "ITCR": [], "TG": []}, {"TechId": "TEC_v23lv", "Tech": "TEC179", "Desc": "Default commodity", "CapUnitId": "GW", "ActUnitId": "PJ", "IAR": [], "OAR": [], "EAR": [], "INCR": [], "ITCR": [], "TG": []}, {"TechId": "TEC_q9o91", "Tech": "TEC180", "Desc": "Default commodity", "CapUnitId": "GW", "ActUnitId": "PJ", "IAR": [], "OAR": [], "EAR": [], "INCR": [], "ITCR": [], "TG": []}, {"TechId": "TEC_qbqof", "Tech": "TEC181", "Desc": "Default commodity", "CapUnitId": "GW", "ActUnitId": "PJ", "IAR": [], "OAR": [], "EAR": [], "INCR": [], "ITCR": [], "TG": []}, {"TechId": "TEC_4wfm0", "Tech": "TEC182", "Desc": "Default commodity", "CapUnitId": "GW", "ActUnitId": "PJ", "IAR": [], "OAR": [], "EAR": [], "INCR": [], "ITCR": [], "TG": []}, {"TechId": "TEC_d09jj", "Tech": "TEC183", "Desc": "Default commodity", "CapUnitId": "GW", "ActUnitId": "PJ", "IAR": [], "OAR": [], "EAR": [], "INCR": [], "ITCR": [], "TG": []}, {"TechId": "TEC_aicrm", "Tech": "TEC184", "Desc": "Default commodity", "CapUnitId": "GW", "ActUnitId": "PJ", "IAR": [], "OAR": [], "EAR": [], "INCR": [], "ITCR": [], "TG": []}, {"TechId": "TEC_2tdm0", "Tech": "TEC185", "Desc": "Default commodity", "CapUnitId": "GW", "ActUnitId": "PJ", "IAR": [], "OAR": [], "EAR": [], "INCR": [], "ITCR": [], "TG": []}, {"TechId": "TEC_tya59", "Tech": "TEC186", "Desc": "Default commodity", "CapUnitId": "GW", "ActUnitId": "PJ", "IAR": [], "OAR": [], "EAR": [], "INCR": [], "ITCR": [], "TG": []}, {"TechId": "TEC_l4ypz", "Tech": "TEC187", "Desc": "Default commodity", "CapUnitId": "GW", "ActUnitId": "PJ", "IAR": [], "OAR": [], "EAR": [], "INCR": [], "ITCR": [], "TG": []}, {"TechId": "TEC_wnhuw", "Tech": "TEC188", "Desc": "Default commodity", "CapUnitId": "GW", "ActUnitId": "PJ", "IAR": [], "OAR": [], "EAR": [], "INCR": [], "ITCR": [], "TG": []}, {"TechId": "TEC_ugc55", "Tech": "TEC189", "Desc": "Default commodity", "CapUnitId": "GW", "ActUnitId": "PJ", "IAR": [], "OAR": [], "EAR": [], "INCR": [], "ITCR": [], "TG": []}, {"TechId": "TEC_e2byn", "Tech": "TEC190", "Desc": "Default commodity", "CapUnitId": "GW", "ActUnitId": "PJ", "IAR": [], "OAR": [], "EAR": [], "INCR": [], "ITCR": [], "TG": []}, {"TechId": "TEC_vy1mi", "Tech": "TEC191", "Desc": "Default commodity", "CapUnitId": "GW", "ActUnitId": "PJ", "IAR": [], "OAR": [], "EAR": [], "INCR": [], "ITCR": [], "TG": []}, {"TechId": "TEC_boi3h", "Tech": "TEC192", "Desc": "Default commodity", "CapUnitId": "GW", "ActUnitId": "PJ", "IAR": [], "OAR": [], "EAR": [], "INCR": [], "ITCR": [], "TG": []}, {"TechId": "TEC_s7q2v", "Tech": "TEC193", "Desc": "Default commodity", "CapUnitId": "GW", "ActUnitId": "PJ", "IAR": [], "OAR": [], "EAR": [], "INCR": [], "ITCR": [], "TG": []}, {"TechId": "TEC_6yiee", "Tech": "TEC194", "Desc": "Default commodity", "CapUnitId": "GW", "ActUnitId": "PJ", "IAR": [], "OAR": [], "EAR": [], "INCR": [], "ITCR": [], "TG": []}, {"TechId": "TEC_jsxej", "Tech": "TEC195", "Desc": "Default commodity", "CapUnitId": "GW", "ActUnitId": "PJ", "IAR": [], "OAR": [], "EAR": [], "INCR": [], "ITCR": [], "TG": []}, {"TechId": "TEC_2autc", "Tech": "TEC196", "Desc": "Default commodity", "CapUnitId": "GW", "ActUnitId": "PJ", "IAR": [], "OAR": [], "EAR": [], "INCR": [], "ITCR": [], "TG": []}, {"TechId": "TEC_3dzl8", "Tech": "TEC197", "Desc": "Default commodity", "CapUnitId": "GW", "ActUnitId": "PJ", "IAR": [], "OAR": [], "EAR": [], "INCR": [], "ITCR": [], "TG": []}, {"TechId": "TEC_e1sax", "Tech": "TEC198", "Desc": "Default commodity", "CapUnitId": "GW", "ActUnitId": "PJ", "IAR": [], "OAR": [], "EAR": [], "INCR": [], "ITCR": [], "TG": []}], "osy-techGroups": [{"TechGroup": "TG_0", "TechGroupId": "TG_0", "Desc": "Default technology group"}], "osy-comm": [{"CommId": "COM_1isf9", "Comm": "OIL", "Desc": "Default commodity", "UnitId": "PJ"}, {"CommId": "COM_madr5", "Comm": "BIO", "Desc": "Default commodity", "UnitId": "PJ"}, {"CommId": "COM_xdjha", "Comm": "COA", "Desc": "Default commodity", "UnitId": "PJ"}, {"CommId": "COM_w8qno", "Comm": "GSL", "Desc": "Default commodity", "UnitId": "PJ"}, {"CommId": "COM_t9ca0", "Comm": "NGS", "Desc": "Default commodity", "UnitId": "PJ"}, {"CommId": "COM_bseeq", "Comm": "HFO", "Desc": "Default commodity", "UnitId": "PJ"}, {"CommId": "COM_0pscl", "Comm": "SOL", "Desc": "Default commodity", "UnitId": "PJ"}, {"CommId": "COM_ho86w", "Comm": "HYD", "Desc": "Default commodity", "UnitId": "PJ"}, {"CommId": "COM_bkncx", "Comm": "WND", "Desc": "Default commodity", "UnitId": "PJ"}, {"CommId": "COM_0qvkn", "Comm": "URN", "Desc": "Default commodity", "UnitId": "PJ"}, {"CommId": "COM_2vm71", "Comm": "GEO", "Desc": "Default commodity", "UnitId": "PJ"}, {"CommId": "COM_g1yvz", "Comm": "ELC001", "Desc": "Default commodity", "UnitId": "PJ"}, {"CommId": "COM_84c5t", "Comm": "ELC002", "Desc": "Default commodity", "UnitId": "PJ"}, {"CommId": "COM_yl231", "Comm": "ELC003", "Desc": "Default commodity", "UnitId": "PJ"}, {"CommId": "COM_98lj4", "Comm": "ELCEV", "Desc": "Default commodity", "UnitId": "PJ"}, {"CommId": "COM_0lmxf", "Comm": "TRAMCY", "Desc": "Default commodity", "UnitId": "PJ"}, {"CommId": "COM_dskio", "Comm": "TRACAR", "Desc": "Default commodity", "UnitId": "PJ"}, {"CommId": "COM_cqyi2", "Comm": "TRABUS", "Desc": "Default commodity", "UnitId": "PJ"}, {"CommId": "COM_otd0i", "Comm": "COPMOT", "Desc": "Default commodity", "UnitId": "PJ"}, {"CommId": "COM_tufp0", "Comm": "COPHEA", "Desc": "Default commodity", "UnitId": "PJ"}, {"CommId": "COM_5m2dm", "Comm": "COPVEH", "Desc": "Default commodity", "UnitId": "PJ"}, {"CommId": "COM_jvcy9", "Comm": "RESLIG", "Desc": "Default commodity", "UnitId": "PJ"}, {"CommId": "COM_nmc6x", "Comm": "RESCOO", "Desc": "Default commodity", "UnitId": "PJ"}, {"CommId": "COM_o3hbs", "Comm": "RESHCK", "Desc": "Default commodity", "UnitId": "PJ"}, {"CommId": "COM_u5fxw", "Comm": "COMAPP", "Desc": "Default commodity", "UnitId": "PJ"}, {"CommId": "COM_nml8q", "Comm": "COMOTH", "Desc": "Default commodity", "UnitId": "PJ"}, {"CommId": "COM_i9l45", "Comm": "INDMOT", "Desc": "Default commodity", "UnitId": "PJ"}, {"CommId": "COM_ei23y", "Comm": "INDHEA", "Desc": "Default commodity", "UnitId": "PJ"}, {"CommId": "COM_gt7ww", "Comm": "AGRIRR", "Desc": "Default commodity", "UnitId": "PJ"}, {"CommId": "COM_2cqn9", "Comm": "AGRMAC", "Desc": "Default commodity", "UnitId": "PJ"}, {"CommId": "COM_rftbt", "Comm": "AGRHEA", "Desc": "Default commodity", "UnitId": "PJ"}, {"CommId": "COM_ulcl9", "Comm": "TRAFRE", "Desc": "Default commodity", "UnitId": "PJ"}, {"CommId": "COM_6xunt", "Comm": "TRAOTH", "Desc": "Default commodity", "UnitId": "PJ"}, {"CommId": "COM_t60mq", "Comm": "LPG", "Desc": "Default commodity", "UnitId": "PJ"}, {"CommId": "COM_pr407", "Comm": "BGS", "Desc": "Default commodity", "UnitId": "PJ"}, {"CommId": "COM_axml4", "Comm": "BFT", "Desc": "Default commodity", "UnitId": "PJ"}, {"CommId": "COM_12f4d", "Comm": "COM037", "Desc": "Default commodity", "UnitId": "PJ"}, {"CommId": "COM_x9x2k", "Comm": "COM038", "Desc": "Default commodity", "UnitId": "PJ"}, {"CommId": "COM_s1gni", "Comm": "COM039", "Desc": "Default commodity", "UnitId": "PJ"}, {"CommId": "COM_3ggwl", "Comm": "COM040", "Desc": "Default commodity", "UnitId": "PJ"}, {"CommId": "COM_gmaqa", "Comm": "COM041", "Desc": "Default commodity", "UnitId": "PJ"}, {"CommId": "COM_h1k6e", "Comm": "COM042", "Desc": "Default commodity", "UnitId": "PJ"}, {"CommId": "COM_1iv4h", "Comm": "COM043", "Desc": "Default commodity", "UnitId": "PJ"}, {"CommId": "COM_uqyza", "Comm": "COM044", "Desc": "Default commodity", "UnitId": "PJ"}, {"CommId": "COM_gm6xp", "Comm": "COM045", "Desc": "Default commodity", "UnitId": "PJ"}, {"CommId": "COM_qk7yy", "Comm": "COM046", "Desc": "Default commodity", "UnitId": "PJ"}, {"CommId": "COM_jidxy", "Comm": "COM047", "Desc": "Default commodity", "UnitId": "PJ"}, {"CommId": "COM_nw2hz", "Comm": "COM048", "Desc": "Default commodity", "UnitId": "PJ"}, {"CommId": "COM_jbz72", "Comm": "COM049", "Desc": "Default commodity", "UnitId": "PJ"}, {"CommId": "COM_0uium", "Comm": "COM050", "Desc": "Default commodity", "UnitId": "PJ"}], "osy-emis": [{"EmisId": "EMI_hdkhf", "Emis": "EMIC02", "Desc": "Default emission", "UnitId": "Ton"}, {"EmisId": "EMI_5ckcv", "Emis": "EMICH4", "Desc": "Default emission", "UnitId": "Ton"}, {"EmisId": "EMI_kuf1n", "Emis": "EMIFGA", "Desc": "Default emission", "UnitId": "Ton"}, {"EmisId": "EMI_credh", "Emis": "EMIN2O", "Desc": "Default emission", "UnitId": "Ton"}, {"EmisId": "EMI_zxtly", "Emis": "EMIREN", "Desc": "Default emission", "UnitId": "Ton"}], "osy-scenarios": [{"ScenarioId": "SC_0", "Scenario": "SC_0", "Desc": "Base scenario", "Active": true}], "osy-constraints": [], "osy-years": ["2015", "2016", "2017", "2018", "2019", "2020", "2021", "2022", "2023", "2024", "2025", "2026", "2027", "2028", "2029", "2030", "2031", "2032", "2033", "2034", "2035", "2036", "2037", "2038", "2039", "2040", "2041", "2042", "2043", "2044", "2045", "2046", "2047", "2048", "2049", "2050", "2051", "2052", "2053", "2054", "2055", "2056", "2057", "2058", "2059", "2060", "2061", "2062", "2063", "2064", "2065", "2066", "2067", "2068", "2069", "2070"]}