{"CAU": {"SC_0": [{"TEC_6ynqf": 1.0, "TEC_l609w": 1.0, "TEC_x81eg": 1.0, "TEC_stl1z": 1.0, "TEC_bmyvc": 1.0, "TEC_o8kqh": 1.0, "TEC_g1j3f": 1.0, "TEC_7boc4": 1.0, "TEC_t76ss": 1.0, "TEC_hyla9": 1.0, "TEC_5nepe": 1.0, "TEC_7w3gp": 1.0, "TEC_1467m": 1.0, "TEC_o0l1x": 1.0, "TEC_pul5x": 1.0, "TEC_idv97": 1.0, "TEC_cp52b": 1.0, "TEC_fdfrr": 1.0, "TEC_l51x8": 31.536, "TEC_y36gu": 31.536, "TEC_xceo1": 1.0, "TEC_8x925": 31.536, "TEC_1dnkq": 31.536, "TEC_nsa3b": 31.536, "TEC_a3q7j": 31.536, "TEC_cg71x": 31.536, "TEC_yie9p": 31.536, "TEC_hskpa": 31.536, "TEC_4q0ea": 31.536, "TEC_qywgn": 31.536, "TEC_1jsu6": 31.536, "TEC_dj5rr": 31.536, "TEC_t6iyx": 31.536, "TEC_2ojdq": 31.536, "TEC_pd0al": 31.536, "TEC_ggkrw": 31.536, "TEC_ao7jd": 31.536, "TEC_0aauj": 31.536, "TEC_dal4f": 1.0, "TEC_j6r7q": 31.536, "TEC_0j409": 31.536, "TEC_6530t": 31.536, "TEC_4q8dx": 31.536, "TEC_u2o2e": 31.536, "TEC_e9yr5": 31.536, "TEC_2qgj1": 1.0, "TEC_wxncx": 31.536, "TEC_fgchl": 31.536, "TEC_4vbde": 31.536, "TEC_lt79l": 31.536, "TEC_kghm5": 31.536, "TEC_ftcva": 31.536, "TEC_krqjm": 31.536, "TEC_xdc0x": 31.536, "TEC_nt9w9": 31.536, "TEC_yaaku": 31.536, "TEC_x5ad6": 31.536, "TEC_14zt2": 31.536, "TEC_gifuh": 31.536, "TEC_k9rnb": 31.536, "TEC_rtzfh": 31.536, "TEC_yzkxe": 31.536, "TEC_asvi3": 31.536, "TEC_uy7tv": 31.536, "TEC_dxf4z": 31.536, "TEC_jejq5": 31.536, "TEC_wbqa5": 31.536, "TEC_iaswp": 31.536, "TEC_y8np2": 31.536, "TEC_71w6h": 31.536, "TEC_f55to": 31.536, "TEC_j31ih": 31.536, "TEC_4edg0": 31.536, "TEC_o307k": 31.536, "TEC_umdcn": 31.536, "TEC_14b6n": 31.536, "TEC_v8mec": 31.536, "TEC_90b15": 31.536, "TEC_1osik": 31.536, "TEC_euvk1": 31.536, "TEC_buldn": 31.536, "TEC_x489n": 31.536, "TEC_irtqk": 31.536, "TEC_45gq4": 31.536, "TEC_ij35r": 31.536, "TEC_gg7du": 31.536, "TEC_pn8m8": 31.536, "TEC_blp6o": 1.0, "TEC_z5m6o": 1.0, "TEC_w5trj": 1.0, "TEC_v833b": 1.0, "TEC_rwr2i": 1.0, "TEC_wuhwm": 1.0, "TEC_kbiia": 1.0, "TEC_pnmtg": 1.0, "TEC_3h53m": 1.0, "TEC_jkbdd": 1.0, "TEC_29mtq": 1.0, "TEC_dzxuy": 1.0, "TEC_ukdsp": 1.0, "TEC_ey5c6": 1.0, "TEC_c66cm": 1.0, "TEC_nfxep": 1.0, "TEC_zlc2s": 1.0, "TEC_mos7e": 1.0, "TEC_amy68": 31.536, "TEC_g0kpd": 1.0, "TEC_h8ruw": 1.0, "TEC_wse0k": 31.536, "TEC_spqgr": 0.0, "TEC_gnzma": 31.536, "TEC_q0iep": 31.536, "TEC_du3t9": 31.536, "TEC_xkpe3": 31.536, "TEC_d61is": 0.0, "TEC_lzzsz": 0.0, "TEC_8el30": 0.0, "TEC_xg3sg": 0.0, "TEC_m6znb": 0.0, "TEC_p0w0i": 0.0, "TEC_y7fbg": 0.0, "TEC_9xfsp": 0.0, "TEC_dqo4s": 0.0, "TEC_pncdm": 0.0, "TEC_p73tq": 0.0, "TEC_xnfub": 0.0, "TEC_1r5n0": 0.0, "TEC_pi5au": 0.0, "TEC_eifth": 0.0, "TEC_8dgm9": 0.0, "TEC_otlzs": 0.0, "TEC_mh9ta": 0.0, "TEC_28dc2": 0.0, "TEC_5az4z": 0.0, "TEC_gphff": 0.0, "TEC_17f4p": 0.0, "TEC_6fd4i": 0.0, "TEC_aa6je": 0.0, "TEC_iwwg0": 0.0, "TEC_zt5gv": 0.0, "TEC_u665r": 0.0, "TEC_j5cb5": 0.0, "TEC_l6xt6": 0.0, "TEC_0jfko": 0.0, "TEC_gdedo": 0.0, "TEC_41ooo": 0.0, "TEC_3ea6w": 0.0, "TEC_bip12": 0.0, "TEC_5owyg": 0.0, "TEC_0o31r": 0.0, "TEC_w5jcn": 0.0, "TEC_cnmxt": 0.0, "TEC_oncez": 0.0, "TEC_m4dt7": 0.0, "TEC_to5s4": 0.0, "TEC_1r2e1": 0.0, "TEC_ofmyt": 0.0, "TEC_3lens": 0.0, "TEC_r8irv": 0.0, "TEC_g4dpf": 0.0, "TEC_s99ww": 0.0, "TEC_e9gsn": 0.0, "TEC_dvrsi": 0.0, "TEC_62a8t": 0.0, "TEC_cxge3": 0.0, "TEC_6gdrc": 0.0, "TEC_2pexa": 0.0, "TEC_75zlt": 0.0, "TEC_iciuk": 0.0, "TEC_sszfk": 0.0, "TEC_mexq3": 0.0, "TEC_tpi41": 0.0, "TEC_s5hhh": 0.0, "TEC_jzpb9": 0.0, "TEC_6ks50": 0.0, "TEC_6xca7": 0.0, "TEC_4me8g": 0.0, "TEC_aod7h": 0.0, "TEC_y4x01": 0.0, "TEC_v23lv": 0.0, "TEC_q9o91": 0.0, "TEC_qbqof": 0.0, "TEC_4wfm0": 0.0, "TEC_d09jj": 0.0, "TEC_aicrm": 0.0, "TEC_2tdm0": 0.0, "TEC_tya59": 0.0, "TEC_l4ypz": 0.0, "TEC_wnhuw": 0.0, "TEC_ugc55": 0.0, "TEC_e2byn": 0.0, "TEC_vy1mi": 0.0, "TEC_boi3h": 0.0, "TEC_s7q2v": 0.0, "TEC_6yiee": 0.0, "TEC_jsxej": 0.0, "TEC_2autc": 0.0, "TEC_3dzl8": 0.0, "TEC_e1sax": 0.0}]}, "OL": {"SC_0": [{"TEC_6ynqf": 1, "TEC_l609w": 1, "TEC_x81eg": 1, "TEC_stl1z": 1, "TEC_bmyvc": 1, "TEC_o8kqh": 1, "TEC_g1j3f": 1, "TEC_7boc4": 1, "TEC_t76ss": 35, "TEC_hyla9": 35, "TEC_5nepe": 1, "TEC_7w3gp": 1, "TEC_1467m": 1, "TEC_o0l1x": 1, "TEC_pul5x": 1, "TEC_idv97": 1, "TEC_cp52b": 1, "TEC_fdfrr": 1, "TEC_l51x8": 30, "TEC_y36gu": 35, "TEC_xceo1": 1, "TEC_8x925": 25, "TEC_1dnkq": 25, "TEC_nsa3b": 25, "TEC_a3q7j": 30, "TEC_cg71x": 25, "TEC_yie9p": 24, "TEC_hskpa": 30, "TEC_4q0ea": 30, "TEC_qywgn": 50, "TEC_1jsu6": 50, "TEC_dj5rr": 50, "TEC_t6iyx": 25, "TEC_2ojdq": 25, "TEC_pd0al": 50, "TEC_ggkrw": 24, "TEC_ao7jd": 25, "TEC_0aauj": 1, "TEC_dal4f": 1, "TEC_j6r7q": 50, "TEC_0j409": 70, "TEC_6530t": 10, "TEC_4q8dx": 24, "TEC_u2o2e": 50, "TEC_e9yr5": 1, "TEC_2qgj1": 1, "TEC_wxncx": 50, "TEC_fgchl": 15, "TEC_4vbde": 20, "TEC_lt79l": 20, "TEC_kghm5": 20, "TEC_ftcva": 20, "TEC_krqjm": 15, "TEC_xdc0x": 20, "TEC_nt9w9": 20, "TEC_yaaku": 20, "TEC_x5ad6": 15, "TEC_14zt2": 10, "TEC_gifuh": 10, "TEC_k9rnb": 15, "TEC_rtzfh": 15, "TEC_yzkxe": 15, "TEC_asvi3": 15, "TEC_uy7tv": 20, "TEC_dxf4z": 20, "TEC_jejq5": 10, "TEC_wbqa5": 10, "TEC_iaswp": 15, "TEC_y8np2": 15, "TEC_71w6h": 15, "TEC_f55to": 10, "TEC_j31ih": 10, "TEC_4edg0": 10, "TEC_o307k": 10, "TEC_umdcn": 10, "TEC_14b6n": 10, "TEC_v8mec": 10, "TEC_90b15": 10, "TEC_1osik": 10, "TEC_euvk1": 10, "TEC_buldn": 15, "TEC_x489n": 15, "TEC_irtqk": 15, "TEC_45gq4": 20, "TEC_ij35r": 15, "TEC_gg7du": 15, "TEC_pn8m8": 15, "TEC_blp6o": 1, "TEC_z5m6o": 1, "TEC_w5trj": 1, "TEC_v833b": 1, "TEC_rwr2i": 1, "TEC_wuhwm": 1, "TEC_kbiia": 1, "TEC_pnmtg": 1, "TEC_3h53m": 1, "TEC_jkbdd": 1, "TEC_29mtq": 1, "TEC_dzxuy": 1, "TEC_ukdsp": 1, "TEC_ey5c6": 1, "TEC_c66cm": 1, "TEC_nfxep": 1, "TEC_zlc2s": 1, "TEC_mos7e": 1, "TEC_amy68": 15, "TEC_g0kpd": 1, "TEC_h8ruw": 1, "TEC_wse0k": 10, "TEC_spqgr": 1, "TEC_gnzma": 20, "TEC_q0iep": 20, "TEC_du3t9": 15, "TEC_xkpe3": 20, "TEC_d61is": 1, "TEC_lzzsz": 1, "TEC_8el30": 1, "TEC_xg3sg": 1, "TEC_m6znb": 1, "TEC_p0w0i": 1, "TEC_y7fbg": 1, "TEC_9xfsp": 1, "TEC_dqo4s": 1, "TEC_pncdm": 1, "TEC_p73tq": 1, "TEC_xnfub": 1, "TEC_1r5n0": 1, "TEC_pi5au": 1, "TEC_eifth": 1, "TEC_8dgm9": 1, "TEC_otlzs": 1, "TEC_mh9ta": 1, "TEC_28dc2": 1, "TEC_5az4z": 1, "TEC_gphff": 1, "TEC_17f4p": 1, "TEC_6fd4i": 1, "TEC_aa6je": 1, "TEC_iwwg0": 1, "TEC_zt5gv": 1, "TEC_u665r": 1, "TEC_j5cb5": 1, "TEC_l6xt6": 1, "TEC_0jfko": 1, "TEC_gdedo": 1, "TEC_41ooo": 1, "TEC_3ea6w": 1, "TEC_bip12": 1, "TEC_5owyg": 1, "TEC_0o31r": 1, "TEC_w5jcn": 1, "TEC_cnmxt": 1, "TEC_oncez": 1, "TEC_m4dt7": 1, "TEC_to5s4": 1, "TEC_1r2e1": 1, "TEC_ofmyt": 1, "TEC_3lens": 1, "TEC_r8irv": 1, "TEC_g4dpf": 1, "TEC_s99ww": 1, "TEC_e9gsn": 1, "TEC_dvrsi": 1, "TEC_62a8t": 1, "TEC_cxge3": 1, "TEC_6gdrc": 1, "TEC_2pexa": 1, "TEC_75zlt": 1, "TEC_iciuk": 1, "TEC_sszfk": 1, "TEC_mexq3": 1, "TEC_tpi41": 1, "TEC_s5hhh": 1, "TEC_jzpb9": 1, "TEC_6ks50": 1, "TEC_6xca7": 1, "TEC_4me8g": 1, "TEC_aod7h": 1, "TEC_y4x01": 1, "TEC_v23lv": 1, "TEC_q9o91": 1, "TEC_qbqof": 1, "TEC_4wfm0": 1, "TEC_d09jj": 1, "TEC_aicrm": 1, "TEC_2tdm0": 1, "TEC_tya59": 1, "TEC_l4ypz": 1, "TEC_wnhuw": 1, "TEC_ugc55": 1, "TEC_e2byn": 1, "TEC_vy1mi": 1, "TEC_boi3h": 1, "TEC_s7q2v": 1, "TEC_6yiee": 1, "TEC_jsxej": 1, "TEC_2autc": 1, "TEC_3dzl8": 1, "TEC_e1sax": 1}]}, "TMPAL": {"SC_0": [{"TEC_6ynqf": 0, "TEC_l609w": 0, "TEC_x81eg": 0, "TEC_stl1z": 0, "TEC_bmyvc": 0, "TEC_o8kqh": 0, "TEC_g1j3f": 0, "TEC_7boc4": 0, "TEC_t76ss": 0, "TEC_hyla9": 0, "TEC_5nepe": 0, "TEC_7w3gp": 0, "TEC_1467m": 0, "TEC_o0l1x": 0, "TEC_pul5x": 0, "TEC_idv97": 0, "TEC_cp52b": 0, "TEC_fdfrr": 0, "TEC_l51x8": 0, "TEC_y36gu": 0, "TEC_xceo1": 0, "TEC_8x925": 0, "TEC_1dnkq": 0, "TEC_nsa3b": 0, "TEC_a3q7j": 0, "TEC_cg71x": 0, "TEC_yie9p": 0, "TEC_hskpa": 0, "TEC_4q0ea": 0, "TEC_qywgn": 0, "TEC_1jsu6": 0, "TEC_dj5rr": 0, "TEC_t6iyx": 0, "TEC_2ojdq": 0, "TEC_pd0al": 0, "TEC_ggkrw": 0, "TEC_ao7jd": 0, "TEC_0aauj": 0, "TEC_dal4f": 0, "TEC_j6r7q": 0, "TEC_0j409": 0, "TEC_6530t": 0, "TEC_4q8dx": 0, "TEC_u2o2e": 0, "TEC_e9yr5": 0, "TEC_2qgj1": 0, "TEC_wxncx": 0, "TEC_fgchl": 0, "TEC_4vbde": 0, "TEC_lt79l": 0, "TEC_kghm5": 0, "TEC_ftcva": 0, "TEC_krqjm": 0, "TEC_xdc0x": 0, "TEC_nt9w9": 0, "TEC_yaaku": 0, "TEC_x5ad6": 0, "TEC_14zt2": 0, "TEC_gifuh": 0, "TEC_k9rnb": 0, "TEC_rtzfh": 0, "TEC_yzkxe": 0, "TEC_asvi3": 0, "TEC_uy7tv": 0, "TEC_dxf4z": 0, "TEC_jejq5": 0, "TEC_wbqa5": 0, "TEC_iaswp": 0, "TEC_y8np2": 0, "TEC_71w6h": 0, "TEC_f55to": 0, "TEC_j31ih": 0, "TEC_4edg0": 0, "TEC_o307k": 0, "TEC_umdcn": 0, "TEC_14b6n": 0, "TEC_v8mec": 0, "TEC_90b15": 0, "TEC_1osik": 0, "TEC_euvk1": 0, "TEC_buldn": 0, "TEC_x489n": 0, "TEC_irtqk": 0, "TEC_45gq4": 0, "TEC_ij35r": 0, "TEC_gg7du": 0, "TEC_pn8m8": 0, "TEC_blp6o": 0, "TEC_z5m6o": 0, "TEC_w5trj": 0, "TEC_v833b": 0, "TEC_rwr2i": 0, "TEC_wuhwm": 0, "TEC_kbiia": 0, "TEC_pnmtg": 0, "TEC_3h53m": 0, "TEC_jkbdd": 0, "TEC_29mtq": 0, "TEC_dzxuy": 0, "TEC_ukdsp": 0, "TEC_ey5c6": 0, "TEC_c66cm": 0, "TEC_nfxep": 0, "TEC_zlc2s": 0, "TEC_mos7e": 0, "TEC_amy68": 0, "TEC_g0kpd": 0, "TEC_h8ruw": 0, "TEC_wse0k": 0, "TEC_spqgr": 0, "TEC_gnzma": 0, "TEC_q0iep": 0, "TEC_du3t9": 0, "TEC_xkpe3": 0, "TEC_d61is": 0, "TEC_lzzsz": 0, "TEC_8el30": 0, "TEC_xg3sg": 0, "TEC_m6znb": 0, "TEC_p0w0i": 0, "TEC_y7fbg": 0, "TEC_9xfsp": 0, "TEC_dqo4s": 0, "TEC_pncdm": 0, "TEC_p73tq": 0, "TEC_xnfub": 0, "TEC_1r5n0": 0, "TEC_pi5au": 0, "TEC_eifth": 0, "TEC_8dgm9": 0, "TEC_otlzs": 0, "TEC_mh9ta": 0, "TEC_28dc2": 0, "TEC_5az4z": 0, "TEC_gphff": 0, "TEC_17f4p": 0, "TEC_6fd4i": 0, "TEC_aa6je": 0, "TEC_iwwg0": 0, "TEC_zt5gv": 0, "TEC_u665r": 0, "TEC_j5cb5": 0, "TEC_l6xt6": 0, "TEC_0jfko": 0, "TEC_gdedo": 0, "TEC_41ooo": 0, "TEC_3ea6w": 0, "TEC_bip12": 0, "TEC_5owyg": 0, "TEC_0o31r": 0, "TEC_w5jcn": 0, "TEC_cnmxt": 0, "TEC_oncez": 0, "TEC_m4dt7": 0, "TEC_to5s4": 0, "TEC_1r2e1": 0, "TEC_ofmyt": 0, "TEC_3lens": 0, "TEC_r8irv": 0, "TEC_g4dpf": 0, "TEC_s99ww": 0, "TEC_e9gsn": 0, "TEC_dvrsi": 0, "TEC_62a8t": 0, "TEC_cxge3": 0, "TEC_6gdrc": 0, "TEC_2pexa": 0, "TEC_75zlt": 0, "TEC_iciuk": 0, "TEC_sszfk": 0, "TEC_mexq3": 0, "TEC_tpi41": 0, "TEC_s5hhh": 0, "TEC_jzpb9": 0, "TEC_6ks50": 0, "TEC_6xca7": 0, "TEC_4me8g": 0, "TEC_aod7h": 0, "TEC_y4x01": 0, "TEC_v23lv": 0, "TEC_q9o91": 0, "TEC_qbqof": 0, "TEC_4wfm0": 0, "TEC_d09jj": 0, "TEC_aicrm": 0, "TEC_2tdm0": 0, "TEC_tya59": 0, "TEC_l4ypz": 0, "TEC_wnhuw": 0, "TEC_ugc55": 0, "TEC_e2byn": 0, "TEC_vy1mi": 0, "TEC_boi3h": 0, "TEC_s7q2v": 0, "TEC_6yiee": 0, "TEC_jsxej": 0, "TEC_2autc": 0, "TEC_3dzl8": 0, "TEC_e1sax": 0}]}, "TMPAU": {"SC_0": [{"TEC_6ynqf": 999999, "TEC_l609w": 999999, "TEC_x81eg": 999999, "TEC_stl1z": 999999, "TEC_bmyvc": 999999, "TEC_o8kqh": 999999, "TEC_g1j3f": 999999, "TEC_7boc4": 999999, "TEC_t76ss": 999999, "TEC_hyla9": 999999, "TEC_5nepe": 999999, "TEC_7w3gp": 999999, "TEC_1467m": 999999, "TEC_o0l1x": 999999, "TEC_pul5x": 999999, "TEC_idv97": 999999, "TEC_cp52b": 999999, "TEC_fdfrr": 999999, "TEC_l51x8": 999999, "TEC_y36gu": 999999, "TEC_xceo1": 999999, "TEC_8x925": 999999, "TEC_1dnkq": 999999, "TEC_nsa3b": 999999, "TEC_a3q7j": 999999, "TEC_cg71x": 999999, "TEC_yie9p": 999999, "TEC_hskpa": 999999, "TEC_4q0ea": 999999, "TEC_qywgn": 999999, "TEC_1jsu6": 999999, "TEC_dj5rr": 999999, "TEC_t6iyx": 999999, "TEC_2ojdq": 999999, "TEC_pd0al": 999999, "TEC_ggkrw": 999999, "TEC_ao7jd": 999999, "TEC_0aauj": 999999, "TEC_dal4f": 999999, "TEC_j6r7q": 999999, "TEC_0j409": 999999, "TEC_6530t": 999999, "TEC_4q8dx": 999999, "TEC_u2o2e": 999999, "TEC_e9yr5": 999999, "TEC_2qgj1": 999999, "TEC_wxncx": 999999, "TEC_fgchl": 999999, "TEC_4vbde": 999999, "TEC_lt79l": 999999, "TEC_kghm5": 999999, "TEC_ftcva": 999999, "TEC_krqjm": 999999, "TEC_xdc0x": 999999, "TEC_nt9w9": 999999, "TEC_yaaku": 999999, "TEC_x5ad6": 999999, "TEC_14zt2": 999999, "TEC_gifuh": 999999, "TEC_k9rnb": 999999, "TEC_rtzfh": 999999, "TEC_yzkxe": 999999, "TEC_asvi3": 999999, "TEC_uy7tv": 999999, "TEC_dxf4z": 999999, "TEC_jejq5": 999999, "TEC_wbqa5": 999999, "TEC_iaswp": 999999, "TEC_y8np2": 999999, "TEC_71w6h": 999999, "TEC_f55to": 999999, "TEC_j31ih": 999999, "TEC_4edg0": 999999, "TEC_o307k": 999999, "TEC_umdcn": 999999, "TEC_14b6n": 999999, "TEC_v8mec": 999999, "TEC_90b15": 999999, "TEC_1osik": 999999, "TEC_euvk1": 999999, "TEC_buldn": 999999, "TEC_x489n": 999999, "TEC_irtqk": 999999, "TEC_45gq4": 999999, "TEC_ij35r": 999999, "TEC_gg7du": 999999, "TEC_pn8m8": 999999, "TEC_blp6o": 999999, "TEC_z5m6o": 999999, "TEC_w5trj": 999999, "TEC_v833b": 999999, "TEC_rwr2i": 999999, "TEC_wuhwm": 999999, "TEC_kbiia": 999999, "TEC_pnmtg": 999999, "TEC_3h53m": 999999, "TEC_jkbdd": 999999, "TEC_29mtq": 999999, "TEC_dzxuy": 999999, "TEC_ukdsp": 999999, "TEC_ey5c6": 999999, "TEC_c66cm": 999999, "TEC_nfxep": 999999, "TEC_zlc2s": 999999, "TEC_mos7e": 999999, "TEC_amy68": 999999, "TEC_g0kpd": 999999, "TEC_h8ruw": 999999, "TEC_wse0k": 999999, "TEC_spqgr": 999999, "TEC_gnzma": 999999, "TEC_q0iep": 999999, "TEC_du3t9": 999999, "TEC_xkpe3": 999999, "TEC_d61is": 999999, "TEC_lzzsz": 999999, "TEC_8el30": 999999, "TEC_xg3sg": 999999, "TEC_m6znb": 999999, "TEC_p0w0i": 999999, "TEC_y7fbg": 999999, "TEC_9xfsp": 999999, "TEC_dqo4s": 999999, "TEC_pncdm": 999999, "TEC_p73tq": 999999, "TEC_xnfub": 999999, "TEC_1r5n0": 999999, "TEC_pi5au": 999999, "TEC_eifth": 999999, "TEC_8dgm9": 999999, "TEC_otlzs": 999999, "TEC_mh9ta": 999999, "TEC_28dc2": 999999, "TEC_5az4z": 999999, "TEC_gphff": 999999, "TEC_17f4p": 999999, "TEC_6fd4i": 999999, "TEC_aa6je": 999999, "TEC_iwwg0": 999999, "TEC_zt5gv": 999999, "TEC_u665r": 999999, "TEC_j5cb5": 999999, "TEC_l6xt6": 999999, "TEC_0jfko": 999999, "TEC_gdedo": 999999, "TEC_41ooo": 999999, "TEC_3ea6w": 999999, "TEC_bip12": 999999, "TEC_5owyg": 999999, "TEC_0o31r": 999999, "TEC_w5jcn": 999999, "TEC_cnmxt": 999999, "TEC_oncez": 999999, "TEC_m4dt7": 999999, "TEC_to5s4": 999999, "TEC_1r2e1": 999999, "TEC_ofmyt": 999999, "TEC_3lens": 999999, "TEC_r8irv": 999999, "TEC_g4dpf": 999999, "TEC_s99ww": 999999, "TEC_e9gsn": 999999, "TEC_dvrsi": 999999, "TEC_62a8t": 999999, "TEC_cxge3": 999999, "TEC_6gdrc": 999999, "TEC_2pexa": 999999, "TEC_75zlt": 999999, "TEC_iciuk": 999999, "TEC_sszfk": 999999, "TEC_mexq3": 999999, "TEC_tpi41": 999999, "TEC_s5hhh": 999999, "TEC_jzpb9": 999999, "TEC_6ks50": 999999, "TEC_6xca7": 999999, "TEC_4me8g": 999999, "TEC_aod7h": 999999, "TEC_y4x01": 999999, "TEC_v23lv": 999999, "TEC_q9o91": 999999, "TEC_qbqof": 999999, "TEC_4wfm0": 999999, "TEC_d09jj": 999999, "TEC_aicrm": 999999, "TEC_2tdm0": 999999, "TEC_tya59": 999999, "TEC_l4ypz": 999999, "TEC_wnhuw": 999999, "TEC_ugc55": 999999, "TEC_e2byn": 999999, "TEC_vy1mi": 999999, "TEC_boi3h": 999999, "TEC_s7q2v": 999999, "TEC_6yiee": 999999, "TEC_jsxej": 999999, "TEC_2autc": 999999, "TEC_3dzl8": 999999, "TEC_e1sax": 999999}]}}