r,t,y,AccumulatedNewCapacity
RE1,DEMAGRHEABIO,2026,0.0014
RE1,DEMAGRHEABIO,2027,0.0028
RE1,DEMAGRHEABIO,2028,0.0042
RE1,DEMAGRHEABIO,2029,0.0056
RE1,DEMAGRHEABIO,2030,0.007
RE1,DEMAGRHEABIO,2031,0.0086
RE1,DEMAGRHEABIO,2032,0.0102
RE1,DEMAGRHEABIO,2033,0.0119
RE1,DEMAGRHEABIO,2034,0.0135
RE1,DEMAGRHEABIO,2035,0.0152
RE1,DEMAGRHEABIO,2036,0.0162
RE1,DEMAGRHEABIO,2037,0.0172
RE1,DEMAGRHEABIO,2038,0.0182
RE1,DEMAGRHEABIO,2039,0.0192
RE1,DEMAGRHEABIO,2040,0.0203
RE1,DEMAGRHEABIO,2041,0.0216
RE1,DEMAGRHEABIO,2042,0.023
RE1,DEMAGRHEABIO,2043,0.0243
RE1,DEMAGRHEABIO,2044,0.0257
RE1,DEMAGRHEABIO,2045,0.0271
RE1,DEMAGRHEABIO,2046,0.0289
RE1,DEMAGRHEABIO,2047,0.0306
RE1,DEMAGRHEABIO,2048,0.0325
RE1,DEMAGRHEABIO,2049,0.0343
RE1,DEMAGRHEABIO,2050,0.0361
RE1,DEMAGRHEAGSL,2015,0.0059
RE1,DEMAGRHEAGSL,2016,0.0061
RE1,DEMAGRHEAGSL,2017,0.0063
RE1,DEMAGRHEAGSL,2018,0.0064
RE1,DEMAGRHEAGSL,2019,0.0066
RE1,DEMAGRHEAGSL,2020,0.0066
RE1,DEMAGRHEAGSL,2021,0.0066
RE1,DEMAGRHEAGSL,2022,0.0066
RE1,DEMAGRHEAGSL,2023,0.007
RE1,DEMAGRHEAGSL,2024,0.0075
RE1,DEMAGRHEAGSL,2025,0.008
RE1,DEMAGRHEAGSL,2026,0.008
RE1,DEMAGRHEAGSL,2027,0.008
RE1,DEMAGRHEAGSL,2028,0.008
RE1,DEMAGRHEAGSL,2029,0.008
RE1,DEMAGRHEAGSL,2030,0.004
RE1,DEMAGRHEAGSL,2031,0.0038
RE1,DEMAGRHEAGSL,2032,0.0037
RE1,DEMAGRHEAGSL,2033,0.0035
RE1,DEMAGRHEAGSL,2034,0.0033
RE1,DEMAGRHEAGSL,2035,0.0033
RE1,DEMAGRHEAGSL,2036,0.0033
RE1,DEMAGRHEAGSL,2037,0.0033
RE1,DEMAGRHEAGSL,2038,0.0029
RE1,DEMAGRHEAGSL,2039,0.0024
RE1,DEMAGRHEAGSL,2040,0.0019
RE1,DEMAGRHEAGSL,2041,0.0019
RE1,DEMAGRHEAGSL,2042,0.0019
RE1,DEMAGRHEAGSL,2043,0.0019
RE1,DEMAGRHEAGSL,2044,0.0019
RE1,DEMAGRIRRELC,2015,0.0323
RE1,DEMAGRIRRELC,2016,0.0332
RE1,DEMAGRIRRELC,2017,0.0341
RE1,DEMAGRIRRELC,2018,0.035
RE1,DEMAGRIRRELC,2019,0.0359
RE1,DEMAGRIRRELC,2020,0.0359
RE1,DEMAGRIRRELC,2021,0.0359
RE1,DEMAGRIRRELC,2022,0.0382
RE1,DEMAGRIRRELC,2023,0.0409
RE1,DEMAGRIRRELC,2024,0.0437
RE1,DEMAGRIRRELC,2025,0.0465
RE1,DEMAGRIRRELC,2026,0.0499
RE1,DEMAGRIRRELC,2027,0.0534
RE1,DEMAGRIRRELC,2028,0.0569
RE1,DEMAGRIRRELC,2029,0.0605
RE1,DEMAGRIRRELC,2030,0.0641
RE1,DEMAGRIRRELC,2031,0.0688
RE1,DEMAGRIRRELC,2032,0.0735
RE1,DEMAGRIRRELC,2033,0.0783
RE1,DEMAGRIRRELC,2034,0.0832
RE1,DEMAGRIRRELC,2035,0.0881
RE1,DEMAGRIRRELC,2036,0.0939
RE1,DEMAGRIRRELC,2037,0.0998
RE1,DEMAGRIRRELC,2038,0.1057
RE1,DEMAGRIRRELC,2039,0.1118
RE1,DEMAGRIRRELC,2040,0.118
RE1,DEMAGRIRRELC,2041,0.1256
RE1,DEMAGRIRRELC,2042,0.1334
RE1,DEMAGRIRRELC,2043,0.1414
RE1,DEMAGRIRRELC,2044,0.1494
RE1,DEMAGRIRRELC,2045,0.1576
RE1,DEMAGRIRRELC,2046,0.1677
RE1,DEMAGRIRRELC,2047,0.1781
RE1,DEMAGRIRRELC,2048,0.1886
RE1,DEMAGRIRRELC,2049,0.1992
RE1,DEMAGRIRRELC,2050,0.21
RE1,DEMAGRMACGSL,2015,0.001
RE1,DEMAGRMACGSL,2016,0.0011
RE1,DEMAGRMACGSL,2017,0.0011
RE1,DEMAGRMACGSL,2018,0.0011
RE1,DEMAGRMACGSL,2019,0.0012
RE1,DEMAGRMACGSL,2020,0.0012
RE1,DEMAGRMACGSL,2021,0.0012
RE1,DEMAGRMACGSL,2022,0.0012
RE1,DEMAGRMACGSL,2023,0.0012
RE1,DEMAGRMACGSL,2024,0.0013
RE1,DEMAGRMACGSL,2025,0.0014
RE1,DEMAGRMACGSL,2026,0.0015
RE1,DEMAGRMACGSL,2027,0.0016
RE1,DEMAGRMACGSL,2028,0.0017
RE1,DEMAGRMACGSL,2029,0.0018
RE1,DEMAGRMACGSL,2030,0.0019
RE1,DEMAGRMACGSL,2031,0.0021
RE1,DEMAGRMACGSL,2032,0.0022
RE1,DEMAGRMACGSL,2033,0.0024
RE1,DEMAGRMACGSL,2034,0.0025
RE1,DEMAGRMACGSL,2035,0.0027
RE1,DEMAGRMACGSL,2036,0.0028
RE1,DEMAGRMACGSL,2037,0.003
RE1,DEMAGRMACGSL,2038,0.0032
RE1,DEMAGRMACGSL,2039,0.0034
RE1,DEMAGRMACGSL,2040,0.0036
RE1,DEMAGRMACGSL,2041,0.0038
RE1,DEMAGRMACGSL,2042,0.0042
RE1,DEMAGRMACGSL,2043,0.0044
RE1,DEMAGRMACGSL,2044,0.0046
RE1,DEMAGRMACGSL,2045,0.0052
RE1,DEMAGRMACGSL,2046,0.005
RE1,DEMAGRMACGSL,2047,0.0054
RE1,DEMAGRMACGSL,2048,0.0069
RE1,DEMAGRMACGSL,2049,0.0069
RE1,DEMAGRMACGSL,2050,0.0068
RE1,DEMCOMAPPELC,2015,0.0976
RE1,DEMCOMAPPELC,2016,0.1003
RE1,DEMCOMAPPELC,2017,0.103
RE1,DEMCOMAPPELC,2018,0.1057
RE1,DEMCOMAPPELC,2019,0.1084
RE1,DEMCOMAPPELC,2020,0.1115
RE1,DEMCOMAPPELC,2021,0.1191
RE1,DEMCOMAPPELC,2022,0.1267
RE1,DEMCOMAPPELC,2023,0.1343
RE1,DEMCOMAPPELC,2024,0.1419
RE1,DEMCOMAPPELC,2025,0.1494
RE1,DEMCOMAPPELC,2026,0.1587
RE1,DEMCOMAPPELC,2027,0.1679
RE1,DEMCOMAPPELC,2028,0.1771
RE1,DEMCOMAPPELC,2029,0.1863
RE1,DEMCOMAPPELC,2030,0.1955
RE1,DEMCOMAPPELC,2031,0.2076
RE1,DEMCOMAPPELC,2032,0.2197
RE1,DEMCOMAPPELC,2033,0.2317
RE1,DEMCOMAPPELC,2034,0.2438
RE1,DEMCOMAPPELC,2035,0.2559
RE1,DEMCOMAPPELC,2036,0.2701
RE1,DEMCOMAPPELC,2037,0.2843
RE1,DEMCOMAPPELC,2038,0.2985
RE1,DEMCOMAPPELC,2039,0.3127
RE1,DEMCOMAPPELC,2040,0.327
RE1,DEMCOMAPPELC,2041,0.3451
RE1,DEMCOMAPPELC,2042,0.3633
RE1,DEMCOMAPPELC,2043,0.3814
RE1,DEMCOMAPPELC,2044,0.3996
RE1,DEMCOMAPPELC,2045,0.4178
RE1,DEMCOMAPPELC,2046,0.441
RE1,DEMCOMAPPELC,2047,0.4642
RE1,DEMCOMAPPELC,2048,0.4874
RE1,DEMCOMAPPELC,2049,0.5106
RE1,DEMCOMAPPELC,2050,0.5338
RE1,DEMCOMOTHELC,2026,0.0098
RE1,DEMCOMOTHELC,2027,0.0232
RE1,DEMCOMOTHELC,2028,0.0348
RE1,DEMCOMOTHELC,2029,0.0463
RE1,DEMCOMOTHELC,2030,0.0548
RE1,DEMCOMOTHELC,2031,0.0557
RE1,DEMCOMOTHELC,2032,0.0574
RE1,DEMCOMOTHELC,2033,0.0597
RE1,DEMCOMOTHELC,2034,0.0637
RE1,DEMCOMOTHELC,2035,0.0658
RE1,DEMCOMOTHELC,2036,0.0715
RE1,DEMCOMOTHELC,2037,0.0751
RE1,DEMCOMOTHELC,2038,0.08
RE1,DEMCOMOTHELC,2039,0.085
RE1,DEMCOMOTHELC,2040,0.0908
RE1,DEMCOMOTHELC,2041,0.0935
RE1,DEMCOMOTHELC,2042,0.0965
RE1,DEMCOMOTHELC,2043,0.0969
RE1,DEMCOMOTHELC,2044,0.0976
RE1,DEMCOMOTHELC,2045,0.1008
RE1,DEMCOMOTHELC,2046,0.1046
RE1,DEMCOMOTHELC,2047,0.1076
RE1,DEMCOMOTHELC,2048,0.1124
RE1,DEMCOMOTHELC,2049,0.1233
RE1,DEMCOMOTHELC,2050,0.1301
RE1,DEMCOMOTHGSL,2015,0.02
RE1,DEMCOMOTHGSL,2016,0.0206
RE1,DEMCOMOTHGSL,2017,0.0212
RE1,DEMCOMOTHGSL,2018,0.0217
RE1,DEMCOMOTHGSL,2019,0.0223
RE1,DEMCOMOTHGSL,2020,0.0223
RE1,DEMCOMOTHGSL,2021,0.0229
RE1,DEMCOMOTHGSL,2022,0.0244
RE1,DEMCOMOTHGSL,2023,0.0258
RE1,DEMCOMOTHGSL,2024,0.0273
RE1,DEMCOMOTHGSL,2025,0.0287
RE1,DEMCOMOTHGSL,2026,0.0287
RE1,DEMCOMOTHGSL,2027,0.0287
RE1,DEMCOMOTHGSL,2028,0.0287
RE1,DEMCOMOTHGSL,2029,0.0287
RE1,DEMCOMOTHGSL,2030,0.0087
RE1,DEMCOMOTHGSL,2031,0.0081
RE1,DEMCOMOTHGSL,2032,0.0076
RE1,DEMCOMOTHGSL,2033,0.007
RE1,DEMCOMOTHGSL,2034,0.0065
RE1,DEMCOMOTHGSL,2035,0.0065
RE1,DEMCOMOTHGSL,2036,0.0058
RE1,DEMCOMOTHGSL,2037,0.0044
RE1,DEMCOMOTHGSL,2038,0.0029
RE1,DEMCOMOTHGSL,2039,0.0015
RE1,DEMCOPHEACOA,2026,0.0235
RE1,DEMCOPHEACOA,2027,0.0471
RE1,DEMCOPHEACOA,2028,0.0706
RE1,DEMCOPHEACOA,2029,0.0941
RE1,DEMCOPHEACOA,2030,0.1176
RE1,DEMCOPHEACOA,2031,0.1249
RE1,DEMCOPHEACOA,2032,0.1321
RE1,DEMCOPHEACOA,2033,0.1393
RE1,DEMCOPHEACOA,2034,0.1401
RE1,DEMCOPHEACOA,2035,0.1401
RE1,DEMCOPHEACOA,2036,0.1473
RE1,DEMCOPHEACOA,2037,0.1473
RE1,DEMCOPHEACOA,2038,0.1473
RE1,DEMCOPHEACOA,2039,0.1473
RE1,DEMCOPHEACOA,2040,0.1473
RE1,DEMCOPHEACOA,2041,0.1476
RE1,DEMCOPHEACOA,2042,0.1469
RE1,DEMCOPHEACOA,2043,0.1554
RE1,DEMCOPHEACOA,2044,0.1651
RE1,DEMCOPHEACOA,2045,0.1759
RE1,DEMCOPHEACOA,2046,0.1829
RE1,DEMCOPHEACOA,2047,0.1967
RE1,DEMCOPHEACOA,2048,0.2105
RE1,DEMCOPHEACOA,2049,0.2314
RE1,DEMCOPHEACOA,2050,0.26
RE1,DEMCOPHEAELC,2034,0.0084
RE1,DEMCOPHEAELC,2035,0.0179
RE1,DEMCOPHEAELC,2036,0.0179
RE1,DEMCOPHEAELC,2037,0.0281
RE1,DEMCOPHEAELC,2038,0.0389
RE1,DEMCOPHEAELC,2039,0.0485
RE1,DEMCOPHEAELC,2040,0.0606
RE1,DEMCOPHEAELC,2041,0.0714
RE1,DEMCOPHEAELC,2042,0.0852
RE1,DEMCOPHEAELC,2043,0.0881
RE1,DEMCOPHEAELC,2044,0.0895
RE1,DEMCOPHEAELC,2045,0.0895
RE1,DEMCOPHEAELC,2046,0.0977
RE1,DEMCOPHEAELC,2047,0.0977
RE1,DEMCOPHEAELC,2048,0.0977
RE1,DEMCOPHEAELC,2049,0.0893
RE1,DEMCOPHEAELC,2050,0.0798
RE1,DEMCOPHEAGSL,2015,0.0623
RE1,DEMCOPHEAGSL,2016,0.064
RE1,DEMCOPHEAGSL,2017,0.0657
RE1,DEMCOPHEAGSL,2018,0.0675
RE1,DEMCOPHEAGSL,2019,0.0692
RE1,DEMCOPHEAGSL,2020,0.0692
RE1,DEMCOPHEAGSL,2021,0.0718
RE1,DEMCOPHEAGSL,2022,0.0764
RE1,DEMCOPHEAGSL,2023,0.0809
RE1,DEMCOPHEAGSL,2024,0.0855
RE1,DEMCOPHEAGSL,2025,0.09
RE1,DEMCOPHEAGSL,2026,0.09
RE1,DEMCOPHEAGSL,2027,0.09
RE1,DEMCOPHEAGSL,2028,0.09
RE1,DEMCOPHEAGSL,2029,0.09
RE1,DEMCOPHEAGSL,2030,0.0277
RE1,DEMCOPHEAGSL,2031,0.026
RE1,DEMCOPHEAGSL,2032,0.0243
RE1,DEMCOPHEAGSL,2033,0.0226
RE1,DEMCOPHEAGSL,2034,0.0208
RE1,DEMCOPHEAGSL,2035,0.0208
RE1,DEMCOPHEAGSL,2036,0.0182
RE1,DEMCOPHEAGSL,2037,0.0137
RE1,DEMCOPHEAGSL,2038,0.0091
RE1,DEMCOPHEAGSL,2039,0.0046
RE1,DEMCOPMOTELC,2015,0.7436
RE1,DEMCOPMOTELC,2016,0.7643
RE1,DEMCOPMOTELC,2017,0.7849
RE1,DEMCOPMOTELC,2018,0.8056
RE1,DEMCOPMOTELC,2019,0.8262
RE1,DEMCOPMOTELC,2020,0.8582
RE1,DEMCOPMOTELC,2021,0.9162
RE1,DEMCOPMOTELC,2022,0.9743
RE1,DEMCOPMOTELC,2023,1.0323
RE1,DEMCOPMOTELC,2024,1.0904
RE1,DEMCOPMOTELC,2025,1.1484
RE1,DEMCOPMOTELC,2026,1.2189
RE1,DEMCOPMOTELC,2027,1.2894
RE1,DEMCOPMOTELC,2028,1.3599
RE1,DEMCOPMOTELC,2029,1.4304
RE1,DEMCOPMOTELC,2030,1.5009
RE1,DEMCOPMOTELC,2031,1.5931
RE1,DEMCOPMOTELC,2032,1.6852
RE1,DEMCOPMOTELC,2033,1.7774
RE1,DEMCOPMOTELC,2034,1.8695
RE1,DEMCOPMOTELC,2035,1.9617
RE1,DEMCOPMOTELC,2036,2.0701
RE1,DEMCOPMOTELC,2037,2.1785
RE1,DEMCOPMOTELC,2038,2.2868
RE1,DEMCOPMOTELC,2039,2.3952
RE1,DEMCOPMOTELC,2040,2.5036
RE1,DEMCOPMOTELC,2041,2.642
RE1,DEMCOPMOTELC,2042,2.7803
RE1,DEMCOPMOTELC,2043,2.9187
RE1,DEMCOPMOTELC,2044,3.057
RE1,DEMCOPMOTELC,2045,3.1953
RE1,DEMCOPMOTELC,2046,3.3719
RE1,DEMCOPMOTELC,2047,3.5485
RE1,DEMCOPMOTELC,2048,3.725
RE1,DEMCOPMOTELC,2049,3.9016
RE1,DEMCOPMOTELC,2050,4.0782
RE1,DEMCOPVEHGSL,2015,0.0385
RE1,DEMCOPVEHGSL,2016,0.0396
RE1,DEMCOPVEHGSL,2017,0.0406
RE1,DEMCOPVEHGSL,2018,0.0417
RE1,DEMCOPVEHGSL,2019,0.0428
RE1,DEMCOPVEHGSL,2020,0.0428
RE1,DEMCOPVEHGSL,2021,0.0444
RE1,DEMCOPVEHGSL,2022,0.0472
RE1,DEMCOPVEHGSL,2023,0.05
RE1,DEMCOPVEHGSL,2024,0.0528
RE1,DEMCOPVEHGSL,2025,0.0557
RE1,DEMCOPVEHGSL,2026,0.0591
RE1,DEMCOPVEHGSL,2027,0.0625
RE1,DEMCOPVEHGSL,2028,0.0659
RE1,DEMCOPVEHGSL,2029,0.0693
RE1,DEMCOPVEHGSL,2030,0.0727
RE1,DEMCOPVEHGSL,2031,0.0772
RE1,DEMCOPVEHGSL,2032,0.0817
RE1,DEMCOPVEHGSL,2033,0.0861
RE1,DEMCOPVEHGSL,2034,0.0906
RE1,DEMCOPVEHGSL,2035,0.0951
RE1,DEMCOPVEHGSL,2036,0.1003
RE1,DEMCOPVEHGSL,2037,0.1056
RE1,DEMCOPVEHGSL,2038,0.1108
RE1,DEMCOPVEHGSL,2039,0.1161
RE1,DEMCOPVEHGSL,2040,0.1213
RE1,DEMCOPVEHGSL,2041,0.1281
RE1,DEMCOPVEHGSL,2042,0.1348
RE1,DEMCOPVEHGSL,2043,0.1416
RE1,DEMCOPVEHGSL,2044,0.1502
RE1,DEMCOPVEHGSL,2045,0.1591
RE1,DEMCOPVEHGSL,2046,0.1634
RE1,DEMCOPVEHGSL,2047,0.172
RE1,DEMCOPVEHGSL,2048,0.1808
RE1,DEMCOPVEHGSL,2049,0.1958
RE1,DEMCOPVEHGSL,2050,0.2066
RE1,DEMINDHEABIO,2015,0.5295
RE1,DEMINDHEABIO,2016,0.5442
RE1,DEMINDHEABIO,2017,0.5589
RE1,DEMINDHEABIO,2018,0.5736
RE1,DEMINDHEABIO,2019,0.5883
RE1,DEMINDHEABIO,2020,0.5887
RE1,DEMINDHEABIO,2021,0.6276
RE1,DEMINDHEABIO,2022,0.6664
RE1,DEMINDHEABIO,2023,0.705
RE1,DEMINDHEABIO,2024,0.7436
RE1,DEMINDHEABIO,2025,0.7821
RE1,DEMINDHEABIO,2026,0.8607
RE1,DEMINDHEABIO,2027,0.9391
RE1,DEMINDHEABIO,2028,1.0174
RE1,DEMINDHEABIO,2029,1.0955
RE1,DEMINDHEABIO,2030,1.1734
RE1,DEMINDHEABIO,2031,1.2436
RE1,DEMINDHEABIO,2032,1.2684
RE1,DEMINDHEABIO,2033,1.2684
RE1,DEMINDHEABIO,2034,1.2684
RE1,DEMINDHEABIO,2035,1.2684
RE1,DEMINDHEABIO,2036,1.2684
RE1,DEMINDHEABIO,2037,1.2684
RE1,DEMINDHEABIO,2038,1.2684
RE1,DEMINDHEABIO,2039,1.2684
RE1,DEMINDHEABIO,2040,1.2684
RE1,DEMINDHEABIO,2041,1.2684
RE1,DEMINDHEABIO,2042,1.2684
RE1,DEMINDHEABIO,2043,1.2684
RE1,DEMINDHEABIO,2044,1.2684
RE1,DEMINDHEABIO,2045,1.2684
RE1,DEMINDHEABIO,2046,1.2684
RE1,DEMINDHEABIO,2047,1.2684
RE1,DEMINDHEABIO,2048,1.2684
RE1,DEMINDHEABIO,2049,1.2684
RE1,DEMINDHEABIO,2050,1.2684
RE1,DEMINDHEACOA,2015,0.0515
RE1,DEMINDHEACOA,2016,0.0529
RE1,DEMINDHEACOA,2017,0.0543
RE1,DEMINDHEACOA,2018,0.0557
RE1,DEMINDHEACOA,2019,0.0572
RE1,DEMINDHEACOA,2020,0.0572
RE1,DEMINDHEACOA,2021,0.061
RE1,DEMINDHEACOA,2022,0.0648
RE1,DEMINDHEACOA,2023,0.0685
RE1,DEMINDHEACOA,2024,0.0723
RE1,DEMINDHEACOA,2025,0.076
RE1,DEMINDHEACOA,2026,0.076
RE1,DEMINDHEACOA,2027,0.076
RE1,DEMINDHEACOA,2028,0.076
RE1,DEMINDHEACOA,2029,0.076
RE1,DEMINDHEACOA,2030,0.0245
RE1,DEMINDHEACOA,2031,0.0231
RE1,DEMINDHEACOA,2032,0.0452
RE1,DEMINDHEACOA,2033,0.115
RE1,DEMINDHEACOA,2034,0.1846
RE1,DEMINDHEACOA,2035,0.2467
RE1,DEMINDHEACOA,2036,0.3281
RE1,DEMINDHEACOA,2037,0.4038
RE1,DEMINDHEACOA,2038,0.4735
RE1,DEMINDHEACOA,2039,0.5427
RE1,DEMINDHEACOA,2040,0.6078
RE1,DEMINDHEACOA,2041,0.712
RE1,DEMINDHEACOA,2042,0.8145
RE1,DEMINDHEACOA,2043,0.9174
RE1,DEMINDHEACOA,2044,1.02
RE1,DEMINDHEACOA,2045,1.1168
RE1,DEMINDHEACOA,2046,1.2479
RE1,DEMINDHEACOA,2047,1.3787
RE1,DEMINDHEACOA,2048,1.509
RE1,DEMINDHEACOA,2049,1.6389
RE1,DEMINDHEACOA,2050,1.7827
RE1,DEMINDHEAELC,2035,0.0095
RE1,DEMINDHEAELC,2036,0.0095
RE1,DEMINDHEAELC,2037,0.0162
RE1,DEMINDHEAELC,2038,0.0299
RE1,DEMINDHEAELC,2039,0.0451
RE1,DEMINDHEAELC,2040,0.0629
RE1,DEMINDHEAELC,2041,0.0629
RE1,DEMINDHEAELC,2042,0.0629
RE1,DEMINDHEAELC,2043,0.0629
RE1,DEMINDHEAELC,2044,0.0629
RE1,DEMINDHEAELC,2045,0.0695
RE1,DEMINDHEAELC,2046,0.0695
RE1,DEMINDHEAELC,2047,0.0695
RE1,DEMINDHEAELC,2048,0.0695
RE1,DEMINDHEAELC,2049,0.0695
RE1,DEMINDHEAELC,2050,0.06
RE1,DEMINDHEAHFO,2015,0.0314
RE1,DEMINDHEAHFO,2016,0.0323
RE1,DEMINDHEAHFO,2017,0.0331
RE1,DEMINDHEAHFO,2018,0.034
RE1,DEMINDHEAHFO,2019,0.0349
RE1,DEMINDHEAHFO,2020,0.0349
RE1,DEMINDHEAHFO,2021,0.0372
RE1,DEMINDHEAHFO,2022,0.0395
RE1,DEMINDHEAHFO,2023,0.0418
RE1,DEMINDHEAHFO,2024,0.0441
RE1,DEMINDHEAHFO,2025,0.0464
RE1,DEMINDHEAHFO,2026,0.0464
RE1,DEMINDHEAHFO,2027,0.0464
RE1,DEMINDHEAHFO,2028,0.0464
RE1,DEMINDHEAHFO,2029,0.0464
RE1,DEMINDHEAHFO,2030,0.015
RE1,DEMINDHEAHFO,2031,0.0141
RE1,DEMINDHEAHFO,2032,0.0132
RE1,DEMINDHEAHFO,2033,0.0124
RE1,DEMINDHEAHFO,2034,0.0115
RE1,DEMINDHEAHFO,2035,0.0115
RE1,DEMINDHEAHFO,2036,0.0092
RE1,DEMINDHEAHFO,2037,0.0069
RE1,DEMINDHEAHFO,2038,0.0046
RE1,DEMINDHEAHFO,2039,0.0023
RE1,DEMINDMOTELC,2015,0.0493
RE1,DEMINDMOTELC,2016,0.0507
RE1,DEMINDMOTELC,2017,0.0521
RE1,DEMINDMOTELC,2018,0.0534
RE1,DEMINDMOTELC,2019,0.0548
RE1,DEMINDMOTELC,2020,0.0586
RE1,DEMINDMOTELC,2021,0.0625
RE1,DEMINDMOTELC,2022,0.0663
RE1,DEMINDMOTELC,2023,0.0702
RE1,DEMINDMOTELC,2024,0.074
RE1,DEMINDMOTELC,2025,0.0778
RE1,DEMINDMOTELC,2026,0.0825
RE1,DEMINDMOTELC,2027,0.0871
RE1,DEMINDMOTELC,2028,0.0918
RE1,DEMINDMOTELC,2029,0.0964
RE1,DEMINDMOTELC,2030,0.101
RE1,DEMINDMOTELC,2031,0.107
RE1,DEMINDMOTELC,2032,0.1131
RE1,DEMINDMOTELC,2033,0.1191
RE1,DEMINDMOTELC,2034,0.125
RE1,DEMINDMOTELC,2035,0.131
RE1,DEMINDMOTELC,2036,0.138
RE1,DEMINDMOTELC,2037,0.1451
RE1,DEMINDMOTELC,2038,0.1521
RE1,DEMINDMOTELC,2039,0.159
RE1,DEMINDMOTELC,2040,0.166
RE1,DEMINDMOTELC,2041,0.1749
RE1,DEMINDMOTELC,2042,0.1838
RE1,DEMINDMOTELC,2043,0.1926
RE1,DEMINDMOTELC,2044,0.2015
RE1,DEMINDMOTELC,2045,0.2103
RE1,DEMINDMOTELC,2046,0.2215
RE1,DEMINDMOTELC,2047,0.2328
RE1,DEMINDMOTELC,2048,0.244
RE1,DEMINDMOTELC,2049,0.2552
RE1,DEMINDMOTELC,2050,0.2663
RE1,DEMRESCOOELC,2015,0.2388
RE1,DEMRESCOOELC,2016,0.2455
RE1,DEMRESCOOELC,2017,0.2521
RE1,DEMRESCOOELC,2018,0.2587
RE1,DEMRESCOOELC,2019,0.2654
RE1,DEMRESCOOELC,2020,0.293
RE1,DEMRESCOOELC,2021,0.3074
RE1,DEMRESCOOELC,2022,0.3224
RE1,DEMRESCOOELC,2023,0.3381
RE1,DEMRESCOOELC,2024,0.3545
RE1,DEMRESCOOELC,2025,0.3716
RE1,DEMRESCOOELC,2026,0.3893
RE1,DEMRESCOOELC,2027,0.4077
RE1,DEMRESCOOELC,2028,0.427
RE1,DEMRESCOOELC,2029,0.4471
RE1,DEMRESCOOELC,2030,0.468
RE1,DEMRESCOOELC,2031,0.4896
RE1,DEMRESCOOELC,2032,0.5122
RE1,DEMRESCOOELC,2033,0.5357
RE1,DEMRESCOOELC,2034,0.5602
RE1,DEMRESCOOELC,2035,0.5858
RE1,DEMRESCOOELC,2036,0.6112
RE1,DEMRESCOOELC,2037,0.6376
RE1,DEMRESCOOELC,2038,0.6651
RE1,DEMRESCOOELC,2039,0.6937
RE1,DEMRESCOOELC,2040,0.7235
RE1,DEMRESCOOELC,2041,0.7532
RE1,DEMRESCOOELC,2042,0.7841
RE1,DEMRESCOOELC,2043,0.8162
RE1,DEMRESCOOELC,2044,0.8495
RE1,DEMRESCOOELC,2045,0.884
RE1,DEMRESCOOELC,2046,0.9184
RE1,DEMRESCOOELC,2047,0.9541
RE1,DEMRESCOOELC,2048,0.991
RE1,DEMRESCOOELC,2049,1.0293
RE1,DEMRESCOOELC,2050,1.069
RE1,DEMRESHCKBGS,2049,0.0088
RE1,DEMRESHCKBGS,2050,0.0514
RE1,DEMRESHCKBIO,2015,0.7452
RE1,DEMRESHCKBIO,2016,0.7659
RE1,DEMRESHCKBIO,2017,0.7866
RE1,DEMRESHCKBIO,2018,0.8079
RE1,DEMRESHCKBIO,2019,0.8293
RE1,DEMRESHCKBIO,2020,0.8494
RE1,DEMRESHCKBIO,2021,0.8645
RE1,DEMRESHCKBIO,2022,0.8801
RE1,DEMRESHCKBIO,2023,0.8963
RE1,DEMRESHCKBIO,2024,0.9132
RE1,DEMRESHCKBIO,2025,0.9308
RE1,DEMRESHCKBIO,2026,0.948
RE1,DEMRESHCKBIO,2027,0.9658
RE1,DEMRESHCKBIO,2028,0.9843
RE1,DEMRESHCKBIO,2029,1.0034
RE1,DEMRESHCKBIO,2030,1.0233
RE1,DEMRESHCKBIO,2031,1.0429
RE1,DEMRESHCKBIO,2032,1.0632
RE1,DEMRESHCKBIO,2033,1.0841
RE1,DEMRESHCKBIO,2034,1.1058
RE1,DEMRESHCKBIO,2035,1.1281
RE1,DEMRESHCKBIO,2036,1.1486
RE1,DEMRESHCKBIO,2037,1.1698
RE1,DEMRESHCKBIO,2038,1.1916
RE1,DEMRESHCKBIO,2039,1.214
RE1,DEMRESHCKBIO,2040,1.2371
RE1,DEMRESHCKBIO,2041,1.2561
RE1,DEMRESHCKBIO,2042,1.2758
RE1,DEMRESHCKBIO,2043,1.2961
RE1,DEMRESHCKBIO,2044,1.3171
RE1,DEMRESHCKBIO,2045,1.3386
RE1,DEMRESHCKBIO,2046,1.3586
RE1,DEMRESHCKBIO,2047,1.3791
RE1,DEMRESHCKBIO,2048,1.4002
RE1,DEMRESHCKBIO,2049,1.413
RE1,DEMRESHCKBIO,2050,1.3928
RE1,DEMRESHCKELC,2015,0.0237
RE1,DEMRESHCKELC,2016,0.0237
RE1,DEMRESHCKELC,2017,0.0237
RE1,DEMRESHCKELC,2018,0.0237
RE1,DEMRESHCKELC,2019,0.0237
RE1,DEMRESHCKELC,2020,0.0247
RE1,DEMRESHCKELC,2021,0.0303
RE1,DEMRESHCKELC,2022,0.036
RE1,DEMRESHCKELC,2023,0.0416
RE1,DEMRESHCKELC,2024,0.0472
RE1,DEMRESHCKELC,2025,0.0611
RE1,DEMRESHCKELC,2026,0.0865
RE1,DEMRESHCKELC,2027,0.0997
RE1,DEMRESHCKELC,2028,0.111
RE1,DEMRESHCKELC,2029,0.1194
RE1,DEMRESHCKELC,2030,0.127
RE1,DEMRESHCKELC,2031,0.1349
RE1,DEMRESHCKELC,2032,0.1403
RE1,DEMRESHCKELC,2033,0.1448
RE1,DEMRESHCKELC,2034,0.1559
RE1,DEMRESHCKELC,2035,0.1739
RE1,DEMRESHCKELC,2036,0.1854
RE1,DEMRESHCKELC,2037,0.1984
RE1,DEMRESHCKELC,2038,0.2165
RE1,DEMRESHCKELC,2039,0.2377
RE1,DEMRESHCKELC,2040,0.2772
RE1,DEMRESHCKELC,2041,0.2882
RE1,DEMRESHCKELC,2042,0.3071
RE1,DEMRESHCKELC,2043,0.3228
RE1,DEMRESHCKELC,2044,0.334
RE1,DEMRESHCKELC,2045,0.3449
RE1,DEMRESHCKELC,2046,0.3442
RE1,DEMRESHCKELC,2047,0.3364
RE1,DEMRESHCKELC,2048,0.3336
RE1,DEMRESHCKELC,2049,0.368
RE1,DEMRESHCKELC,2050,0.403
RE1,DEMRESHCKLPG,2015,0.0015
RE1,DEMRESHCKLPG,2016,0.0015
RE1,DEMRESHCKLPG,2017,0.0015
RE1,DEMRESHCKLPG,2018,0.0016
RE1,DEMRESHCKLPG,2019,0.0016
RE1,DEMRESHCKLPG,2020,0.0016
RE1,DEMRESHCKLPG,2021,0.004
RE1,DEMRESHCKLPG,2022,0.0064
RE1,DEMRESHCKLPG,2023,0.0088
RE1,DEMRESHCKLPG,2024,0.0113
RE1,DEMRESHCKLPG,2025,0.0137
RE1,DEMRESHCKLPG,2026,0.0161
RE1,DEMRESHCKLPG,2027,0.0185
RE1,DEMRESHCKLPG,2028,0.0209
RE1,DEMRESHCKLPG,2029,0.0233
RE1,DEMRESHCKLPG,2030,0.0257
RE1,DEMRESHCKLPG,2031,0.0282
RE1,DEMRESHCKLPG,2032,0.0306
RE1,DEMRESHCKLPG,2033,0.033
RE1,DEMRESHCKLPG,2034,0.0354
RE1,DEMRESHCKLPG,2035,0.0378
RE1,DEMRESHCKLPG,2036,0.0402
RE1,DEMRESHCKLPG,2037,0.0426
RE1,DEMRESHCKLPG,2038,0.0451
RE1,DEMRESHCKLPG,2039,0.0475
RE1,DEMRESHCKLPG,2040,0.0499
RE1,DEMRESHCKLPG,2041,0.0534
RE1,DEMRESHCKLPG,2042,0.0569
RE1,DEMRESHCKLPG,2043,0.0604
RE1,DEMRESHCKLPG,2044,0.0639
RE1,DEMRESHCKLPG,2045,0.0674
RE1,DEMRESHCKLPG,2046,0.0708
RE1,DEMRESHCKLPG,2047,0.0743
RE1,DEMRESHCKLPG,2048,0.0778
RE1,DEMRESHCKLPG,2049,0.0813
RE1,DEMRESHCKLPG,2050,0.0848
RE1,DEMRESLIGELC,2015,0.2084
RE1,DEMRESLIGELC,2016,0.2142
RE1,DEMRESLIGELC,2017,0.22
RE1,DEMRESLIGELC,2018,0.2258
RE1,DEMRESLIGELC,2019,0.2316
RE1,DEMRESLIGELC,2020,0.2542
RE1,DEMRESLIGELC,2021,0.265
RE1,DEMRESLIGELC,2022,0.2763
RE1,DEMRESLIGELC,2023,0.2879
RE1,DEMRESLIGELC,2024,0.3
RE1,DEMRESLIGELC,2025,0.3126
RE1,DEMRESLIGELC,2026,0.3254
RE1,DEMRESLIGELC,2027,0.3387
RE1,DEMRESLIGELC,2028,0.3524
RE1,DEMRESLIGELC,2029,0.3667
RE1,DEMRESLIGELC,2030,0.3815
RE1,DEMRESLIGELC,2031,0.3966
RE1,DEMRESLIGELC,2032,0.4122
RE1,DEMRESLIGELC,2033,0.4283
RE1,DEMRESLIGELC,2034,0.4451
RE1,DEMRESLIGELC,2035,0.4624
RE1,DEMRESLIGELC,2036,0.4794
RE1,DEMRESLIGELC,2037,0.497
RE1,DEMRESLIGELC,2038,0.5152
RE1,DEMRESLIGELC,2039,0.534
RE1,DEMRESLIGELC,2040,0.5534
RE1,DEMRESLIGELC,2041,0.5726
RE1,DEMRESLIGELC,2042,0.5924
RE1,DEMRESLIGELC,2043,0.6129
RE1,DEMRESLIGELC,2044,0.6339
RE1,DEMRESLIGELC,2045,0.6557
RE1,DEMRESLIGELC,2046,0.6771
RE1,DEMRESLIGELC,2047,0.6992
RE1,DEMRESLIGELC,2048,0.7219
RE1,DEMRESLIGELC,2049,0.7454
RE1,DEMRESLIGELC,2050,0.7695
RE1,DEMTRABUSELC,2041,0.0009
RE1,DEMTRABUSELC,2042,0.0019
RE1,DEMTRABUSELC,2043,0.0028
RE1,DEMTRABUSELC,2044,0.0037
RE1,DEMTRABUSELC,2045,0.0046
RE1,DEMTRABUSELC,2046,0.0056
RE1,DEMTRABUSELC,2047,0.0065
RE1,DEMTRABUSELC,2048,0.0074
RE1,DEMTRABUSELC,2049,0.0084
RE1,DEMTRABUSELC,2050,0.0093
RE1,DEMTRABUSGSL,2015,0.0041
RE1,DEMTRABUSGSL,2016,0.0042
RE1,DEMTRABUSGSL,2017,0.0043
RE1,DEMTRABUSGSL,2018,0.0044
RE1,DEMTRABUSGSL,2019,0.0046
RE1,DEMTRABUSGSL,2020,0.0047
RE1,DEMTRABUSGSL,2021,0.0051
RE1,DEMTRABUSGSL,2022,0.0052
RE1,DEMTRABUSGSL,2023,0.0054
RE1,DEMTRABUSGSL,2024,0.0055
RE1,DEMTRABUSGSL,2025,0.0058
RE1,DEMTRABUSGSL,2026,0.0062
RE1,DEMTRABUSGSL,2027,0.0062
RE1,DEMTRABUSGSL,2028,0.0068
RE1,DEMTRABUSGSL,2029,0.0068
RE1,DEMTRABUSGSL,2030,0.007
RE1,DEMTRABUSGSL,2031,0.0082
RE1,DEMTRABUSGSL,2032,0.0082
RE1,DEMTRABUSGSL,2033,0.0082
RE1,DEMTRABUSGSL,2034,0.0083
RE1,DEMTRABUSGSL,2035,0.0085
RE1,DEMTRABUSGSL,2036,0.0088
RE1,DEMTRABUSGSL,2037,0.0091
RE1,DEMTRABUSGSL,2038,0.0094
RE1,DEMTRABUSGSL,2039,0.0098
RE1,DEMTRABUSGSL,2040,0.0101
RE1,DEMTRABUSGSL,2041,0.0097
RE1,DEMTRABUSGSL,2042,0.0096
RE1,DEMTRABUSGSL,2043,0.0094
RE1,DEMTRABUSGSL,2044,0.0093
RE1,DEMTRABUSGSL,2045,0.0091
RE1,DEMTRABUSGSL,2046,0.0086
RE1,DEMTRABUSGSL,2047,0.0086
RE1,DEMTRABUSGSL,2048,0.0081
RE1,DEMTRABUSGSL,2049,0.0083
RE1,DEMTRABUSGSL,2050,0.0094
RE1,DEMTRACARELC,2049,0.0429
RE1,DEMTRACARELC,2050,0.0859
RE1,DEMTRACARGSL,2015,0.0909
RE1,DEMTRACARGSL,2016,0.0935
RE1,DEMTRACARGSL,2017,0.096
RE1,DEMTRACARGSL,2018,0.0985
RE1,DEMTRACARGSL,2019,0.101
RE1,DEMTRACARGSL,2020,0.101
RE1,DEMTRACARGSL,2021,0.1049
RE1,DEMTRACARGSL,2022,0.1115
RE1,DEMTRACARGSL,2023,0.1182
RE1,DEMTRACARGSL,2024,0.1248
RE1,DEMTRACARGSL,2025,0.1314
RE1,DEMTRACARGSL,2026,0.1395
RE1,DEMTRACARGSL,2027,0.1476
RE1,DEMTRACARGSL,2028,0.1556
RE1,DEMTRACARGSL,2029,0.1637
RE1,DEMTRACARGSL,2030,0.1966
RE1,DEMTRACARGSL,2031,0.1966
RE1,DEMTRACARGSL,2032,0.1966
RE1,DEMTRACARGSL,2033,0.2034
RE1,DEMTRACARGSL,2034,0.214
RE1,DEMTRACARGSL,2035,0.2245
RE1,DEMTRACARGSL,2036,0.2369
RE1,DEMTRACARGSL,2037,0.2493
RE1,DEMTRACARGSL,2038,0.2617
RE1,DEMTRACARGSL,2039,0.2741
RE1,DEMTRACARGSL,2040,0.2866
RE1,DEMTRACARGSL,2041,0.3024
RE1,DEMTRACARGSL,2042,0.3182
RE1,DEMTRACARGSL,2043,0.3341
RE1,DEMTRACARGSL,2044,0.3499
RE1,DEMTRACARGSL,2045,0.3658
RE1,DEMTRACARGSL,2046,0.3859
RE1,DEMTRACARGSL,2047,0.4061
RE1,DEMTRACARGSL,2048,0.4263
RE1,DEMTRACARGSL,2049,0.4183
RE1,DEMTRACARGSL,2050,0.3854
RE1,DEMTRAEVC,2026,0.0016
RE1,DEMTRAEVC,2027,0.0032
RE1,DEMTRAEVC,2028,0.005
RE1,DEMTRAEVC,2029,0.0067
RE1,DEMTRAEVC,2030,0.0085
RE1,DEMTRAEVC,2031,0.0108
RE1,DEMTRAEVC,2032,0.0124
RE1,DEMTRAEVC,2033,0.0139
RE1,DEMTRAEVC,2034,0.0193
RE1,DEMTRAEVC,2035,0.0198
RE1,DEMTRAEVC,2036,0.0202
RE1,DEMTRAEVC,2037,0.0207
RE1,DEMTRAEVC,2038,0.0212
RE1,DEMTRAEVC,2039,0.0218
RE1,DEMTRAEVC,2040,0.0223
RE1,DEMTRAEVC,2041,0.0239
RE1,DEMTRAEVC,2042,0.0254
RE1,DEMTRAEVC,2043,0.0383
RE1,DEMTRAEVC,2044,0.0512
RE1,DEMTRAEVC,2045,0.0642
RE1,DEMTRAEVC,2046,0.0771
RE1,DEMTRAEVC,2047,0.09
RE1,DEMTRAEVC,2048,0.1029
RE1,DEMTRAEVC,2049,0.1635
RE1,DEMTRAEVC,2050,0.2241
RE1,DEMTRAFREELC,2043,0.0102
RE1,DEMTRAFREELC,2044,0.0204
RE1,DEMTRAFREELC,2045,0.0306
RE1,DEMTRAFREELC,2046,0.0408
RE1,DEMTRAFREELC,2047,0.051
RE1,DEMTRAFREELC,2048,0.0613
RE1,DEMTRAFREELC,2049,0.0715
RE1,DEMTRAFREELC,2050,0.0817
RE1,DEMTRAFREGSL,2015,0.0299
RE1,DEMTRAFREGSL,2016,0.0307
RE1,DEMTRAFREGSL,2017,0.0315
RE1,DEMTRAFREGSL,2018,0.0324
RE1,DEMTRAFREGSL,2019,0.0332
RE1,DEMTRAFREGSL,2020,0.0332
RE1,DEMTRAFREGSL,2021,0.0346
RE1,DEMTRAFREGSL,2022,0.0366
RE1,DEMTRAFREGSL,2023,0.039
RE1,DEMTRAFREGSL,2024,0.0412
RE1,DEMTRAFREGSL,2025,0.0434
RE1,DEMTRAFREGSL,2026,0.0525
RE1,DEMTRAFREGSL,2027,0.0547
RE1,DEMTRAFREGSL,2028,0.0583
RE1,DEMTRAFREGSL,2029,0.0583
RE1,DEMTRAFREGSL,2030,0.0594
RE1,DEMTRAFREGSL,2031,0.062
RE1,DEMTRAFREGSL,2032,0.0638
RE1,DEMTRAFREGSL,2033,0.0668
RE1,DEMTRAFREGSL,2034,0.0703
RE1,DEMTRAFREGSL,2035,0.0737
RE1,DEMTRAFREGSL,2036,0.0778
RE1,DEMTRAFREGSL,2037,0.0819
RE1,DEMTRAFREGSL,2038,0.086
RE1,DEMTRAFREGSL,2039,0.09
RE1,DEMTRAFREGSL,2040,0.0941
RE1,DEMTRAFREGSL,2041,0.0994
RE1,DEMTRAFREGSL,2042,0.1045
RE1,DEMTRAFREGSL,2043,0.1022
RE1,DEMTRAFREGSL,2044,0.0999
RE1,DEMTRAFREGSL,2045,0.0977
RE1,DEMTRAFREGSL,2046,0.0886
RE1,DEMTRAFREGSL,2047,0.0864
RE1,DEMTRAFREGSL,2048,0.0829
RE1,DEMTRAFREGSL,2049,0.0829
RE1,DEMTRAFREGSL,2050,0.0817
RE1,DEMTRAMCYELC,2026,0.0014
RE1,DEMTRAMCYELC,2027,0.0029
RE1,DEMTRAMCYELC,2028,0.0045
RE1,DEMTRAMCYELC,2029,0.0061
RE1,DEMTRAMCYELC,2030,0.0076
RE1,DEMTRAMCYELC,2031,0.0097
RE1,DEMTRAMCYELC,2032,0.0112
RE1,DEMTRAMCYELC,2033,0.0125
RE1,DEMTRAMCYELC,2034,0.0174
RE1,DEMTRAMCYELC,2035,0.0178
RE1,DEMTRAMCYELC,2036,0.0182
RE1,DEMTRAMCYELC,2037,0.0187
RE1,DEMTRAMCYELC,2038,0.0191
RE1,DEMTRAMCYELC,2039,0.0196
RE1,DEMTRAMCYELC,2040,0.0201
RE1,DEMTRAMCYELC,2041,0.0206
RE1,DEMTRAMCYELC,2042,0.021
RE1,DEMTRAMCYELC,2043,0.0215
RE1,DEMTRAMCYELC,2044,0.022
RE1,DEMTRAMCYELC,2045,0.0225
RE1,DEMTRAMCYELC,2046,0.023
RE1,DEMTRAMCYELC,2047,0.0235
RE1,DEMTRAMCYELC,2048,0.024
RE1,DEMTRAMCYELC,2049,0.0246
RE1,DEMTRAMCYELC,2050,0.0251
RE1,DEMTRAMCYGSL,2015,0.0086
RE1,DEMTRAMCYGSL,2016,0.0088
RE1,DEMTRAMCYGSL,2017,0.0091
RE1,DEMTRAMCYGSL,2018,0.0093
RE1,DEMTRAMCYGSL,2019,0.0131
RE1,DEMTRAMCYGSL,2020,0.0143
RE1,DEMTRAMCYGSL,2021,0.0143
RE1,DEMTRAMCYGSL,2022,0.0143
RE1,DEMTRAMCYGSL,2023,0.0143
RE1,DEMTRAMCYGSL,2024,0.0143
RE1,DEMTRAMCYGSL,2025,0.0143
RE1,DEMTRAMCYGSL,2026,0.0143
RE1,DEMTRAMCYGSL,2027,0.0143
RE1,DEMTRAMCYGSL,2028,0.0143
RE1,DEMTRAMCYGSL,2029,0.0143
RE1,DEMTRAMCYGSL,2030,0.0057
RE1,DEMTRAMCYGSL,2031,0.0054
RE1,DEMTRAMCYGSL,2032,0.0052
RE1,DEMTRAMCYGSL,2033,0.0049
RE1,DEMTRAMCYGSL,2034,0.0011
RE1,DEMTRAOTHGSL,2015,0.0114
RE1,DEMTRAOTHGSL,2016,0.0117
RE1,DEMTRAOTHGSL,2017,0.012
RE1,DEMTRAOTHGSL,2018,0.0123
RE1,DEMTRAOTHGSL,2019,0.0127
RE1,DEMTRAOTHGSL,2020,0.0127
RE1,DEMTRAOTHGSL,2021,0.0131
RE1,DEMTRAOTHGSL,2022,0.014
RE1,DEMTRAOTHGSL,2023,0.0148
RE1,DEMTRAOTHGSL,2024,0.0156
RE1,DEMTRAOTHGSL,2025,0.0165
RE1,DEMTRAOTHGSL,2026,0.0175
RE1,DEMTRAOTHGSL,2027,0.0185
RE1,DEMTRAOTHGSL,2028,0.0195
RE1,DEMTRAOTHGSL,2029,0.0205
RE1,DEMTRAOTHGSL,2030,0.0215
RE1,DEMTRAOTHGSL,2031,0.0228
RE1,DEMTRAOTHGSL,2032,0.0242
RE1,DEMTRAOTHGSL,2033,0.0255
RE1,DEMTRAOTHGSL,2034,0.0268
RE1,DEMTRAOTHGSL,2035,0.0281
RE1,DEMTRAOTHGSL,2036,0.0297
RE1,DEMTRAOTHGSL,2037,0.0312
RE1,DEMTRAOTHGSL,2038,0.0328
RE1,DEMTRAOTHGSL,2039,0.0343
RE1,DEMTRAOTHGSL,2040,0.0359
RE1,DEMTRAOTHGSL,2041,0.0379
RE1,DEMTRAOTHGSL,2042,0.0399
RE1,DEMTRAOTHGSL,2043,0.0423
RE1,DEMTRAOTHGSL,2044,0.0438
RE1,DEMTRAOTHGSL,2045,0.0469
RE1,DEMTRAOTHGSL,2046,0.0485
RE1,DEMTRAOTHGSL,2047,0.051
RE1,DEMTRAOTHGSL,2048,0.0534
RE1,DEMTRAOTHGSL,2049,0.0591
RE1,DEMTRAOTHGSL,2050,0.0585
RE1,IMPBFT,2047,0.0
RE1,IMPBGS,2049,1.5489
RE1,IMPBGS,2050,8.9943
RE1,IMPBIO,2017,200.0
RE1,IMPBIO,2020,200.0
RE1,IMPBIO,2023,200.0
RE1,IMPBIO,2024,200.0
RE1,IMPBIO,2025,6.0787
RE1,IMPBIO,2026,200.0
RE1,IMPBIO,2027,200.0
RE1,IMPBIO,2028,45.6536
RE1,IMPBIO,2029,59.0367
RE1,IMPBIO,2030,72.5247
RE1,IMPBIO,2031,90.4961
RE1,IMPBIO,2032,200.0
RE1,IMPBIO,2033,200.0
RE1,IMPBIO,2034,121.6823
RE1,IMPBIO,2035,131.286
RE1,IMPBIO,2036,140.4811
RE1,IMPBIO,2037,200.0
RE1,IMPBIO,2038,200.0
RE1,IMPBIO,2039,200.0
RE1,IMPBIO,2040,200.0
RE1,IMPBIO,2041,187.3904
RE1,IMPBIO,2042,200.0
RE1,IMPBIO,2043,202.9788
RE1,IMPBIO,2044,204.1003
RE1,IMPBIO,2045,215.2229
RE1,IMPBIO,2046,223.0026
RE1,IMPBIO,2047,219.8047
RE1,IMPBIO,2048,226.1014
RE1,IMPBIO,2049,231.2035
RE1,IMPBIO,2050,239.0096
RE1,IMPCOA,2015,18.1012
RE1,IMPCOA,2016,4.1697
RE1,IMPCOA,2018,32.9088
RE1,IMPCOA,2019,33.0215
RE1,IMPCOA,2022,21.0642
RE1,IMPCOA,2025,5.9923
RE1,IMPCOA,2026,11.7637
RE1,IMPCOA,2027,17.8214
RE1,IMPCOA,2028,1.9789
RE1,IMPCOA,2029,7.4202
RE1,IMPCOA,2030,28.5138
RE1,IMPCOA,2031,28.5138
RE1,IMPCOA,2032,28.5138
RE1,IMPCOA,2033,20.0527
RE1,IMPCOA,2034,28.5138
RE1,IMPCOA,2035,30.4986
RE1,IMPCOA,2036,37.4814
RE1,IMPCOA,2037,28.5138
RE1,IMPCOA,2038,28.5138
RE1,IMPCOA,2040,59.532
RE1,IMPCOA,2041,28.5138
RE1,IMPCOA,2042,104.3141
RE1,IMPCOA,2043,28.5138
RE1,IMPCOA,2044,93.43
RE1,IMPCOA,2045,28.5138
RE1,IMPCOA,2046,112.8031
RE1,IMPCOA,2047,124.2003
RE1,IMPCOA,2049,147.4532
RE1,IMPCOA,2050,39.6551
RE1,IMPGSL,2015,37.9867
RE1,IMPGSL,2016,39.0419
RE1,IMPGSL,2017,40.0971
RE1,IMPGSL,2018,41.1523
RE1,IMPGSL,2019,42.2075
RE1,IMPGSL,2020,41.1127
RE1,IMPGSL,2021,43.8234
RE1,IMPGSL,2022,46.5388
RE1,IMPGSL,2023,49.2591
RE1,IMPGSL,2024,51.9843
RE1,IMPGSL,2025,54.7146
RE1,IMPGSL,2026,55.3649
RE1,IMPGSL,2027,56.0192
RE1,IMPGSL,2028,56.6776
RE1,IMPGSL,2029,57.3404
RE1,IMPGSL,2030,58.0077
RE1,IMPGSL,2031,61.332
RE1,IMPGSL,2032,64.6609
RE1,IMPGSL,2033,67.9947
RE1,IMPGSL,2034,71.3335
RE1,IMPGSL,2035,74.6774
RE1,IMPGSL,2036,78.7352
RE1,IMPGSL,2037,82.7978
RE1,IMPGSL,2038,86.8655
RE1,IMPGSL,2039,90.9384
RE1,IMPGSL,2040,95.0166
RE1,IMPGSL,2041,99.7726
RE1,IMPGSL,2042,104.5338
RE1,IMPGSL,2043,105.2597
RE1,IMPGSL,2044,105.9911
RE1,IMPGSL,2045,106.6287
RE1,IMPGSL,2046,108.5825
RE1,IMPGSL,2047,110.5419
RE1,IMPGSL,2048,112.507
RE1,IMPGSL,2049,110.1993
RE1,IMPGSL,2050,107.2506
RE1,IMPHFO,2015,2.4742
RE1,IMPHFO,2016,2.5429
RE1,IMPHFO,2017,2.6116
RE1,IMPHFO,2018,7.3148
RE1,IMPHFO,2019,6.3782
RE1,IMPHFO,2020,9.1781
RE1,IMPHFO,2021,11.4392
RE1,IMPHFO,2022,3.1139
RE1,IMPHFO,2023,3.2946
RE1,IMPHFO,2024,3.4748
RE1,IMPHFO,2025,3.6545
RE1,IMPHFO,2026,2.9236
RE1,IMPHFO,2027,2.1927
RE1,IMPHFO,2028,1.4618
RE1,IMPHFO,2029,0.7309
RE1,IMPHFO,2034,3.5679
RE1,IMPHFO,2050,9.9212
RE1,IMPLPG,2015,0.0834
RE1,IMPLPG,2016,0.0857
RE1,IMPLPG,2017,0.088
RE1,IMPLPG,2018,0.0904
RE1,IMPLPG,2019,0.0927
RE1,IMPLPG,2020,0.0917
RE1,IMPLPG,2021,0.2309
RE1,IMPLPG,2022,0.3691
RE1,IMPLPG,2023,0.5072
RE1,IMPLPG,2024,0.6454
RE1,IMPLPG,2025,0.7836
RE1,IMPLPG,2026,0.9217
RE1,IMPLPG,2027,1.0617
RE1,IMPLPG,2028,1.1999
RE1,IMPLPG,2029,1.338
RE1,IMPLPG,2030,1.4762
RE1,IMPLPG,2031,1.6144
RE1,IMPLPG,2032,1.7526
RE1,IMPLPG,2033,1.8907
RE1,IMPLPG,2034,2.0307
RE1,IMPLPG,2035,2.1689
RE1,IMPLPG,2036,2.307
RE1,IMPLPG,2037,2.4452
RE1,IMPLPG,2038,2.5834
RE1,IMPLPG,2039,2.7215
RE1,IMPLPG,2040,2.8608
RE1,IMPLPG,2041,3.0615
RE1,IMPLPG,2042,3.2615
RE1,IMPLPG,2043,3.4615
RE1,IMPLPG,2044,3.6615
RE1,IMPLPG,2045,3.8614
RE1,IMPLPG,2046,4.0614
RE1,IMPLPG,2047,4.2614
RE1,IMPLPG,2048,4.4614
RE1,IMPLPG,2049,4.6614
RE1,IMPLPG,2050,4.8613
RE1,MINBIO,2015,201.7426
RE1,MINBIO,2016,205.6645
RE1,MINBIO,2017,12.6994
RE1,MINBIO,2018,218.2869
RE1,MINBIO,2019,223.8744
RE1,MINBIO,2020,27.4477
RE1,MINBIO,2021,234.9858
RE1,MINBIO,2022,242.6149
RE1,MINBIO,2023,50.3373
RE1,MINBIO,2024,58.1557
RE1,MINBIO,2025,260.0
RE1,MINBIO,2026,79.1801
RE1,MINBIO,2027,92.3672
RE1,MINBIO,2028,260.0
RE1,MINBIO,2029,260.0
RE1,MINBIO,2030,260.0
RE1,MINBIO,2031,260.0
RE1,MINBIO,2032,162.8515
RE1,MINBIO,2033,172.2051
RE1,MINBIO,2034,260.0
RE1,MINBIO,2035,260.0
RE1,MINBIO,2036,260.0
RE1,MINBIO,2037,209.7879
RE1,MINBIO,2038,219.2141
RE1,MINBIO,2039,228.7511
RE1,MINBIO,2040,238.4035
RE1,MINBIO,2041,260.0
RE1,MINBIO,2042,256.4822
RE1,MINBIO,2043,262.711
RE1,MINBIO,2044,270.9094
RE1,MINBIO,2045,269.2157
RE1,MINBIO,2046,270.631
RE1,MINBIO,2047,283.128
RE1,MINBIO,2048,286.2364
RE1,MINBIO,2049,289.093
RE1,MINBIO,2050,282.3342
RE1,MINCOA,2017,25.414
RE1,MINCOA,2020,33.0243
RE1,MINCOA,2021,33.3224
RE1,MINCOA,2023,5.4022
RE1,MINCOA,2024,5.6977
RE1,MINCOA,2026,7.8474
RE1,MINCOA,2027,9.7025
RE1,MINCOA,2028,31.4192
RE1,MINCOA,2029,28.5138
RE1,MINCOA,2030,9.2753
RE1,MINCOA,2031,9.8447
RE1,MINCOA,2032,13.9812
RE1,MINCOA,2033,28.5138
RE1,MINCOA,2034,25.5997
RE1,MINCOA,2035,28.5138
RE1,MINCOA,2036,28.5138
RE1,MINCOA,2037,43.454
RE1,MINCOA,2038,48.9472
RE1,MINCOA,2039,82.918
RE1,MINCOA,2040,28.5138
RE1,MINCOA,2041,67.7694
RE1,MINCOA,2043,84.5775
RE1,MINCOA,2044,28.5138
RE1,MINCOA,2045,101.9174
RE1,MINCOA,2046,28.5138
RE1,MINCOA,2047,28.5138
RE1,MINCOA,2048,164.0794
RE1,MINCOA,2049,28.5138
RE1,MINCOA,2050,161.0494
RE1,MINGEO,2030,1.1826
RE1,MINGEO,2031,3.0945
RE1,MINGEO,2032,5.0063
RE1,MINGEO,2033,6.9182
RE1,MINGEO,2034,8.8301
RE1,MINGEO,2035,10.7419
RE1,MINGEO,2036,12.6538
RE1,MINGEO,2037,14.5657
RE1,MINGEO,2038,16.4776
RE1,MINGEO,2039,18.3894
RE1,MINGEO,2040,20.3013
RE1,MINGEO,2041,22.2132
RE1,MINGEO,2042,24.125
RE1,MINGEO,2043,26.0369
RE1,MINGEO,2044,27.9488
RE1,MINGEO,2045,29.8606
RE1,MINGEO,2046,31.7725
RE1,MINGEO,2047,33.6844
RE1,MINGEO,2048,35.5963
RE1,MINGEO,2049,37.5081
RE1,MINGEO,2050,39.42
RE1,MINHYD,2015,45.4062
RE1,MINHYD,2016,45.4062
RE1,MINHYD,2017,45.4062
RE1,MINHYD,2018,45.4062
RE1,MINHYD,2019,45.4062
RE1,MINHYD,2020,45.4437
RE1,MINHYD,2021,48.288
RE1,MINHYD,2022,59.6656
RE1,MINHYD,2023,70.0064
RE1,MINHYD,2024,74.5867
RE1,MINHYD,2025,74.5867
RE1,MINHYD,2026,70.9092
RE1,MINHYD,2027,73.5297
RE1,MINHYD,2028,76.9337
RE1,MINHYD,2029,81.6891
RE1,MINHYD,2030,85.6997
RE1,MINHYD,2031,88.2053
RE1,MINHYD,2032,91.0956
RE1,MINHYD,2033,94.2661
RE1,MINHYD,2034,95.9849
RE1,MINHYD,2035,95.9849
RE1,MINHYD,2036,96.2419
RE1,MINHYD,2037,99.2176
RE1,MINHYD,2038,102.2404
RE1,MINHYD,2039,105.3254
RE1,MINHYD,2040,108.4663
RE1,MINHYD,2041,113.0351
RE1,MINHYD,2042,117.6394
RE1,MINHYD,2043,122.8349
RE1,MINHYD,2044,128.0259
RE1,MINHYD,2045,133.1928
RE1,MINHYD,2046,139.9034
RE1,MINHYD,2047,146.6958
RE1,MINHYD,2048,149.605
RE1,MINHYD,2049,149.605
RE1,MINHYD,2050,149.605
RE1,MINSOL,2019,1.2392
RE1,MINSOL,2020,1.2392
RE1,MINSOL,2021,1.2392
RE1,MINSOL,2022,1.2392
RE1,MINSOL,2023,1.2392
RE1,MINSOL,2024,1.2392
RE1,MINSOL,2025,9.8323
RE1,MINSOL,2026,24.9221
RE1,MINSOL,2027,31.3609
RE1,MINSOL,2028,36.6345
RE1,MINSOL,2029,40.2964
RE1,MINSOL,2030,43.5374
RE1,MINSOL,2031,46.6724
RE1,MINSOL,2032,49.301
RE1,MINSOL,2033,51.5593
RE1,MINSOL,2034,56.7148
RE1,MINSOL,2035,61.7591
RE1,MINSOL,2036,66.5427
RE1,MINSOL,2037,70.5469
RE1,MINSOL,2038,74.9848
RE1,MINSOL,2039,79.4325
RE1,MINSOL,2040,84.1706
RE1,MINSOL,2041,84.4683
RE1,MINSOL,2042,84.9117
RE1,MINSOL,2043,88.0499
RE1,MINSOL,2044,93.1803
RE1,MINSOL,2045,98.6134
RE1,MINSOL,2046,103.7344
RE1,MINSOL,2047,108.3774
RE1,MINSOL,2048,114.4622
RE1,MINSOL,2049,121.4763
RE1,MINSOL,2050,130.291
RE1,MINWND,2035,4.3032
RE1,MINWND,2036,8.3405
RE1,MINWND,2037,9.3542
RE1,MINWND,2038,10.3948
RE1,MINWND,2039,11.4479
RE1,MINWND,2040,12.5238
RE1,MINWND,2041,13.8132
RE1,MINWND,2042,15.1966
RE1,MINWND,2043,16.31
RE1,MINWND,2044,17.5441
RE1,MINWND,2045,19.071
RE1,MINWND,2046,21.2291
RE1,MINWND,2047,23.3943
RE1,MINWND,2048,31.5324
RE1,MINWND,2049,46.7624
RE1,MINWND,2050,53.5375
RE1,PWRBIO001,2031,0.0485
RE1,PWRBIO001,2032,0.097
RE1,PWRBIO001,2033,0.1455
RE1,PWRBIO001,2034,0.194
RE1,PWRBIO001,2035,0.2425
RE1,PWRBIO001,2036,0.291
RE1,PWRBIO001,2037,0.3395
RE1,PWRBIO001,2038,0.388
RE1,PWRBIO001,2039,0.4365
RE1,PWRBIO001,2040,0.485
RE1,PWRBIO001,2041,0.5335
RE1,PWRBIO001,2042,0.582
RE1,PWRBIO001,2043,0.6305
RE1,PWRBIO001,2044,0.679
RE1,PWRBIO001,2045,0.7275
RE1,PWRBIO001,2046,0.776
RE1,PWRBIO001,2047,0.8245
RE1,PWRBIO001,2048,0.873
RE1,PWRBIO001,2049,0.9215
RE1,PWRBIO001,2050,0.96
RE1,PWRCOA001,2050,0.1172
RE1,PWRDIST,2028,0.1083
RE1,PWRDIST,2029,0.2306
RE1,PWRDIST,2030,0.3544
RE1,PWRDIST,2031,0.5059
RE1,PWRDIST,2032,0.659
RE1,PWRDIST,2033,0.8137
RE1,PWRDIST,2034,0.9701
RE1,PWRDIST,2035,1.1281
RE1,PWRDIST,2036,1.306
RE1,PWRDIST,2037,1.4855
RE1,PWRDIST,2038,1.6667
RE1,PWRDIST,2039,1.8498
RE1,PWRDIST,2040,2.0347
RE1,PWRDIST,2041,2.2567
RE1,PWRDIST,2042,2.4806
RE1,PWRDIST,2043,2.7064
RE1,PWRDIST,2044,2.9341
RE1,PWRDIST,2045,3.1708
RE1,PWRDIST,2046,3.4598
RE1,PWRDIST,2047,3.7507
RE1,PWRDIST,2048,4.0438
RE1,PWRDIST,2049,4.3389
RE1,PWRDIST,2050,4.6822
RE1,PWRGEO,2030,0.03
RE1,PWRGEO,2031,0.0785
RE1,PWRGEO,2032,0.127
RE1,PWRGEO,2033,0.1755
RE1,PWRGEO,2034,0.224
RE1,PWRGEO,2035,0.2725
RE1,PWRGEO,2036,0.321
RE1,PWRGEO,2037,0.3695
RE1,PWRGEO,2038,0.418
RE1,PWRGEO,2039,0.4665
RE1,PWRGEO,2040,0.515
RE1,PWRGEO,2041,0.5635
RE1,PWRGEO,2042,0.612
RE1,PWRGEO,2043,0.6605
RE1,PWRGEO,2044,0.709
RE1,PWRGEO,2045,0.7575
RE1,PWRGEO,2046,0.806
RE1,PWRGEO,2047,0.8545
RE1,PWRGEO,2048,0.903
RE1,PWRGEO,2049,0.9515
RE1,PWRGEO,2050,1.0
RE1,PWRHYD002,2023,0.5526
RE1,PWRHYD002,2024,0.7973
RE1,PWRHYD002,2025,0.7973
RE1,PWRHYD002,2026,0.7973
RE1,PWRHYD002,2027,0.9374
RE1,PWRHYD002,2028,1.1193
RE1,PWRHYD002,2029,1.3734
RE1,PWRHYD002,2030,1.5877
RE1,PWRHYD002,2031,1.7216
RE1,PWRHYD002,2032,1.8761
RE1,PWRHYD002,2033,2.0455
RE1,PWRHYD002,2034,2.1373
RE1,PWRHYD002,2035,2.1373
RE1,PWRHYD002,2036,2.1511
RE1,PWRHYD002,2037,2.3101
RE1,PWRHYD002,2038,2.4716
RE1,PWRHYD002,2039,2.6365
RE1,PWRHYD002,2040,2.8043
RE1,PWRHYD002,2041,3.0484
RE1,PWRHYD002,2042,3.2945
RE1,PWRHYD002,2043,3.5721
RE1,PWRHYD002,2044,3.8495
RE1,PWRHYD002,2045,4.1256
RE1,PWRHYD002,2046,4.4842
RE1,PWRHYD002,2047,4.8592
RE1,PWRHYD002,2048,5.0146
RE1,PWRHYD002,2049,5.0146
RE1,PWRHYD002,2050,5.0146
RE1,PWRSOL001,2025,0.6123
RE1,PWRSOL001,2026,1.6876
RE1,PWRSOL001,2027,2.1464
RE1,PWRSOL001,2028,2.5222
RE1,PWRSOL001,2029,2.7831
RE1,PWRSOL001,2030,3.0141
RE1,PWRSOL001,2031,3.2375
RE1,PWRSOL001,2032,3.4248
RE1,PWRSOL001,2033,3.5857
RE1,PWRSOL001,2034,3.9531
RE1,PWRSOL001,2035,4.3125
RE1,PWRSOL001,2036,4.6534
RE1,PWRSOL001,2037,4.9387
RE1,PWRSOL001,2038,5.255
RE1,PWRSOL001,2039,5.5719
RE1,PWRSOL001,2040,5.9095
RE1,PWRSOL001,2041,5.9307
RE1,PWRSOL001,2042,5.9623
RE1,PWRSOL001,2043,6.186
RE1,PWRSOL001,2044,6.5515
RE1,PWRSOL001,2045,6.9387
RE1,PWRSOL001,2046,7.3036
RE1,PWRSOL001,2047,7.6345
RE1,PWRSOL001,2048,8.068
RE1,PWRSOL001,2049,8.6562
RE1,PWRSOL001,2050,9.2843
RE1,PWRTRN,2028,0.0669
RE1,PWRTRN,2029,0.1987
RE1,PWRTRN,2030,0.332
RE1,PWRTRN,2031,0.4953
RE1,PWRTRN,2032,0.6602
RE1,PWRTRN,2033,0.8268
RE1,PWRTRN,2034,0.9953
RE1,PWRTRN,2035,1.1656
RE1,PWRTRN,2036,1.3571
RE1,PWRTRN,2037,1.5505
RE1,PWRTRN,2038,1.7458
RE1,PWRTRN,2039,1.943
RE1,PWRTRN,2040,2.1422
RE1,PWRTRN,2041,2.3814
RE1,PWRTRN,2042,2.6225
RE1,PWRTRN,2043,2.8658
RE1,PWRTRN,2044,3.1111
RE1,PWRTRN,2045,3.3662
RE1,PWRTRN,2046,3.6774
RE1,PWRTRN,2047,3.9909
RE1,PWRTRN,2048,4.3065
RE1,PWRTRN,2049,4.6245
RE1,PWRTRN,2050,4.9943
RE1,PWRTRNEXP,2015,0.4766
RE1,PWRTRNEXP,2016,0.4766
RE1,PWRTRNEXP,2017,0.5571
RE1,PWRTRNEXP,2018,0.5571
RE1,PWRTRNEXP,2019,0.6518
RE1,PWRTRNEXP,2020,0.6518
RE1,PWRTRNEXP,2021,0.6518
RE1,PWRTRNEXP,2022,0.6518
RE1,PWRTRNEXP,2023,0.6518
RE1,PWRTRNEXP,2024,0.6518
RE1,PWRTRNEXP,2025,0.6518
RE1,PWRTRNEXP,2026,0.6518
RE1,PWRTRNEXP,2027,0.8657
RE1,PWRTRNEXP,2028,0.8657
RE1,PWRTRNEXP,2029,1.0654
RE1,PWRTRNEXP,2030,1.0654
RE1,PWRTRNEXP,2031,1.4603
RE1,PWRTRNEXP,2032,1.4603
RE1,PWRTRNEXP,2033,1.4603
RE1,PWRTRNEXP,2034,1.4603
RE1,PWRTRNEXP,2035,1.5314
RE1,PWRTRNEXP,2036,1.9845
RE1,PWRTRNEXP,2037,1.9845
RE1,PWRTRNEXP,2038,1.9845
RE1,PWRTRNEXP,2039,1.9845
RE1,PWRTRNEXP,2040,1.9845
RE1,PWRTRNEXP,2041,1.9845
RE1,PWRTRNEXP,2042,1.9845
RE1,PWRTRNEXP,2043,2.383
RE1,PWRTRNEXP,2044,2.383
RE1,PWRTRNEXP,2045,2.383
RE1,PWRTRNEXP,2046,2.383
RE1,PWRTRNEXP,2047,2.4882
RE1,PWRTRNEXP,2048,2.4882
RE1,PWRTRNEXP,2049,2.4882
RE1,PWRTRNEXP,2050,2.4882
RE1,PWRTRNIMP,2015,0.4769
RE1,PWRTRNIMP,2016,0.4769
RE1,PWRTRNIMP,2017,0.5092
RE1,PWRTRNIMP,2018,0.5092
RE1,PWRTRNIMP,2019,0.5092
RE1,PWRTRNIMP,2020,0.5092
RE1,PWRTRNIMP,2021,0.5092
RE1,PWRTRNIMP,2022,0.5092
RE1,PWRTRNIMP,2023,0.5092
RE1,PWRTRNIMP,2024,0.5092
RE1,PWRTRNIMP,2025,0.5092
RE1,PWRTRNIMP,2026,0.5092
RE1,PWRTRNIMP,2027,0.5092
RE1,PWRTRNIMP,2028,0.5092
RE1,PWRTRNIMP,2029,0.5092
RE1,PWRTRNIMP,2030,0.5092
RE1,PWRTRNIMP,2031,0.5092
RE1,PWRTRNIMP,2032,0.5092
RE1,PWRTRNIMP,2033,0.5092
RE1,PWRTRNIMP,2034,0.5092
RE1,PWRTRNIMP,2035,0.5092
RE1,PWRTRNIMP,2036,0.5092
RE1,PWRTRNIMP,2037,0.5092
RE1,PWRTRNIMP,2038,0.5092
RE1,PWRTRNIMP,2039,0.5092
RE1,PWRTRNIMP,2040,0.5092
RE1,PWRTRNIMP,2041,0.5092
RE1,PWRTRNIMP,2042,0.5092
RE1,PWRTRNIMP,2043,0.5092
RE1,PWRTRNIMP,2044,0.5092
RE1,PWRTRNIMP,2045,0.5092
RE1,PWRTRNIMP,2046,0.5092
RE1,PWRTRNIMP,2047,0.5092
RE1,PWRTRNIMP,2048,0.5092
RE1,PWRTRNIMP,2049,0.5092
RE1,PWRTRNIMP,2050,0.5092
RE1,PWRWND001,2035,0.2727
RE1,PWRWND001,2036,0.5285
RE1,PWRWND001,2037,0.5928
RE1,PWRWND001,2038,0.6587
RE1,PWRWND001,2039,0.7254
RE1,PWRWND001,2040,0.7936
RE1,PWRWND001,2041,0.8753
RE1,PWRWND001,2042,0.963
RE1,PWRWND001,2043,1.0335
RE1,PWRWND001,2044,1.1118
RE1,PWRWND001,2045,1.2085
RE1,PWRWND001,2046,1.3453
RE1,PWRWND001,2047,1.4825
RE1,PWRWND001,2048,1.9982
RE1,PWRWND001,2049,2.9633
RE1,PWRWND001,2050,3.3926
