r,t,y,AnnualVariableOperatingCost
RE1,DEMAGRHEABIO,2026,0.0
RE1,DEMAGRHEABIO,2027,0.0
RE1,DEMAGRHEABIO,2028,0.0
RE1,DEMAGRHEABIO,2029,0.0
RE1,DEMAGRHEABIO,2030,0.0
RE1,DEMAGRHEABIO,2031,0.0
RE1,DEMAGRHEABIO,2032,0.0
RE1,DEMAGRHEABIO,2033,0.0
RE1,DEMAGRHEABIO,2034,0.0
RE1,DEMAGRHEABIO,2035,0.0
RE1,DEMAGRHEABIO,2036,0.0001
RE1,DEMAGRHEABIO,2037,0.0001
RE1,DEMAGRHEABIO,2038,0.0001
RE1,DEMAGRHEABIO,2039,0.0001
RE1,DEMAGRHEABIO,2040,0.0001
RE1,DEMAGRHEABIO,2041,0.0001
RE1,DEMAGRHEABIO,2042,0.0001
RE1,DEMAGRHEABIO,2043,0.0001
RE1,DEMAGRHEABIO,2044,0.0001
RE1,DEMAGRHEABIO,2045,0.0001
RE1,DEMAGRHEABIO,2046,0.0001
RE1,DEMAGRHEABIO,2047,0.0001
RE1,DEMAGRHEABIO,2048,0.0001
RE1,DEMAGRHEABIO,2049,0.0001
RE1,DEMAGRHEABIO,2050,0.0001
RE1,DEMAGRHEAGSL,2015,0.0
RE1,DEMAGRHEAGSL,2016,0.0
RE1,DEMAGRHEAGSL,2017,0.0
RE1,DEMAGRHEAGSL,2018,0.0
RE1,DEMAGRHEAGSL,2019,0.0
RE1,DEMAGRHEAGSL,2020,0.0
RE1,DEMAGRHEAGSL,2021,0.0
RE1,DEMAGRHEAGSL,2022,0.0
RE1,DEMAGRHEAGSL,2023,0.0
RE1,DEMAGRHEAGSL,2024,0.0
RE1,DEMAGRHEAGSL,2025,0.0
RE1,DEMAGRHEAGSL,2026,0.0
RE1,DEMAGRHEAGSL,2027,0.0
RE1,DEMAGRHEAGSL,2028,0.0
RE1,DEMAGRHEAGSL,2029,0.0
RE1,DEMAGRHEAGSL,2030,0.0
RE1,DEMAGRHEAGSL,2031,0.0
RE1,DEMAGRHEAGSL,2032,0.0
RE1,DEMAGRHEAGSL,2033,0.0
RE1,DEMAGRHEAGSL,2034,0.0
RE1,DEMAGRIRRELC,2015,0.0001
RE1,DEMAGRIRRELC,2016,0.0001
RE1,DEMAGRIRRELC,2017,0.0001
RE1,DEMAGRIRRELC,2018,0.0001
RE1,DEMAGRIRRELC,2019,0.0001
RE1,DEMAGRIRRELC,2020,0.0001
RE1,DEMAGRIRRELC,2021,0.0001
RE1,DEMAGRIRRELC,2022,0.0001
RE1,DEMAGRIRRELC,2023,0.0001
RE1,DEMAGRIRRELC,2024,0.0001
RE1,DEMAGRIRRELC,2025,0.0001
RE1,DEMAGRIRRELC,2026,0.0001
RE1,DEMAGRIRRELC,2027,0.0001
RE1,DEMAGRIRRELC,2028,0.0002
RE1,DEMAGRIRRELC,2029,0.0002
RE1,DEMAGRIRRELC,2030,0.0002
RE1,DEMAGRIRRELC,2031,0.0002
RE1,DEMAGRIRRELC,2032,0.0002
RE1,DEMAGRIRRELC,2033,0.0002
RE1,DEMAGRIRRELC,2034,0.0002
RE1,DEMAGRIRRELC,2035,0.0002
RE1,DEMAGRIRRELC,2036,0.0003
RE1,DEMAGRIRRELC,2037,0.0003
RE1,DEMAGRIRRELC,2038,0.0003
RE1,DEMAGRIRRELC,2039,0.0003
RE1,DEMAGRIRRELC,2040,0.0003
RE1,DEMAGRIRRELC,2041,0.0003
RE1,DEMAGRIRRELC,2042,0.0004
RE1,DEMAGRIRRELC,2043,0.0004
RE1,DEMAGRIRRELC,2044,0.0004
RE1,DEMAGRIRRELC,2045,0.0004
RE1,DEMAGRIRRELC,2046,0.0005
RE1,DEMAGRIRRELC,2047,0.0005
RE1,DEMAGRIRRELC,2048,0.0005
RE1,DEMAGRIRRELC,2049,0.0006
RE1,DEMAGRIRRELC,2050,0.0006
RE1,DEMAGRMACGSL,2015,0.0
RE1,DEMAGRMACGSL,2016,0.0
RE1,DEMAGRMACGSL,2017,0.0
RE1,DEMAGRMACGSL,2018,0.0
RE1,DEMAGRMACGSL,2019,0.0
RE1,DEMAGRMACGSL,2020,0.0
RE1,DEMAGRMACGSL,2021,0.0
RE1,DEMAGRMACGSL,2022,0.0
RE1,DEMAGRMACGSL,2023,0.0
RE1,DEMAGRMACGSL,2024,0.0
RE1,DEMAGRMACGSL,2025,0.0
RE1,DEMAGRMACGSL,2026,0.0
RE1,DEMAGRMACGSL,2027,0.0
RE1,DEMAGRMACGSL,2028,0.0
RE1,DEMAGRMACGSL,2029,0.0
RE1,DEMAGRMACGSL,2030,0.0
RE1,DEMAGRMACGSL,2031,0.0
RE1,DEMAGRMACGSL,2032,0.0
RE1,DEMAGRMACGSL,2033,0.0
RE1,DEMAGRMACGSL,2034,0.0
RE1,DEMAGRMACGSL,2035,0.0
RE1,DEMAGRMACGSL,2036,0.0
RE1,DEMAGRMACGSL,2037,0.0
RE1,DEMAGRMACGSL,2038,0.0
RE1,DEMAGRMACGSL,2039,0.0
RE1,DEMAGRMACGSL,2040,0.0
RE1,DEMAGRMACGSL,2041,0.0
RE1,DEMAGRMACGSL,2042,0.0
RE1,DEMAGRMACGSL,2043,0.0
RE1,DEMAGRMACGSL,2044,0.0
RE1,DEMAGRMACGSL,2045,0.0
RE1,DEMAGRMACGSL,2046,0.0
RE1,DEMAGRMACGSL,2047,0.0
RE1,DEMAGRMACGSL,2048,0.0
RE1,DEMAGRMACGSL,2049,0.0
RE1,DEMAGRMACGSL,2050,0.0
RE1,DEMCOMAPPELC,2015,0.0003
RE1,DEMCOMAPPELC,2016,0.0003
RE1,DEMCOMAPPELC,2017,0.0003
RE1,DEMCOMAPPELC,2018,0.0003
RE1,DEMCOMAPPELC,2019,0.0003
RE1,DEMCOMAPPELC,2020,0.0003
RE1,DEMCOMAPPELC,2021,0.0003
RE1,DEMCOMAPPELC,2022,0.0004
RE1,DEMCOMAPPELC,2023,0.0004
RE1,DEMCOMAPPELC,2024,0.0004
RE1,DEMCOMAPPELC,2025,0.0004
RE1,DEMCOMAPPELC,2026,0.0004
RE1,DEMCOMAPPELC,2027,0.0005
RE1,DEMCOMAPPELC,2028,0.0005
RE1,DEMCOMAPPELC,2029,0.0005
RE1,DEMCOMAPPELC,2030,0.0005
RE1,DEMCOMAPPELC,2031,0.0006
RE1,DEMCOMAPPELC,2032,0.0006
RE1,DEMCOMAPPELC,2033,0.0006
RE1,DEMCOMAPPELC,2034,0.0007
RE1,DEMCOMAPPELC,2035,0.0007
RE1,DEMCOMAPPELC,2036,0.0008
RE1,DEMCOMAPPELC,2037,0.0008
RE1,DEMCOMAPPELC,2038,0.0008
RE1,DEMCOMAPPELC,2039,0.0009
RE1,DEMCOMAPPELC,2040,0.0009
RE1,DEMCOMAPPELC,2041,0.001
RE1,DEMCOMAPPELC,2042,0.001
RE1,DEMCOMAPPELC,2043,0.0011
RE1,DEMCOMAPPELC,2044,0.0011
RE1,DEMCOMAPPELC,2045,0.0012
RE1,DEMCOMAPPELC,2046,0.0012
RE1,DEMCOMAPPELC,2047,0.0013
RE1,DEMCOMAPPELC,2048,0.0014
RE1,DEMCOMAPPELC,2049,0.0014
RE1,DEMCOMAPPELC,2050,0.0015
RE1,DEMCOMOTHELC,2026,0.0
RE1,DEMCOMOTHELC,2027,0.0
RE1,DEMCOMOTHELC,2028,0.0001
RE1,DEMCOMOTHELC,2029,0.0001
RE1,DEMCOMOTHELC,2030,0.0001
RE1,DEMCOMOTHELC,2031,0.0001
RE1,DEMCOMOTHELC,2032,0.0001
RE1,DEMCOMOTHELC,2033,0.0001
RE1,DEMCOMOTHELC,2034,0.0001
RE1,DEMCOMOTHELC,2035,0.0002
RE1,DEMCOMOTHELC,2036,0.0002
RE1,DEMCOMOTHELC,2037,0.0002
RE1,DEMCOMOTHELC,2038,0.0002
RE1,DEMCOMOTHELC,2039,0.0002
RE1,DEMCOMOTHELC,2040,0.0002
RE1,DEMCOMOTHELC,2041,0.0002
RE1,DEMCOMOTHELC,2042,0.0002
RE1,DEMCOMOTHELC,2043,0.0002
RE1,DEMCOMOTHELC,2044,0.0002
RE1,DEMCOMOTHELC,2045,0.0003
RE1,DEMCOMOTHELC,2046,0.0003
RE1,DEMCOMOTHELC,2047,0.0003
RE1,DEMCOMOTHELC,2048,0.0003
RE1,DEMCOMOTHELC,2049,0.0003
RE1,DEMCOMOTHELC,2050,0.0003
RE1,DEMCOMOTHGSL,2015,0.0001
RE1,DEMCOMOTHGSL,2016,0.0001
RE1,DEMCOMOTHGSL,2017,0.0001
RE1,DEMCOMOTHGSL,2018,0.0001
RE1,DEMCOMOTHGSL,2019,0.0001
RE1,DEMCOMOTHGSL,2020,0.0001
RE1,DEMCOMOTHGSL,2021,0.0001
RE1,DEMCOMOTHGSL,2022,0.0001
RE1,DEMCOMOTHGSL,2023,0.0001
RE1,DEMCOMOTHGSL,2024,0.0001
RE1,DEMCOMOTHGSL,2025,0.0001
RE1,DEMCOMOTHGSL,2026,0.0001
RE1,DEMCOMOTHGSL,2027,0.0001
RE1,DEMCOMOTHGSL,2028,0.0
RE1,DEMCOMOTHGSL,2029,0.0
RE1,DEMCOPHEACOA,2026,0.0001
RE1,DEMCOPHEACOA,2027,0.0001
RE1,DEMCOPHEACOA,2028,0.0002
RE1,DEMCOPHEACOA,2029,0.0003
RE1,DEMCOPHEACOA,2030,0.0004
RE1,DEMCOPHEACOA,2031,0.0004
RE1,DEMCOPHEACOA,2032,0.0004
RE1,DEMCOPHEACOA,2033,0.0004
RE1,DEMCOPHEACOA,2034,0.0004
RE1,DEMCOPHEACOA,2035,0.0004
RE1,DEMCOPHEACOA,2036,0.0005
RE1,DEMCOPHEACOA,2037,0.0005
RE1,DEMCOPHEACOA,2038,0.0005
RE1,DEMCOPHEACOA,2039,0.0005
RE1,DEMCOPHEACOA,2040,0.0005
RE1,DEMCOPHEACOA,2041,0.0005
RE1,DEMCOPHEACOA,2042,0.0005
RE1,DEMCOPHEACOA,2043,0.0005
RE1,DEMCOPHEACOA,2044,0.0005
RE1,DEMCOPHEACOA,2045,0.0006
RE1,DEMCOPHEACOA,2046,0.0006
RE1,DEMCOPHEACOA,2047,0.0006
RE1,DEMCOPHEACOA,2048,0.0007
RE1,DEMCOPHEACOA,2049,0.0007
RE1,DEMCOPHEACOA,2050,0.0008
RE1,DEMCOPHEAELC,2034,0.0
RE1,DEMCOPHEAELC,2035,0.0
RE1,DEMCOPHEAELC,2036,0.0
RE1,DEMCOPHEAELC,2037,0.0001
RE1,DEMCOPHEAELC,2038,0.0001
RE1,DEMCOPHEAELC,2039,0.0001
RE1,DEMCOPHEAELC,2040,0.0002
RE1,DEMCOPHEAELC,2041,0.0002
RE1,DEMCOPHEAELC,2042,0.0002
RE1,DEMCOPHEAELC,2043,0.0002
RE1,DEMCOPHEAELC,2044,0.0002
RE1,DEMCOPHEAELC,2045,0.0002
RE1,DEMCOPHEAELC,2046,0.0003
RE1,DEMCOPHEAELC,2047,0.0003
RE1,DEMCOPHEAELC,2048,0.0003
RE1,DEMCOPHEAELC,2049,0.0002
RE1,DEMCOPHEAELC,2050,0.0002
RE1,DEMCOPHEAGSL,2015,0.0002
RE1,DEMCOPHEAGSL,2016,0.0002
RE1,DEMCOPHEAGSL,2017,0.0002
RE1,DEMCOPHEAGSL,2018,0.0002
RE1,DEMCOPHEAGSL,2019,0.0002
RE1,DEMCOPHEAGSL,2020,0.0002
RE1,DEMCOPHEAGSL,2021,0.0002
RE1,DEMCOPHEAGSL,2022,0.0002
RE1,DEMCOPHEAGSL,2023,0.0003
RE1,DEMCOPHEAGSL,2024,0.0003
RE1,DEMCOPHEAGSL,2025,0.0003
RE1,DEMCOPHEAGSL,2026,0.0002
RE1,DEMCOPHEAGSL,2027,0.0002
RE1,DEMCOPHEAGSL,2028,0.0001
RE1,DEMCOPHEAGSL,2029,0.0001
RE1,DEMCOPMOTELC,2015,0.0022
RE1,DEMCOPMOTELC,2016,0.0023
RE1,DEMCOPMOTELC,2017,0.0023
RE1,DEMCOPMOTELC,2018,0.0024
RE1,DEMCOPMOTELC,2019,0.0025
RE1,DEMCOPMOTELC,2020,0.0024
RE1,DEMCOPMOTELC,2021,0.0026
RE1,DEMCOPMOTELC,2022,0.0027
RE1,DEMCOPMOTELC,2023,0.0029
RE1,DEMCOPMOTELC,2024,0.003
RE1,DEMCOPMOTELC,2025,0.0032
RE1,DEMCOPMOTELC,2026,0.0034
RE1,DEMCOPMOTELC,2027,0.0036
RE1,DEMCOPMOTELC,2028,0.0038
RE1,DEMCOPMOTELC,2029,0.004
RE1,DEMCOPMOTELC,2030,0.0042
RE1,DEMCOPMOTELC,2031,0.0044
RE1,DEMCOPMOTELC,2032,0.0047
RE1,DEMCOPMOTELC,2033,0.005
RE1,DEMCOPMOTELC,2034,0.0052
RE1,DEMCOPMOTELC,2035,0.0055
RE1,DEMCOPMOTELC,2036,0.0058
RE1,DEMCOPMOTELC,2037,0.0061
RE1,DEMCOPMOTELC,2038,0.0064
RE1,DEMCOPMOTELC,2039,0.0067
RE1,DEMCOPMOTELC,2040,0.007
RE1,DEMCOPMOTELC,2041,0.0074
RE1,DEMCOPMOTELC,2042,0.0077
RE1,DEMCOPMOTELC,2043,0.0081
RE1,DEMCOPMOTELC,2044,0.0085
RE1,DEMCOPMOTELC,2045,0.0089
RE1,DEMCOPMOTELC,2046,0.0094
RE1,DEMCOPMOTELC,2047,0.0099
RE1,DEMCOPMOTELC,2048,0.0104
RE1,DEMCOPMOTELC,2049,0.0109
RE1,DEMCOPMOTELC,2050,0.0114
RE1,DEMCOPVEHGSL,2015,0.0001
RE1,DEMCOPVEHGSL,2016,0.0001
RE1,DEMCOPVEHGSL,2017,0.0001
RE1,DEMCOPVEHGSL,2018,0.0001
RE1,DEMCOPVEHGSL,2019,0.0001
RE1,DEMCOPVEHGSL,2020,0.0001
RE1,DEMCOPVEHGSL,2021,0.0001
RE1,DEMCOPVEHGSL,2022,0.0001
RE1,DEMCOPVEHGSL,2023,0.0002
RE1,DEMCOPVEHGSL,2024,0.0002
RE1,DEMCOPVEHGSL,2025,0.0002
RE1,DEMCOPVEHGSL,2026,0.0002
RE1,DEMCOPVEHGSL,2027,0.0002
RE1,DEMCOPVEHGSL,2028,0.0002
RE1,DEMCOPVEHGSL,2029,0.0002
RE1,DEMCOPVEHGSL,2030,0.0002
RE1,DEMCOPVEHGSL,2031,0.0002
RE1,DEMCOPVEHGSL,2032,0.0003
RE1,DEMCOPVEHGSL,2033,0.0003
RE1,DEMCOPVEHGSL,2034,0.0003
RE1,DEMCOPVEHGSL,2035,0.0003
RE1,DEMCOPVEHGSL,2036,0.0003
RE1,DEMCOPVEHGSL,2037,0.0003
RE1,DEMCOPVEHGSL,2038,0.0003
RE1,DEMCOPVEHGSL,2039,0.0004
RE1,DEMCOPVEHGSL,2040,0.0004
RE1,DEMCOPVEHGSL,2041,0.0004
RE1,DEMCOPVEHGSL,2042,0.0004
RE1,DEMCOPVEHGSL,2043,0.0004
RE1,DEMCOPVEHGSL,2044,0.0005
RE1,DEMCOPVEHGSL,2045,0.0005
RE1,DEMCOPVEHGSL,2046,0.0005
RE1,DEMCOPVEHGSL,2047,0.0005
RE1,DEMCOPVEHGSL,2048,0.0006
RE1,DEMCOPVEHGSL,2049,0.0006
RE1,DEMCOPVEHGSL,2050,0.0006
RE1,DEMINDHEABIO,2015,0.0017
RE1,DEMINDHEABIO,2016,0.0017
RE1,DEMINDHEABIO,2017,0.0018
RE1,DEMINDHEABIO,2018,0.0018
RE1,DEMINDHEABIO,2019,0.0019
RE1,DEMINDHEABIO,2020,0.0019
RE1,DEMINDHEABIO,2021,0.002
RE1,DEMINDHEABIO,2022,0.0021
RE1,DEMINDHEABIO,2023,0.0022
RE1,DEMINDHEABIO,2024,0.0023
RE1,DEMINDHEABIO,2025,0.0025
RE1,DEMINDHEABIO,2026,0.0027
RE1,DEMINDHEABIO,2027,0.003
RE1,DEMINDHEABIO,2028,0.0032
RE1,DEMINDHEABIO,2029,0.0035
RE1,DEMINDHEABIO,2030,0.0037
RE1,DEMINDHEABIO,2031,0.0039
RE1,DEMINDHEABIO,2032,0.004
RE1,DEMINDHEABIO,2033,0.004
RE1,DEMINDHEABIO,2034,0.004
RE1,DEMINDHEABIO,2035,0.004
RE1,DEMINDHEABIO,2036,0.004
RE1,DEMINDHEABIO,2037,0.004
RE1,DEMINDHEABIO,2038,0.004
RE1,DEMINDHEABIO,2039,0.004
RE1,DEMINDHEABIO,2040,0.004
RE1,DEMINDHEABIO,2041,0.004
RE1,DEMINDHEABIO,2042,0.004
RE1,DEMINDHEABIO,2043,0.004
RE1,DEMINDHEABIO,2044,0.004
RE1,DEMINDHEABIO,2045,0.004
RE1,DEMINDHEABIO,2046,0.004
RE1,DEMINDHEABIO,2047,0.004
RE1,DEMINDHEABIO,2048,0.004
RE1,DEMINDHEABIO,2049,0.004
RE1,DEMINDHEABIO,2050,0.004
RE1,DEMINDHEACOA,2015,0.0002
RE1,DEMINDHEACOA,2016,0.0002
RE1,DEMINDHEACOA,2017,0.0002
RE1,DEMINDHEACOA,2018,0.0002
RE1,DEMINDHEACOA,2019,0.0002
RE1,DEMINDHEACOA,2020,0.0002
RE1,DEMINDHEACOA,2021,0.0002
RE1,DEMINDHEACOA,2022,0.0002
RE1,DEMINDHEACOA,2023,0.0002
RE1,DEMINDHEACOA,2024,0.0002
RE1,DEMINDHEACOA,2025,0.0002
RE1,DEMINDHEACOA,2026,0.0002
RE1,DEMINDHEACOA,2027,0.0001
RE1,DEMINDHEACOA,2028,0.0001
RE1,DEMINDHEACOA,2029,0.0
RE1,DEMINDHEACOA,2032,0.0001
RE1,DEMINDHEACOA,2033,0.0004
RE1,DEMINDHEACOA,2034,0.0006
RE1,DEMINDHEACOA,2035,0.0008
RE1,DEMINDHEACOA,2036,0.001
RE1,DEMINDHEACOA,2037,0.0013
RE1,DEMINDHEACOA,2038,0.0015
RE1,DEMINDHEACOA,2039,0.0017
RE1,DEMINDHEACOA,2040,0.0019
RE1,DEMINDHEACOA,2041,0.0022
RE1,DEMINDHEACOA,2042,0.0026
RE1,DEMINDHEACOA,2043,0.0029
RE1,DEMINDHEACOA,2044,0.0032
RE1,DEMINDHEACOA,2045,0.0035
RE1,DEMINDHEACOA,2046,0.0039
RE1,DEMINDHEACOA,2047,0.0043
RE1,DEMINDHEACOA,2048,0.0048
RE1,DEMINDHEACOA,2049,0.0052
RE1,DEMINDHEACOA,2050,0.0056
RE1,DEMINDHEAELC,2035,0.0
RE1,DEMINDHEAELC,2036,0.0
RE1,DEMINDHEAELC,2037,0.0
RE1,DEMINDHEAELC,2038,0.0001
RE1,DEMINDHEAELC,2039,0.0001
RE1,DEMINDHEAELC,2040,0.0002
RE1,DEMINDHEAELC,2041,0.0002
RE1,DEMINDHEAELC,2042,0.0002
RE1,DEMINDHEAELC,2043,0.0002
RE1,DEMINDHEAELC,2044,0.0002
RE1,DEMINDHEAELC,2045,0.0002
RE1,DEMINDHEAELC,2046,0.0002
RE1,DEMINDHEAELC,2047,0.0002
RE1,DEMINDHEAELC,2048,0.0002
RE1,DEMINDHEAELC,2049,0.0002
RE1,DEMINDHEAELC,2050,0.0001
RE1,DEMINDHEAHFO,2015,0.0001
RE1,DEMINDHEAHFO,2016,0.0001
RE1,DEMINDHEAHFO,2017,0.0001
RE1,DEMINDHEAHFO,2018,0.0001
RE1,DEMINDHEAHFO,2019,0.0001
RE1,DEMINDHEAHFO,2020,0.0001
RE1,DEMINDHEAHFO,2021,0.0001
RE1,DEMINDHEAHFO,2022,0.0001
RE1,DEMINDHEAHFO,2023,0.0001
RE1,DEMINDHEAHFO,2024,0.0001
RE1,DEMINDHEAHFO,2025,0.0001
RE1,DEMINDHEAHFO,2026,0.0001
RE1,DEMINDHEAHFO,2027,0.0001
RE1,DEMINDHEAHFO,2028,0.0001
RE1,DEMINDHEAHFO,2029,0.0
RE1,DEMINDMOTELC,2015,0.0001
RE1,DEMINDMOTELC,2016,0.0002
RE1,DEMINDMOTELC,2017,0.0002
RE1,DEMINDMOTELC,2018,0.0002
RE1,DEMINDMOTELC,2019,0.0002
RE1,DEMINDMOTELC,2020,0.0002
RE1,DEMINDMOTELC,2021,0.0002
RE1,DEMINDMOTELC,2022,0.0002
RE1,DEMINDMOTELC,2023,0.0002
RE1,DEMINDMOTELC,2024,0.0002
RE1,DEMINDMOTELC,2025,0.0002
RE1,DEMINDMOTELC,2026,0.0002
RE1,DEMINDMOTELC,2027,0.0002
RE1,DEMINDMOTELC,2028,0.0003
RE1,DEMINDMOTELC,2029,0.0003
RE1,DEMINDMOTELC,2030,0.0003
RE1,DEMINDMOTELC,2031,0.0003
RE1,DEMINDMOTELC,2032,0.0003
RE1,DEMINDMOTELC,2033,0.0003
RE1,DEMINDMOTELC,2034,0.0003
RE1,DEMINDMOTELC,2035,0.0004
RE1,DEMINDMOTELC,2036,0.0004
RE1,DEMINDMOTELC,2037,0.0004
RE1,DEMINDMOTELC,2038,0.0004
RE1,DEMINDMOTELC,2039,0.0004
RE1,DEMINDMOTELC,2040,0.0005
RE1,DEMINDMOTELC,2041,0.0005
RE1,DEMINDMOTELC,2042,0.0005
RE1,DEMINDMOTELC,2043,0.0005
RE1,DEMINDMOTELC,2044,0.0006
RE1,DEMINDMOTELC,2045,0.0006
RE1,DEMINDMOTELC,2046,0.0006
RE1,DEMINDMOTELC,2047,0.0006
RE1,DEMINDMOTELC,2048,0.0007
RE1,DEMINDMOTELC,2049,0.0007
RE1,DEMINDMOTELC,2050,0.0007
RE1,DEMRESCOOELC,2015,0.0007
RE1,DEMRESCOOELC,2016,0.0007
RE1,DEMRESCOOELC,2017,0.0008
RE1,DEMRESCOOELC,2018,0.0008
RE1,DEMRESCOOELC,2019,0.0008
RE1,DEMRESCOOELC,2020,0.0008
RE1,DEMRESCOOELC,2021,0.0009
RE1,DEMRESCOOELC,2022,0.0009
RE1,DEMRESCOOELC,2023,0.0009
RE1,DEMRESCOOELC,2024,0.001
RE1,DEMRESCOOELC,2025,0.001
RE1,DEMRESCOOELC,2026,0.0011
RE1,DEMRESCOOELC,2027,0.0011
RE1,DEMRESCOOELC,2028,0.0012
RE1,DEMRESCOOELC,2029,0.0012
RE1,DEMRESCOOELC,2030,0.0013
RE1,DEMRESCOOELC,2031,0.0014
RE1,DEMRESCOOELC,2032,0.0014
RE1,DEMRESCOOELC,2033,0.0015
RE1,DEMRESCOOELC,2034,0.0016
RE1,DEMRESCOOELC,2035,0.0016
RE1,DEMRESCOOELC,2036,0.0017
RE1,DEMRESCOOELC,2037,0.0018
RE1,DEMRESCOOELC,2038,0.0019
RE1,DEMRESCOOELC,2039,0.0019
RE1,DEMRESCOOELC,2040,0.002
RE1,DEMRESCOOELC,2041,0.0021
RE1,DEMRESCOOELC,2042,0.0022
RE1,DEMRESCOOELC,2043,0.0023
RE1,DEMRESCOOELC,2044,0.0024
RE1,DEMRESCOOELC,2045,0.0025
RE1,DEMRESCOOELC,2046,0.0026
RE1,DEMRESCOOELC,2047,0.0027
RE1,DEMRESCOOELC,2048,0.0028
RE1,DEMRESCOOELC,2049,0.0029
RE1,DEMRESCOOELC,2050,0.003
RE1,DEMRESHCKBGS,2049,0.0
RE1,DEMRESHCKBGS,2050,0.0002
RE1,DEMRESHCKBIO,2015,0.0024
RE1,DEMRESHCKBIO,2016,0.0024
RE1,DEMRESHCKBIO,2017,0.0025
RE1,DEMRESHCKBIO,2018,0.0025
RE1,DEMRESHCKBIO,2019,0.0026
RE1,DEMRESHCKBIO,2020,0.0027
RE1,DEMRESHCKBIO,2021,0.0027
RE1,DEMRESHCKBIO,2022,0.0028
RE1,DEMRESHCKBIO,2023,0.0028
RE1,DEMRESHCKBIO,2024,0.0029
RE1,DEMRESHCKBIO,2025,0.0029
RE1,DEMRESHCKBIO,2026,0.003
RE1,DEMRESHCKBIO,2027,0.003
RE1,DEMRESHCKBIO,2028,0.0031
RE1,DEMRESHCKBIO,2029,0.0032
RE1,DEMRESHCKBIO,2030,0.0032
RE1,DEMRESHCKBIO,2031,0.0033
RE1,DEMRESHCKBIO,2032,0.0034
RE1,DEMRESHCKBIO,2033,0.0034
RE1,DEMRESHCKBIO,2034,0.0035
RE1,DEMRESHCKBIO,2035,0.0036
RE1,DEMRESHCKBIO,2036,0.0036
RE1,DEMRESHCKBIO,2037,0.0037
RE1,DEMRESHCKBIO,2038,0.0038
RE1,DEMRESHCKBIO,2039,0.0038
RE1,DEMRESHCKBIO,2040,0.0039
RE1,DEMRESHCKBIO,2041,0.004
RE1,DEMRESHCKBIO,2042,0.004
RE1,DEMRESHCKBIO,2043,0.0041
RE1,DEMRESHCKBIO,2044,0.0042
RE1,DEMRESHCKBIO,2045,0.0042
RE1,DEMRESHCKBIO,2046,0.0043
RE1,DEMRESHCKBIO,2047,0.0043
RE1,DEMRESHCKBIO,2048,0.0044
RE1,DEMRESHCKBIO,2049,0.0045
RE1,DEMRESHCKBIO,2050,0.0044
RE1,DEMRESHCKELC,2015,0.0001
RE1,DEMRESHCKELC,2016,0.0001
RE1,DEMRESHCKELC,2017,0.0001
RE1,DEMRESHCKELC,2018,0.0001
RE1,DEMRESHCKELC,2019,0.0001
RE1,DEMRESHCKELC,2020,0.0001
RE1,DEMRESHCKELC,2021,0.0001
RE1,DEMRESHCKELC,2022,0.0001
RE1,DEMRESHCKELC,2023,0.0001
RE1,DEMRESHCKELC,2024,0.0001
RE1,DEMRESHCKELC,2025,0.0002
RE1,DEMRESHCKELC,2026,0.0002
RE1,DEMRESHCKELC,2027,0.0002
RE1,DEMRESHCKELC,2028,0.0002
RE1,DEMRESHCKELC,2029,0.0002
RE1,DEMRESHCKELC,2030,0.0003
RE1,DEMRESHCKELC,2031,0.0003
RE1,DEMRESHCKELC,2032,0.0003
RE1,DEMRESHCKELC,2033,0.0003
RE1,DEMRESHCKELC,2034,0.0003
RE1,DEMRESHCKELC,2035,0.0003
RE1,DEMRESHCKELC,2036,0.0004
RE1,DEMRESHCKELC,2037,0.0004
RE1,DEMRESHCKELC,2038,0.0004
RE1,DEMRESHCKELC,2039,0.0004
RE1,DEMRESHCKELC,2040,0.0004
RE1,DEMRESHCKELC,2041,0.0005
RE1,DEMRESHCKELC,2042,0.0005
RE1,DEMRESHCKELC,2043,0.0005
RE1,DEMRESHCKELC,2044,0.0005
RE1,DEMRESHCKELC,2045,0.0005
RE1,DEMRESHCKELC,2046,0.0006
RE1,DEMRESHCKELC,2047,0.0006
RE1,DEMRESHCKELC,2048,0.0006
RE1,DEMRESHCKELC,2049,0.0006
RE1,DEMRESHCKELC,2050,0.0007
RE1,DEMRESHCKLPG,2015,0.0
RE1,DEMRESHCKLPG,2016,0.0
RE1,DEMRESHCKLPG,2017,0.0
RE1,DEMRESHCKLPG,2018,0.0
RE1,DEMRESHCKLPG,2019,0.0
RE1,DEMRESHCKLPG,2020,0.0
RE1,DEMRESHCKLPG,2021,0.0
RE1,DEMRESHCKLPG,2022,0.0
RE1,DEMRESHCKLPG,2023,0.0
RE1,DEMRESHCKLPG,2024,0.0
RE1,DEMRESHCKLPG,2025,0.0
RE1,DEMRESHCKLPG,2026,0.0001
RE1,DEMRESHCKLPG,2027,0.0001
RE1,DEMRESHCKLPG,2028,0.0001
RE1,DEMRESHCKLPG,2029,0.0001
RE1,DEMRESHCKLPG,2030,0.0001
RE1,DEMRESHCKLPG,2031,0.0001
RE1,DEMRESHCKLPG,2032,0.0001
RE1,DEMRESHCKLPG,2033,0.0001
RE1,DEMRESHCKLPG,2034,0.0001
RE1,DEMRESHCKLPG,2035,0.0001
RE1,DEMRESHCKLPG,2036,0.0001
RE1,DEMRESHCKLPG,2037,0.0001
RE1,DEMRESHCKLPG,2038,0.0001
RE1,DEMRESHCKLPG,2039,0.0001
RE1,DEMRESHCKLPG,2040,0.0002
RE1,DEMRESHCKLPG,2041,0.0002
RE1,DEMRESHCKLPG,2042,0.0002
RE1,DEMRESHCKLPG,2043,0.0002
RE1,DEMRESHCKLPG,2044,0.0002
RE1,DEMRESHCKLPG,2045,0.0002
RE1,DEMRESHCKLPG,2046,0.0002
RE1,DEMRESHCKLPG,2047,0.0002
RE1,DEMRESHCKLPG,2048,0.0002
RE1,DEMRESHCKLPG,2049,0.0003
RE1,DEMRESHCKLPG,2050,0.0003
RE1,DEMRESLIGELC,2015,0.0006
RE1,DEMRESLIGELC,2016,0.0006
RE1,DEMRESLIGELC,2017,0.0007
RE1,DEMRESLIGELC,2018,0.0007
RE1,DEMRESLIGELC,2019,0.0007
RE1,DEMRESLIGELC,2020,0.0007
RE1,DEMRESLIGELC,2021,0.0007
RE1,DEMRESLIGELC,2022,0.0008
RE1,DEMRESLIGELC,2023,0.0008
RE1,DEMRESLIGELC,2024,0.0008
RE1,DEMRESLIGELC,2025,0.0009
RE1,DEMRESLIGELC,2026,0.0009
RE1,DEMRESLIGELC,2027,0.0009
RE1,DEMRESLIGELC,2028,0.001
RE1,DEMRESLIGELC,2029,0.001
RE1,DEMRESLIGELC,2030,0.0011
RE1,DEMRESLIGELC,2031,0.0011
RE1,DEMRESLIGELC,2032,0.0011
RE1,DEMRESLIGELC,2033,0.0012
RE1,DEMRESLIGELC,2034,0.0012
RE1,DEMRESLIGELC,2035,0.0013
RE1,DEMRESLIGELC,2036,0.0013
RE1,DEMRESLIGELC,2037,0.0014
RE1,DEMRESLIGELC,2038,0.0014
RE1,DEMRESLIGELC,2039,0.0015
RE1,DEMRESLIGELC,2040,0.0015
RE1,DEMRESLIGELC,2041,0.0016
RE1,DEMRESLIGELC,2042,0.0017
RE1,DEMRESLIGELC,2043,0.0017
RE1,DEMRESLIGELC,2044,0.0018
RE1,DEMRESLIGELC,2045,0.0018
RE1,DEMRESLIGELC,2046,0.0019
RE1,DEMRESLIGELC,2047,0.0019
RE1,DEMRESLIGELC,2048,0.002
RE1,DEMRESLIGELC,2049,0.0021
RE1,DEMRESLIGELC,2050,0.0021
RE1,DEMTRABUSELC,2041,0.0
RE1,DEMTRABUSELC,2042,0.0
RE1,DEMTRABUSELC,2043,0.0
RE1,DEMTRABUSELC,2044,0.0
RE1,DEMTRABUSELC,2045,0.0
RE1,DEMTRABUSELC,2046,0.0
RE1,DEMTRABUSELC,2047,0.0
RE1,DEMTRABUSELC,2048,0.0
RE1,DEMTRABUSELC,2049,0.0
RE1,DEMTRABUSELC,2050,0.0
RE1,DEMTRABUSGSL,2015,0.0
RE1,DEMTRABUSGSL,2016,0.0
RE1,DEMTRABUSGSL,2017,0.0
RE1,DEMTRABUSGSL,2018,0.0
RE1,DEMTRABUSGSL,2019,0.0
RE1,DEMTRABUSGSL,2020,0.0
RE1,DEMTRABUSGSL,2021,0.0
RE1,DEMTRABUSGSL,2022,0.0
RE1,DEMTRABUSGSL,2023,0.0
RE1,DEMTRABUSGSL,2024,0.0
RE1,DEMTRABUSGSL,2025,0.0
RE1,DEMTRABUSGSL,2026,0.0
RE1,DEMTRABUSGSL,2027,0.0
RE1,DEMTRABUSGSL,2028,0.0
RE1,DEMTRABUSGSL,2029,0.0
RE1,DEMTRABUSGSL,2030,0.0
RE1,DEMTRABUSGSL,2031,0.0
RE1,DEMTRABUSGSL,2032,0.0
RE1,DEMTRABUSGSL,2033,0.0
RE1,DEMTRABUSGSL,2034,0.0
RE1,DEMTRABUSGSL,2035,0.0
RE1,DEMTRABUSGSL,2036,0.0
RE1,DEMTRABUSGSL,2037,0.0
RE1,DEMTRABUSGSL,2038,0.0
RE1,DEMTRABUSGSL,2039,0.0
RE1,DEMTRABUSGSL,2040,0.0
RE1,DEMTRABUSGSL,2041,0.0
RE1,DEMTRABUSGSL,2042,0.0
RE1,DEMTRABUSGSL,2043,0.0
RE1,DEMTRABUSGSL,2044,0.0
RE1,DEMTRABUSGSL,2045,0.0
RE1,DEMTRABUSGSL,2046,0.0
RE1,DEMTRABUSGSL,2047,0.0
RE1,DEMTRABUSGSL,2048,0.0
RE1,DEMTRABUSGSL,2049,0.0
RE1,DEMTRABUSGSL,2050,0.0
RE1,DEMTRACARELC,2049,0.0001
RE1,DEMTRACARELC,2050,0.0003
RE1,DEMTRACARGSL,2015,0.0003
RE1,DEMTRACARGSL,2016,0.0003
RE1,DEMTRACARGSL,2017,0.0003
RE1,DEMTRACARGSL,2018,0.0003
RE1,DEMTRACARGSL,2019,0.0003
RE1,DEMTRACARGSL,2020,0.0003
RE1,DEMTRACARGSL,2021,0.0003
RE1,DEMTRACARGSL,2022,0.0004
RE1,DEMTRACARGSL,2023,0.0004
RE1,DEMTRACARGSL,2024,0.0004
RE1,DEMTRACARGSL,2025,0.0004
RE1,DEMTRACARGSL,2026,0.0004
RE1,DEMTRACARGSL,2027,0.0005
RE1,DEMTRACARGSL,2028,0.0005
RE1,DEMTRACARGSL,2029,0.0005
RE1,DEMTRACARGSL,2030,0.0005
RE1,DEMTRACARGSL,2031,0.0006
RE1,DEMTRACARGSL,2032,0.0006
RE1,DEMTRACARGSL,2033,0.0006
RE1,DEMTRACARGSL,2034,0.0007
RE1,DEMTRACARGSL,2035,0.0007
RE1,DEMTRACARGSL,2036,0.0007
RE1,DEMTRACARGSL,2037,0.0008
RE1,DEMTRACARGSL,2038,0.0008
RE1,DEMTRACARGSL,2039,0.0009
RE1,DEMTRACARGSL,2040,0.0009
RE1,DEMTRACARGSL,2041,0.001
RE1,DEMTRACARGSL,2042,0.001
RE1,DEMTRACARGSL,2043,0.0011
RE1,DEMTRACARGSL,2044,0.0011
RE1,DEMTRACARGSL,2045,0.0012
RE1,DEMTRACARGSL,2046,0.0012
RE1,DEMTRACARGSL,2047,0.0013
RE1,DEMTRACARGSL,2048,0.0013
RE1,DEMTRACARGSL,2049,0.0013
RE1,DEMTRACARGSL,2050,0.0012
RE1,DEMTRAEVC,2026,0.0
RE1,DEMTRAEVC,2027,0.0
RE1,DEMTRAEVC,2028,0.0
RE1,DEMTRAEVC,2029,0.0
RE1,DEMTRAEVC,2030,0.0
RE1,DEMTRAEVC,2031,0.0
RE1,DEMTRAEVC,2032,0.0
RE1,DEMTRAEVC,2033,0.0
RE1,DEMTRAEVC,2034,0.0
RE1,DEMTRAEVC,2035,0.0001
RE1,DEMTRAEVC,2036,0.0001
RE1,DEMTRAEVC,2037,0.0001
RE1,DEMTRAEVC,2038,0.0001
RE1,DEMTRAEVC,2039,0.0001
RE1,DEMTRAEVC,2040,0.0001
RE1,DEMTRAEVC,2041,0.0001
RE1,DEMTRAEVC,2042,0.0001
RE1,DEMTRAEVC,2043,0.0001
RE1,DEMTRAEVC,2044,0.0001
RE1,DEMTRAEVC,2045,0.0002
RE1,DEMTRAEVC,2046,0.0002
RE1,DEMTRAEVC,2047,0.0003
RE1,DEMTRAEVC,2048,0.0003
RE1,DEMTRAEVC,2049,0.0005
RE1,DEMTRAEVC,2050,0.0007
RE1,DEMTRAFREELC,2043,0.0
RE1,DEMTRAFREELC,2044,0.0001
RE1,DEMTRAFREELC,2045,0.0001
RE1,DEMTRAFREELC,2046,0.0001
RE1,DEMTRAFREELC,2047,0.0002
RE1,DEMTRAFREELC,2048,0.0002
RE1,DEMTRAFREELC,2049,0.0002
RE1,DEMTRAFREELC,2050,0.0003
RE1,DEMTRAFREGSL,2015,0.0001
RE1,DEMTRAFREGSL,2016,0.0001
RE1,DEMTRAFREGSL,2017,0.0001
RE1,DEMTRAFREGSL,2018,0.0001
RE1,DEMTRAFREGSL,2019,0.0001
RE1,DEMTRAFREGSL,2020,0.0001
RE1,DEMTRAFREGSL,2021,0.0001
RE1,DEMTRAFREGSL,2022,0.0001
RE1,DEMTRAFREGSL,2023,0.0001
RE1,DEMTRAFREGSL,2024,0.0001
RE1,DEMTRAFREGSL,2025,0.0001
RE1,DEMTRAFREGSL,2026,0.0001
RE1,DEMTRAFREGSL,2027,0.0002
RE1,DEMTRAFREGSL,2028,0.0002
RE1,DEMTRAFREGSL,2029,0.0002
RE1,DEMTRAFREGSL,2030,0.0002
RE1,DEMTRAFREGSL,2031,0.0002
RE1,DEMTRAFREGSL,2032,0.0002
RE1,DEMTRAFREGSL,2033,0.0002
RE1,DEMTRAFREGSL,2034,0.0002
RE1,DEMTRAFREGSL,2035,0.0002
RE1,DEMTRAFREGSL,2036,0.0002
RE1,DEMTRAFREGSL,2037,0.0003
RE1,DEMTRAFREGSL,2038,0.0003
RE1,DEMTRAFREGSL,2039,0.0003
RE1,DEMTRAFREGSL,2040,0.0003
RE1,DEMTRAFREGSL,2041,0.0003
RE1,DEMTRAFREGSL,2042,0.0003
RE1,DEMTRAFREGSL,2043,0.0003
RE1,DEMTRAFREGSL,2044,0.0003
RE1,DEMTRAFREGSL,2045,0.0003
RE1,DEMTRAFREGSL,2046,0.0003
RE1,DEMTRAFREGSL,2047,0.0003
RE1,DEMTRAFREGSL,2048,0.0003
RE1,DEMTRAFREGSL,2049,0.0002
RE1,DEMTRAFREGSL,2050,0.0002
RE1,DEMTRAMCYELC,2026,0.0
RE1,DEMTRAMCYELC,2027,0.0
RE1,DEMTRAMCYELC,2028,0.0
RE1,DEMTRAMCYELC,2029,0.0
RE1,DEMTRAMCYELC,2030,0.0
RE1,DEMTRAMCYELC,2031,0.0
RE1,DEMTRAMCYELC,2032,0.0
RE1,DEMTRAMCYELC,2033,0.0
RE1,DEMTRAMCYELC,2034,0.0
RE1,DEMTRAMCYELC,2035,0.0
RE1,DEMTRAMCYELC,2036,0.0
RE1,DEMTRAMCYELC,2037,0.0
RE1,DEMTRAMCYELC,2038,0.0001
RE1,DEMTRAMCYELC,2039,0.0001
RE1,DEMTRAMCYELC,2040,0.0001
RE1,DEMTRAMCYELC,2041,0.0001
RE1,DEMTRAMCYELC,2042,0.0001
RE1,DEMTRAMCYELC,2043,0.0001
RE1,DEMTRAMCYELC,2044,0.0001
RE1,DEMTRAMCYELC,2045,0.0001
RE1,DEMTRAMCYELC,2046,0.0001
RE1,DEMTRAMCYELC,2047,0.0001
RE1,DEMTRAMCYELC,2048,0.0001
RE1,DEMTRAMCYELC,2049,0.0001
RE1,DEMTRAMCYELC,2050,0.0001
RE1,DEMTRAMCYGSL,2015,0.0
RE1,DEMTRAMCYGSL,2016,0.0
RE1,DEMTRAMCYGSL,2017,0.0
RE1,DEMTRAMCYGSL,2018,0.0
RE1,DEMTRAMCYGSL,2019,0.0
RE1,DEMTRAMCYGSL,2020,0.0
RE1,DEMTRAMCYGSL,2021,0.0
RE1,DEMTRAMCYGSL,2022,0.0
RE1,DEMTRAMCYGSL,2023,0.0
RE1,DEMTRAMCYGSL,2024,0.0
RE1,DEMTRAMCYGSL,2025,0.0
RE1,DEMTRAMCYGSL,2026,0.0
RE1,DEMTRAMCYGSL,2027,0.0
RE1,DEMTRAMCYGSL,2028,0.0
RE1,DEMTRAMCYGSL,2029,0.0
RE1,DEMTRAMCYGSL,2030,0.0
RE1,DEMTRAMCYGSL,2031,0.0
RE1,DEMTRAMCYGSL,2032,0.0
RE1,DEMTRAMCYGSL,2033,0.0
RE1,DEMTRAMCYGSL,2034,0.0
RE1,DEMTRAOTHGSL,2015,0.0
RE1,DEMTRAOTHGSL,2016,0.0
RE1,DEMTRAOTHGSL,2017,0.0
RE1,DEMTRAOTHGSL,2018,0.0
RE1,DEMTRAOTHGSL,2019,0.0
RE1,DEMTRAOTHGSL,2020,0.0
RE1,DEMTRAOTHGSL,2021,0.0
RE1,DEMTRAOTHGSL,2022,0.0
RE1,DEMTRAOTHGSL,2023,0.0
RE1,DEMTRAOTHGSL,2024,0.0
RE1,DEMTRAOTHGSL,2025,0.0001
RE1,DEMTRAOTHGSL,2026,0.0001
RE1,DEMTRAOTHGSL,2027,0.0001
RE1,DEMTRAOTHGSL,2028,0.0001
RE1,DEMTRAOTHGSL,2029,0.0001
RE1,DEMTRAOTHGSL,2030,0.0001
RE1,DEMTRAOTHGSL,2031,0.0001
RE1,DEMTRAOTHGSL,2032,0.0001
RE1,DEMTRAOTHGSL,2033,0.0001
RE1,DEMTRAOTHGSL,2034,0.0001
RE1,DEMTRAOTHGSL,2035,0.0001
RE1,DEMTRAOTHGSL,2036,0.0001
RE1,DEMTRAOTHGSL,2037,0.0001
RE1,DEMTRAOTHGSL,2038,0.0001
RE1,DEMTRAOTHGSL,2039,0.0001
RE1,DEMTRAOTHGSL,2040,0.0001
RE1,DEMTRAOTHGSL,2041,0.0001
RE1,DEMTRAOTHGSL,2042,0.0001
RE1,DEMTRAOTHGSL,2043,0.0001
RE1,DEMTRAOTHGSL,2044,0.0001
RE1,DEMTRAOTHGSL,2045,0.0001
RE1,DEMTRAOTHGSL,2046,0.0002
RE1,DEMTRAOTHGSL,2047,0.0002
RE1,DEMTRAOTHGSL,2048,0.0002
RE1,DEMTRAOTHGSL,2049,0.0002
RE1,DEMTRAOTHGSL,2050,0.0002
RE1,IMPBGS,2049,2.4782
RE1,IMPBGS,2050,14.3909
RE1,IMPBIO,2017,180.0
RE1,IMPBIO,2020,180.0
RE1,IMPBIO,2023,180.0
RE1,IMPBIO,2024,180.0
RE1,IMPBIO,2025,5.4708
RE1,IMPBIO,2026,180.0
RE1,IMPBIO,2027,180.0
RE1,IMPBIO,2028,41.0883
RE1,IMPBIO,2029,53.133
RE1,IMPBIO,2030,65.2723
RE1,IMPBIO,2031,81.4465
RE1,IMPBIO,2032,180.0
RE1,IMPBIO,2033,180.0
RE1,IMPBIO,2034,109.5141
RE1,IMPBIO,2035,118.1574
RE1,IMPBIO,2036,126.433
RE1,IMPBIO,2037,180.0
RE1,IMPBIO,2038,180.0
RE1,IMPBIO,2039,180.0
RE1,IMPBIO,2040,180.0
RE1,IMPBIO,2041,168.6514
RE1,IMPBIO,2042,180.0
RE1,IMPBIO,2043,180.0
RE1,IMPBIO,2044,180.0
RE1,IMPBIO,2045,180.0
RE1,IMPBIO,2046,180.0
RE1,IMPBIO,2047,180.0
RE1,IMPBIO,2048,180.0
RE1,IMPBIO,2049,180.0
RE1,IMPBIO,2050,180.0
RE1,IMPCOA,2015,56.1136
RE1,IMPCOA,2016,12.9259
RE1,IMPCOA,2018,102.0174
RE1,IMPCOA,2019,102.3667
RE1,IMPCOA,2022,65.2991
RE1,IMPCOA,2025,18.5763
RE1,IMPCOA,2026,12.2554
RE1,IMPCOA,2027,22.855
RE1,IMPCOA,2028,3.907
RE1,IMPCOA,2029,14.7553
RE1,IMPCOA,2030,25.9144
RE1,IMPCOA,2031,26.5137
RE1,IMPCOA,2032,24.2247
RE1,IMPCOA,2033,41.9468
RE1,IMPCOA,2034,61.1273
RE1,IMPCOA,2035,73.8927
RE1,IMPCOA,2036,90.1839
RE1,IMPCOA,2037,39.97
RE1,IMPCOA,2038,28.1791
RE1,IMPCOA,2040,132.6719
RE1,IMPCOA,2041,50.2456
RE1,IMPCOA,2042,249.5405
RE1,IMPCOA,2043,64.0832
RE1,IMPCOA,2044,231.2557
RE1,IMPCOA,2045,63.9065
RE1,IMPCOA,2046,309.1996
RE1,IMPCOA,2047,362.5034
RE1,IMPCOA,2049,426.7519
RE1,IMPCOA,2050,57.6464
RE1,IMPGSL,2015,449.8387
RE1,IMPGSL,2016,516.9539
RE1,IMPGSL,2017,624.1112
RE1,IMPGSL,2018,762.5929
RE1,IMPGSL,2019,837.7338
RE1,IMPGSL,2020,736.9444
RE1,IMPGSL,2021,663.2231
RE1,IMPGSL,2022,710.7407
RE1,IMPGSL,2023,759.0822
RE1,IMPGSL,2024,808.2516
RE1,IMPGSL,2025,858.1986
RE1,IMPGSL,2026,888.9382
RE1,IMPGSL,2027,920.1708
RE1,IMPGSL,2028,952.0144
RE1,IMPGSL,2029,984.3635
RE1,IMPGSL,2030,1017.3391
RE1,IMPGSL,2031,1095.5119
RE1,IMPGSL,2032,1175.9886
RE1,IMPGSL,2033,1258.7185
RE1,IMPGSL,2034,1343.6378
RE1,IMPGSL,2035,1429.8481
RE1,IMPGSL,2036,1533.1311
RE1,IMPGSL,2037,1639.0656
RE1,IMPGSL,2038,1747.821
RE1,IMPGSL,2039,1859.2352
RE1,IMPGSL,2040,1973.4943
RE1,IMPGSL,2041,2104.603
RE1,IMPGSL,2042,2239.0091
RE1,IMPGSL,2043,2288.6624
RE1,IMPGSL,2044,2339.0125
RE1,IMPGSL,2045,2386.2434
RE1,IMPGSL,2046,2465.1484
RE1,IMPGSL,2047,2545.5589
RE1,IMPGSL,2048,2627.2644
RE1,IMPGSL,2049,2609.1882
RE1,IMPGSL,2050,2574.1209
RE1,IMPHFO,2015,23.6531
RE1,IMPHFO,2016,19.1023
RE1,IMPHFO,2017,16.0458
RE1,IMPHFO,2018,56.9384
RE1,IMPHFO,2019,59.1898
RE1,IMPHFO,2020,81.4282
RE1,IMPHFO,2021,102.4223
RE1,IMPHFO,2022,28.1343
RE1,IMPHFO,2023,30.0362
RE1,IMPHFO,2024,31.9627
RE1,IMPHFO,2025,33.9136
RE1,IMPHFO,2026,27.7717
RE1,IMPHFO,2027,21.3094
RE1,IMPHFO,2028,14.5267
RE1,IMPHFO,2029,7.4236
RE1,IMPHFO,2034,2.2271
RE1,IMPHFO,2050,11.1043
RE1,IMPLPG,2015,1.2374
RE1,IMPLPG,2016,1.7809
RE1,IMPLPG,2017,2.2199
RE1,IMPLPG,2018,2.5177
RE1,IMPLPG,2019,2.6776
RE1,IMPLPG,2020,2.6239
RE1,IMPLPG,2021,5.2693
RE1,IMPLPG,2022,8.4993
RE1,IMPLPG,2023,11.7868
RE1,IMPLPG,2024,15.1312
RE1,IMPLPG,2025,18.5335
RE1,IMPLPG,2026,22.3168
RE1,IMPLPG,2027,26.2997
RE1,IMPLPG,2028,30.393
RE1,IMPLPG,2029,34.6394
RE1,IMPLPG,2030,39.0415
RE1,IMPLPG,2031,43.485
RE1,IMPLPG,2032,48.0655
RE1,IMPLPG,2033,52.7794
RE1,IMPLPG,2034,57.6822
RE1,IMPLPG,2035,62.6241
RE1,IMPLPG,2036,67.7417
RE1,IMPLPG,2037,72.9944
RE1,IMPLPG,2038,78.3849
RE1,IMPLPG,2039,83.908
RE1,IMPLPG,2040,89.5994
RE1,IMPLPG,2041,97.3867
RE1,IMPLPG,2042,105.3429
RE1,IMPLPG,2043,113.4982
RE1,IMPLPG,2044,121.8458
RE1,IMPLPG,2045,130.3118
RE1,IMPLPG,2046,139.0465
RE1,IMPLPG,2047,147.9811
RE1,IMPLPG,2048,157.1072
RE1,IMPLPG,2049,166.4336
RE1,IMPLPG,2050,175.951
RE1,MINBIO,2015,181.5683
RE1,MINBIO,2016,185.098
RE1,MINBIO,2017,11.4294
RE1,MINBIO,2018,196.4582
RE1,MINBIO,2019,201.487
RE1,MINBIO,2020,24.7029
RE1,MINBIO,2021,211.4872
RE1,MINBIO,2022,218.3534
RE1,MINBIO,2023,45.3035
RE1,MINBIO,2024,52.3401
RE1,MINBIO,2025,234.0
RE1,MINBIO,2026,71.2621
RE1,MINBIO,2027,83.1304
RE1,MINBIO,2028,234.0
RE1,MINBIO,2029,234.0
RE1,MINBIO,2030,234.0
RE1,MINBIO,2031,234.0
RE1,MINBIO,2032,146.5664
RE1,MINBIO,2033,154.9846
RE1,MINBIO,2034,234.0
RE1,MINBIO,2035,234.0
RE1,MINBIO,2036,234.0
RE1,MINBIO,2037,188.8091
RE1,MINBIO,2038,197.2927
RE1,MINBIO,2039,205.876
RE1,MINBIO,2040,214.5632
RE1,MINBIO,2041,234.0
RE1,MINBIO,2042,230.834
RE1,MINBIO,2043,234.0
RE1,MINBIO,2044,234.0
RE1,MINBIO,2045,234.0
RE1,MINBIO,2046,234.0
RE1,MINBIO,2047,234.0
RE1,MINBIO,2048,234.0
RE1,MINBIO,2049,234.0
RE1,MINBIO,2050,234.0
RE1,MINCOA,2017,78.7835
RE1,MINCOA,2020,102.3752
RE1,MINCOA,2021,103.2994
RE1,MINCOA,2023,16.7469
RE1,MINCOA,2024,17.663
RE1,MINCOA,2026,17.7273
RE1,MINCOA,2027,13.3288
RE1,MINCOA,2028,37.5562
RE1,MINCOA,2029,28.2888
RE1,MINCOA,2030,18.5872
RE1,MINCOA,2031,19.3752
RE1,MINCOA,2032,33.6226
RE1,MINCOA,2033,33.6551
RE1,MINCOA,2034,31.7368
RE1,MINCOA,2035,34.3649
RE1,MINCOA,2036,40.7405
RE1,MINCOA,2037,109.4695
RE1,MINCOA,2038,138.2893
RE1,MINCOA,2039,183.3853
RE1,MINCOA,2040,66.6094
RE1,MINCOA,2041,174.5027
RE1,MINCOA,2043,212.5854
RE1,MINCOA,2044,72.7575
RE1,MINCOA,2045,266.2919
RE1,MINCOA,2046,54.539
RE1,MINCOA,2047,36.3558
RE1,MINCOA,2048,434.0762
RE1,MINCOA,2049,43.9572
RE1,MINCOA,2050,461.4968
RE1,MINGEO,2030,0.0001
RE1,MINGEO,2031,0.0003
RE1,MINGEO,2032,0.0005
RE1,MINGEO,2033,0.0007
RE1,MINGEO,2034,0.0009
RE1,MINGEO,2035,0.0011
RE1,MINGEO,2036,0.0013
RE1,MINGEO,2037,0.0015
RE1,MINGEO,2038,0.0016
RE1,MINGEO,2039,0.0018
RE1,MINGEO,2040,0.002
RE1,MINGEO,2041,0.0022
RE1,MINGEO,2042,0.0024
RE1,MINGEO,2043,0.0026
RE1,MINGEO,2044,0.0028
RE1,MINGEO,2045,0.003
RE1,MINGEO,2046,0.0032
RE1,MINGEO,2047,0.0034
RE1,MINGEO,2048,0.0036
RE1,MINGEO,2049,0.0038
RE1,MINGEO,2050,0.0039
RE1,MINHYD,2015,0.0044
RE1,MINHYD,2016,0.0044
RE1,MINHYD,2017,0.0044
RE1,MINHYD,2018,0.0044
RE1,MINHYD,2019,0.0044
RE1,MINHYD,2020,0.0044
RE1,MINHYD,2021,0.0047
RE1,MINHYD,2022,0.0058
RE1,MINHYD,2023,0.0067
RE1,MINHYD,2024,0.0071
RE1,MINHYD,2025,0.0071
RE1,MINHYD,2026,0.0069
RE1,MINHYD,2027,0.0071
RE1,MINHYD,2028,0.0074
RE1,MINHYD,2029,0.0079
RE1,MINHYD,2030,0.0082
RE1,MINHYD,2031,0.0085
RE1,MINHYD,2032,0.0087
RE1,MINHYD,2033,0.009
RE1,MINHYD,2034,0.0092
RE1,MINHYD,2035,0.0092
RE1,MINHYD,2036,0.0092
RE1,MINHYD,2037,0.0095
RE1,MINHYD,2038,0.0098
RE1,MINHYD,2039,0.01
RE1,MINHYD,2040,0.0103
RE1,MINHYD,2041,0.0107
RE1,MINHYD,2042,0.0112
RE1,MINHYD,2043,0.0116
RE1,MINHYD,2044,0.0121
RE1,MINHYD,2045,0.0126
RE1,MINHYD,2046,0.0132
RE1,MINHYD,2047,0.0138
RE1,MINHYD,2048,0.0141
RE1,MINHYD,2049,0.0141
RE1,MINHYD,2050,0.0141
RE1,MINSOL,2019,0.0001
RE1,MINSOL,2020,0.0001
RE1,MINSOL,2021,0.0001
RE1,MINSOL,2022,0.0001
RE1,MINSOL,2023,0.0001
RE1,MINSOL,2024,0.0001
RE1,MINSOL,2025,0.0005
RE1,MINSOL,2026,0.0012
RE1,MINSOL,2027,0.0015
RE1,MINSOL,2028,0.0018
RE1,MINSOL,2029,0.002
RE1,MINSOL,2030,0.0021
RE1,MINSOL,2031,0.0023
RE1,MINSOL,2032,0.0024
RE1,MINSOL,2033,0.0025
RE1,MINSOL,2034,0.0028
RE1,MINSOL,2035,0.003
RE1,MINSOL,2036,0.0033
RE1,MINSOL,2037,0.0035
RE1,MINSOL,2038,0.0037
RE1,MINSOL,2039,0.0039
RE1,MINSOL,2040,0.0041
RE1,MINSOL,2041,0.0041
RE1,MINSOL,2042,0.0042
RE1,MINSOL,2043,0.0043
RE1,MINSOL,2044,0.0046
RE1,MINSOL,2045,0.0048
RE1,MINSOL,2046,0.0051
RE1,MINSOL,2047,0.0053
RE1,MINSOL,2048,0.0056
RE1,MINSOL,2049,0.006
RE1,MINSOL,2050,0.0064
RE1,MINWND,2035,0.0002
RE1,MINWND,2036,0.0004
RE1,MINWND,2037,0.0005
RE1,MINWND,2038,0.0005
RE1,MINWND,2039,0.0006
RE1,MINWND,2040,0.0006
RE1,MINWND,2041,0.0007
RE1,MINWND,2042,0.0007
RE1,MINWND,2043,0.0008
RE1,MINWND,2044,0.0009
RE1,MINWND,2045,0.0009
RE1,MINWND,2046,0.001
RE1,MINWND,2047,0.0011
RE1,MINWND,2048,0.0015
RE1,MINWND,2049,0.0023
RE1,MINWND,2050,0.0026
RE1,PWRBIO001,2015,1.9272
RE1,PWRBIO001,2016,1.2636
RE1,PWRBIO001,2017,1.9272
RE1,PWRBIO001,2018,1.9272
RE1,PWRBIO001,2019,1.9272
RE1,PWRBIO001,2020,1.9272
RE1,PWRBIO001,2021,1.9272
RE1,PWRBIO001,2022,1.9272
RE1,PWRBIO001,2023,1.9272
RE1,PWRBIO001,2024,1.9272
RE1,PWRBIO001,2025,1.9272
RE1,PWRBIO001,2026,1.9272
RE1,PWRBIO001,2027,1.9272
RE1,PWRBIO001,2028,1.9272
RE1,PWRBIO001,2029,1.9272
RE1,PWRBIO001,2030,1.9272
RE1,PWRBIO001,2031,4.2639
RE1,PWRBIO001,2032,6.6007
RE1,PWRBIO001,2033,8.9374
RE1,PWRBIO001,2034,11.2741
RE1,PWRBIO001,2035,13.6108
RE1,PWRBIO001,2036,15.9476
RE1,PWRBIO001,2037,18.2843
RE1,PWRBIO001,2038,20.621
RE1,PWRBIO001,2039,22.9578
RE1,PWRBIO001,2040,25.2945
RE1,PWRBIO001,2041,27.6312
RE1,PWRBIO001,2042,29.968
RE1,PWRBIO001,2043,29.8788
RE1,PWRBIO001,2044,28.2419
RE1,PWRBIO001,2045,26.5586
RE1,PWRBIO001,2046,24.975
RE1,PWRBIO001,2047,23.347
RE1,PWRBIO001,2048,21.6738
RE1,PWRBIO001,2049,20.6173
RE1,PWRBIO001,2050,22.0257
RE1,PWRCOA001,2015,7.0156
RE1,PWRCOA001,2017,10.5561
RE1,PWRCOA001,2018,14.2438
RE1,PWRCOA001,2019,14.2438
RE1,PWRCOA001,2020,14.2438
RE1,PWRCOA001,2021,14.2438
RE1,PWRCOA001,2022,7.9718
RE1,PWRCOA001,2026,1.5101
RE1,PWRCOA001,2027,2.1813
RE1,PWRCOA001,2028,2.7041
RE1,PWRCOA001,2029,2.6308
RE1,PWRCOA001,2030,2.5377
RE1,PWRCOA001,2031,2.4768
RE1,PWRCOA001,2032,2.3374
RE1,PWRCOA001,2033,2.1655
RE1,PWRCOA001,2034,2.1762
RE1,PWRCOA001,2035,2.2095
RE1,PWRCOA001,2036,2.374
RE1,PWRCOA001,2037,2.374
RE1,PWRCOA001,2038,2.374
RE1,PWRCOA001,2039,2.374
RE1,PWRCOA001,2040,2.374
RE1,PWRCOA001,2041,2.3629
RE1,PWRCOA001,2042,2.3461
RE1,PWRCOA001,2043,2.3331
RE1,PWRCOA001,2044,2.3173
RE1,PWRCOA001,2045,2.297
RE1,PWRCOA001,2046,2.2639
RE1,PWRCOA001,2047,2.2299
RE1,PWRCOA001,2048,2.2274
RE1,PWRCOA001,2049,2.1922
RE1,PWRCOA001,2050,3.2051
RE1,PWRGEO,2030,0.0003
RE1,PWRGEO,2031,0.0008
RE1,PWRGEO,2032,0.0013
RE1,PWRGEO,2033,0.0018
RE1,PWRGEO,2034,0.0023
RE1,PWRGEO,2035,0.0028
RE1,PWRGEO,2036,0.0033
RE1,PWRGEO,2037,0.0038
RE1,PWRGEO,2038,0.0042
RE1,PWRGEO,2039,0.0047
RE1,PWRGEO,2040,0.0052
RE1,PWRGEO,2041,0.0057
RE1,PWRGEO,2042,0.0062
RE1,PWRGEO,2043,0.0067
RE1,PWRGEO,2044,0.0072
RE1,PWRGEO,2045,0.0077
RE1,PWRGEO,2046,0.0082
RE1,PWRGEO,2047,0.0087
RE1,PWRGEO,2048,0.0092
RE1,PWRGEO,2049,0.0097
RE1,PWRGEO,2050,0.0102
RE1,PWRHYD001,2015,22.3341
RE1,PWRHYD001,2016,22.3341
RE1,PWRHYD001,2017,22.3341
RE1,PWRHYD001,2018,22.3341
RE1,PWRHYD001,2019,22.3341
RE1,PWRHYD001,2020,22.3341
RE1,PWRHYD001,2021,23.792
RE1,PWRHYD001,2022,29.6233
RE1,PWRHYD001,2023,29.6233
RE1,PWRHYD001,2024,29.6233
RE1,PWRHYD001,2025,29.6233
RE1,PWRHYD001,2026,28.3116
RE1,PWRHYD001,2027,28.3116
RE1,PWRHYD001,2028,28.3116
RE1,PWRHYD001,2029,28.3116
RE1,PWRHYD001,2030,28.3116
RE1,PWRHYD001,2031,28.3116
RE1,PWRHYD001,2032,28.3116
RE1,PWRHYD001,2033,28.3116
RE1,PWRHYD001,2034,28.3116
RE1,PWRHYD001,2035,28.3116
RE1,PWRHYD001,2036,28.3116
RE1,PWRHYD001,2037,28.3116
RE1,PWRHYD001,2038,28.3116
RE1,PWRHYD001,2039,28.3116
RE1,PWRHYD001,2040,28.3116
RE1,PWRHYD001,2041,28.3116
RE1,PWRHYD001,2042,28.3116
RE1,PWRHYD001,2043,28.3116
RE1,PWRHYD001,2044,28.3116
RE1,PWRHYD001,2045,28.3116
RE1,PWRHYD001,2046,28.3116
RE1,PWRHYD001,2047,28.3116
RE1,PWRHYD001,2048,28.3116
RE1,PWRHYD001,2049,28.3116
RE1,PWRHYD001,2050,28.3116
RE1,PWRHYD002,2015,0.8814
RE1,PWRHYD002,2016,0.8814
RE1,PWRHYD002,2017,0.8814
RE1,PWRHYD002,2018,0.8814
RE1,PWRHYD002,2019,0.8814
RE1,PWRHYD002,2020,0.8994
RE1,PWRHYD002,2021,0.8994
RE1,PWRHYD002,2022,0.8994
RE1,PWRHYD002,2023,5.8793
RE1,PWRHYD002,2024,8.0851
RE1,PWRHYD002,2025,8.0851
RE1,PWRHYD002,2026,8.1008
RE1,PWRHYD002,2027,9.3628
RE1,PWRHYD002,2028,11.0021
RE1,PWRHYD002,2029,13.2922
RE1,PWRHYD002,2030,15.2236
RE1,PWRHYD002,2031,16.4302
RE1,PWRHYD002,2032,17.8222
RE1,PWRHYD002,2033,19.349
RE1,PWRHYD002,2034,20.1767
RE1,PWRHYD002,2035,20.1767
RE1,PWRHYD002,2036,20.3005
RE1,PWRHYD002,2037,21.7335
RE1,PWRHYD002,2038,23.1892
RE1,PWRHYD002,2039,24.6749
RE1,PWRHYD002,2040,26.1875
RE1,PWRHYD002,2041,28.3877
RE1,PWRHYD002,2042,30.605
RE1,PWRHYD002,2043,33.1071
RE1,PWRHYD002,2044,35.6069
RE1,PWRHYD002,2045,38.0952
RE1,PWRHYD002,2046,41.3269
RE1,PWRHYD002,2047,44.5979
RE1,PWRHYD002,2048,45.9989
RE1,PWRHYD002,2049,45.9989
RE1,PWRHYD002,2050,45.9989
RE1,PWROHC002,2018,2.5297
RE1,PWROHC002,2019,1.9809
RE1,PWROHC002,2020,3.5083
RE1,PWROHC002,2021,4.6433
RE1,PWROHC002,2034,0.1091
RE1,PWROHC002,2050,0.4268
RE1,PWRTRNEXP,2015,0.1809
RE1,PWRTRNEXP,2016,0.1221
RE1,PWRTRNEXP,2017,0.1635
RE1,PWRTRNEXP,2018,0.1885
RE1,PWRTRNEXP,2019,0.1501
RE1,PWRTRNEXP,2020,0.2061
RE1,PWRTRNEXP,2021,0.2163
RE1,PWRTRNEXP,2022,0.2464
RE1,PWRTRNEXP,2023,0.2766
RE1,PWRTRNEXP,2024,0.3067
RE1,PWRTRNEXP,2025,0.3369
RE1,PWRTRNEXP,2026,0.4043
RE1,PWRTRNEXP,2027,0.4717
RE1,PWRTRNEXP,2028,0.539
RE1,PWRTRNEXP,2029,0.6064
RE1,PWRTRNEXP,2030,0.6738
RE1,PWRTRNEXP,2031,0.7412
RE1,PWRTRNEXP,2032,0.8086
RE1,PWRTRNEXP,2033,0.8759
RE1,PWRTRNEXP,2034,0.9433
RE1,PWRTRNEXP,2035,1.0107
RE1,PWRTRNEXP,2036,1.0781
RE1,PWRTRNEXP,2037,1.1454
RE1,PWRTRNEXP,2038,1.2128
RE1,PWRTRNEXP,2039,1.2802
RE1,PWRTRNEXP,2040,1.3476
RE1,PWRTRNEXP,2041,1.3476
RE1,PWRTRNEXP,2042,1.3476
RE1,PWRTRNEXP,2043,1.3476
RE1,PWRTRNEXP,2044,1.3476
RE1,PWRTRNEXP,2045,1.3476
RE1,PWRTRNEXP,2046,1.3476
RE1,PWRTRNEXP,2047,1.3476
RE1,PWRTRNEXP,2048,1.3476
RE1,PWRTRNEXP,2049,1.3476
RE1,PWRTRNEXP,2050,1.3476
RE1,PWRTRNIMP,2015,0.1476
RE1,PWRTRNIMP,2016,0.4108
RE1,PWRTRNIMP,2017,0.1416
RE1,PWRTRNIMP,2018,0.0286
RE1,PWRTRNIMP,2019,0.0372
RE1,PWRTRNIMP,2020,0.0244
RE1,PWRTRNIMP,2021,0.0244
RE1,PWRTRNIMP,2022,0.0244
RE1,PWRTRNIMP,2023,0.0244
RE1,PWRTRNIMP,2024,0.0244
RE1,PWRTRNIMP,2025,0.0244
RE1,PWRTRNIMP,2026,0.0244
RE1,PWRTRNIMP,2027,0.0244
RE1,PWRTRNIMP,2028,0.0244
RE1,PWRTRNIMP,2029,0.0244
RE1,PWRTRNIMP,2030,0.0244
RE1,PWRTRNIMP,2031,0.0244
RE1,PWRTRNIMP,2032,0.0244
RE1,PWRTRNIMP,2033,0.0244
RE1,PWRTRNIMP,2034,0.0244
RE1,PWRTRNIMP,2035,0.0244
RE1,PWRTRNIMP,2036,0.0244
RE1,PWRTRNIMP,2037,0.0244
RE1,PWRTRNIMP,2038,0.0244
RE1,PWRTRNIMP,2039,0.0244
RE1,PWRTRNIMP,2040,0.0244
RE1,PWRTRNIMP,2041,0.0244
RE1,PWRTRNIMP,2042,0.0244
RE1,PWRTRNIMP,2043,0.0244
RE1,PWRTRNIMP,2044,0.0244
RE1,PWRTRNIMP,2045,0.0244
RE1,PWRTRNIMP,2046,0.0244
RE1,PWRTRNIMP,2047,0.0244
RE1,PWRTRNIMP,2048,0.0244
RE1,PWRTRNIMP,2049,0.0244
RE1,PWRTRNIMP,2050,0.0244
