r,t,e,m,y,AnnualTechnologyEmissionByMode
RE1,IMPBFT,EMIC02,1,2047,0.0
RE1,IMPBGS,EMIC02,1,2049,84.5677
RE1,IMPBGS,EMIC02,1,2050,491.0908
RE1,IMPBIO,EMIC02,1,2017,20000.0
RE1,IMPBIO,EMIC02,1,2020,20000.0
RE1,IMPBIO,EMIC02,1,2023,20000.0
RE1,IMPBIO,EMIC02,1,2024,20000.0
RE1,IMPBIO,EMIC02,1,2025,607.8675
RE1,IMPBIO,EMIC02,1,2026,20000.0
RE1,IMPBIO,EMIC02,1,2027,20000.0
RE1,IMPBIO,EMIC02,1,2028,4565.3612
RE1,IMPBIO,EMIC02,1,2029,5903.6678
RE1,IMPBIO,EMIC02,1,2030,7252.4738
RE1,IMPBIO,EMIC02,1,2031,9049.6119
RE1,IMPBIO,EMIC02,1,2032,20000.0
RE1,IMPBIO,EMIC02,1,2033,20000.0
RE1,IMPBIO,EMIC02,1,2034,12168.232
RE1,IMPBIO,EMIC02,1,2035,13128.597
RE1,IMPBIO,EMIC02,1,2036,14048.112
RE1,IMPBIO,EMIC02,1,2037,20000.0
RE1,IMPBIO,EMIC02,1,2038,20000.0
RE1,IMPBIO,EMIC02,1,2039,20000.0
RE1,IMPBIO,EMIC02,1,2040,20000.0
RE1,IMPBIO,EMIC02,1,2041,18739.044
RE1,IMPBIO,EMIC02,1,2042,20000.0
RE1,IMPBIO,EMIC02,1,2043,20000.0
RE1,IMPBIO,EMIC02,1,2044,20000.0
RE1,IMPBIO,EMIC02,1,2045,20000.0
RE1,IMPBIO,EMIC02,1,2046,20000.0
RE1,IMPBIO,EMIC02,1,2047,20000.0
RE1,IMPBIO,EMIC02,1,2048,20000.0
RE1,IMPBIO,EMIC02,1,2049,20000.0
RE1,IMPBIO,EMIC02,1,2050,20000.0
RE1,IMPCOA,EMIC02,1,2015,1712.3708
RE1,IMPCOA,EMIC02,1,2016,394.4489
RE1,IMPCOA,EMIC02,1,2018,3113.176
RE1,IMPCOA,EMIC02,1,2019,3123.8367
RE1,IMPCOA,EMIC02,1,2022,1992.6745
RE1,IMPCOA,EMIC02,1,2025,566.8754
RE1,IMPCOA,EMIC02,1,2026,373.9882
RE1,IMPCOA,EMIC02,1,2027,697.4451
RE1,IMPCOA,EMIC02,1,2028,119.2279
RE1,IMPCOA,EMIC02,1,2029,450.2739
RE1,IMPCOA,EMIC02,1,2030,790.8058
RE1,IMPCOA,EMIC02,1,2031,809.0965
RE1,IMPCOA,EMIC02,1,2032,739.2432
RE1,IMPCOA,EMIC02,1,2033,1280.0531
RE1,IMPCOA,EMIC02,1,2034,1865.3683
RE1,IMPCOA,EMIC02,1,2035,2254.919
RE1,IMPCOA,EMIC02,1,2036,2752.0641
RE1,IMPCOA,EMIC02,1,2037,1219.7284
RE1,IMPCOA,EMIC02,1,2038,859.9164
RE1,IMPCOA,EMIC02,1,2040,4048.633
RE1,IMPCOA,EMIC02,1,2041,1533.3027
RE1,IMPCOA,EMIC02,1,2042,7615.0094
RE1,IMPCOA,EMIC02,1,2043,1955.5702
RE1,IMPCOA,EMIC02,1,2044,7057.0276
RE1,IMPCOA,EMIC02,1,2045,1950.1778
RE1,IMPCOA,EMIC02,1,2046,9435.5754
RE1,IMPCOA,EMIC02,1,2047,11062.201
RE1,IMPCOA,EMIC02,1,2049,13022.815
RE1,IMPCOA,EMIC02,1,2050,1759.1435
RE1,IMPGSL,EMIC02,1,2015,2632.4797
RE1,IMPGSL,EMIC02,1,2016,2705.6041
RE1,IMPGSL,EMIC02,1,2017,2778.7285
RE1,IMPGSL,EMIC02,1,2018,2851.853
RE1,IMPGSL,EMIC02,1,2019,2924.9774
RE1,IMPGSL,EMIC02,1,2020,2849.1071
RE1,IMPGSL,EMIC02,1,2021,3036.9605
RE1,IMPGSL,EMIC02,1,2022,3225.1395
RE1,IMPGSL,EMIC02,1,2023,3413.6532
RE1,IMPGSL,EMIC02,1,2024,3602.5109
RE1,IMPGSL,EMIC02,1,2025,3791.722
RE1,IMPGSL,EMIC02,1,2026,3836.7847
RE1,IMPGSL,EMIC02,1,2027,3882.128
RE1,IMPGSL,EMIC02,1,2028,3927.761
RE1,IMPGSL,EMIC02,1,2029,3973.6931
RE1,IMPGSL,EMIC02,1,2030,4019.9338
RE1,IMPGSL,EMIC02,1,2031,4250.3064
RE1,IMPGSL,EMIC02,1,2032,4481.0034
RE1,IMPGSL,EMIC02,1,2033,4712.035
RE1,IMPGSL,EMIC02,1,2034,4943.4114
RE1,IMPGSL,EMIC02,1,2035,5175.1437
RE1,IMPGSL,EMIC02,1,2036,5456.3467
RE1,IMPGSL,EMIC02,1,2037,5737.8889
RE1,IMPGSL,EMIC02,1,2038,6019.78
RE1,IMPGSL,EMIC02,1,2039,6302.0299
RE1,IMPGSL,EMIC02,1,2040,6584.6489
RE1,IMPGSL,EMIC02,1,2041,6914.2404
RE1,IMPGSL,EMIC02,1,2042,7244.1911
RE1,IMPGSL,EMIC02,1,2043,7294.4994
RE1,IMPGSL,EMIC02,1,2044,7345.1861
RE1,IMPGSL,EMIC02,1,2045,7389.3681
RE1,IMPGSL,EMIC02,1,2046,7524.7668
RE1,IMPGSL,EMIC02,1,2047,7660.5536
RE1,IMPGSL,EMIC02,1,2048,7796.7378
RE1,IMPGSL,EMIC02,1,2049,7636.8096
RE1,IMPGSL,EMIC02,1,2050,7432.4643
RE1,IMPHFO,EMIC02,1,2015,191.5009
RE1,IMPHFO,EMIC02,1,2016,196.8204
RE1,IMPHFO,EMIC02,1,2017,202.1398
RE1,IMPHFO,EMIC02,1,2018,566.1655
RE1,IMPHFO,EMIC02,1,2019,493.6735
RE1,IMPHFO,EMIC02,1,2020,710.386
RE1,IMPHFO,EMIC02,1,2021,885.3967
RE1,IMPHFO,EMIC02,1,2022,241.0122
RE1,IMPHFO,EMIC02,1,2023,255.0021
RE1,IMPHFO,EMIC02,1,2024,268.9504
RE1,IMPHFO,EMIC02,1,2025,282.857
RE1,IMPHFO,EMIC02,1,2026,226.2856
RE1,IMPHFO,EMIC02,1,2027,169.7142
RE1,IMPHFO,EMIC02,1,2028,113.1428
RE1,IMPHFO,EMIC02,1,2029,56.5714
RE1,IMPHFO,EMIC02,1,2034,15.4679
RE1,IMPHFO,EMIC02,1,2050,60.5264
RE1,IMPLPG,EMIC02,1,2015,5.2634
RE1,IMPLPG,EMIC02,1,2016,5.4096
RE1,IMPLPG,EMIC02,1,2017,5.5558
RE1,IMPLPG,EMIC02,1,2018,5.702
RE1,IMPLPG,EMIC02,1,2019,5.8482
RE1,IMPLPG,EMIC02,1,2020,5.7831
RE1,IMPLPG,EMIC02,1,2021,14.5689
RE1,IMPLPG,EMIC02,1,2022,23.2873
RE1,IMPLPG,EMIC02,1,2023,32.0057
RE1,IMPLPG,EMIC02,1,2024,40.7241
RE1,IMPLPG,EMIC02,1,2025,49.4425
RE1,IMPLPG,EMIC02,1,2026,58.1609
RE1,IMPLPG,EMIC02,1,2027,66.994
RE1,IMPLPG,EMIC02,1,2028,75.7124
RE1,IMPLPG,EMIC02,1,2029,84.4308
RE1,IMPLPG,EMIC02,1,2030,93.1492
RE1,IMPLPG,EMIC02,1,2031,101.8676
RE1,IMPLPG,EMIC02,1,2032,110.586
RE1,IMPLPG,EMIC02,1,2033,119.3044
RE1,IMPLPG,EMIC02,1,2034,128.1376
RE1,IMPLPG,EMIC02,1,2035,136.856
RE1,IMPLPG,EMIC02,1,2036,145.5744
RE1,IMPLPG,EMIC02,1,2037,154.2928
RE1,IMPLPG,EMIC02,1,2038,163.0111
RE1,IMPLPG,EMIC02,1,2039,171.7296
RE1,IMPLPG,EMIC02,1,2040,180.5148
RE1,IMPLPG,EMIC02,1,2041,193.1814
RE1,IMPLPG,EMIC02,1,2042,205.8002
RE1,IMPLPG,EMIC02,1,2043,218.4189
RE1,IMPLPG,EMIC02,1,2044,231.0376
RE1,IMPLPG,EMIC02,1,2045,243.6564
RE1,IMPLPG,EMIC02,1,2046,256.2751
RE1,IMPLPG,EMIC02,1,2047,268.8938
RE1,IMPLPG,EMIC02,1,2048,281.5126
RE1,IMPLPG,EMIC02,1,2049,294.1313
RE1,IMPLPG,EMIC02,1,2050,306.75
RE1,MINBIO,EMIC02,1,2015,20174.256
RE1,MINBIO,EMIC02,1,2016,20566.447
RE1,MINBIO,EMIC02,1,2017,1269.9355
RE1,MINBIO,EMIC02,1,2018,21828.687
RE1,MINBIO,EMIC02,1,2019,22387.439
RE1,MINBIO,EMIC02,1,2020,2744.7687
RE1,MINBIO,EMIC02,1,2021,23498.583
RE1,MINBIO,EMIC02,1,2022,24261.488
RE1,MINBIO,EMIC02,1,2023,5033.7251
RE1,MINBIO,EMIC02,1,2024,5815.572
RE1,MINBIO,EMIC02,1,2025,26000.0
RE1,MINBIO,EMIC02,1,2026,7918.0115
RE1,MINBIO,EMIC02,1,2027,9236.7162
RE1,MINBIO,EMIC02,1,2028,26000.0
RE1,MINBIO,EMIC02,1,2029,26000.0
RE1,MINBIO,EMIC02,1,2030,26000.0
RE1,MINBIO,EMIC02,1,2031,26000.0
RE1,MINBIO,EMIC02,1,2032,16285.153
RE1,MINBIO,EMIC02,1,2033,17220.513
RE1,MINBIO,EMIC02,1,2034,26000.0
RE1,MINBIO,EMIC02,1,2035,26000.0
RE1,MINBIO,EMIC02,1,2036,26000.0
RE1,MINBIO,EMIC02,1,2037,20978.786
RE1,MINBIO,EMIC02,1,2038,21921.408
RE1,MINBIO,EMIC02,1,2039,22875.108
RE1,MINBIO,EMIC02,1,2040,23840.353
RE1,MINBIO,EMIC02,1,2041,26000.0
RE1,MINBIO,EMIC02,1,2042,25648.22
RE1,MINBIO,EMIC02,1,2043,26000.0
RE1,MINBIO,EMIC02,1,2044,26000.0
RE1,MINBIO,EMIC02,1,2045,26000.0
RE1,MINBIO,EMIC02,1,2046,26000.0
RE1,MINBIO,EMIC02,1,2047,26000.0
RE1,MINBIO,EMIC02,1,2048,26000.0
RE1,MINBIO,EMIC02,1,2049,26000.0
RE1,MINBIO,EMIC02,1,2050,26000.0
RE1,MINCOA,EMIC02,1,2017,2404.167
RE1,MINCOA,EMIC02,1,2020,3124.0943
RE1,MINCOA,EMIC02,1,2021,3152.2987
RE1,MINCOA,EMIC02,1,2023,511.0513
RE1,MINCOA,EMIC02,1,2024,539.0051
RE1,MINCOA,EMIC02,1,2026,540.9688
RE1,MINCOA,EMIC02,1,2027,406.7443
RE1,MINCOA,EMIC02,1,2028,1146.0706
RE1,MINCOA,EMIC02,1,2029,863.2638
RE1,MINCOA,EMIC02,1,2030,567.209
RE1,MINCOA,EMIC02,1,2031,591.2555
RE1,MINCOA,EMIC02,1,2032,1026.0321
RE1,MINCOA,EMIC02,1,2033,1027.0221
RE1,MINCOA,EMIC02,1,2034,968.4845
RE1,MINCOA,EMIC02,1,2035,1048.6839
RE1,MINCOA,EMIC02,1,2036,1243.2421
RE1,MINCOA,EMIC02,1,2037,3340.5859
RE1,MINCOA,EMIC02,1,2038,4220.0546
RE1,MINCOA,EMIC02,1,2039,5596.2079
RE1,MINCOA,EMIC02,1,2040,2032.6614
RE1,MINCOA,EMIC02,1,2041,5325.1455
RE1,MINCOA,EMIC02,1,2043,6487.283
RE1,MINCOA,EMIC02,1,2044,2220.2774
RE1,MINCOA,EMIC02,1,2045,8126.1967
RE1,MINCOA,EMIC02,1,2046,1664.318
RE1,MINCOA,EMIC02,1,2047,1109.4388
RE1,MINCOA,EMIC02,1,2048,13246.324
RE1,MINCOA,EMIC02,1,2049,1341.4021
RE1,MINCOA,EMIC02,1,2050,14083.097
