r,t,y,AnnualFixedOperatingCost
RE1,DEMAGRHEABIO,2026,0.0199
RE1,DEMAGRHEABIO,2027,0.0399
RE1,DEMAGRHEABIO,2028,0.06
RE1,DEMAGRHEABIO,2029,0.0802
RE1,DEMAGRHEABIO,2030,0.1006
RE1,DEMAGRHEABIO,2031,0.1235
RE1,DEMAGRHEABIO,2032,0.1465
RE1,DEMAGRHEABIO,2033,0.1697
RE1,DEMAGRHEABIO,2034,0.193
RE1,DEMAGRHEABIO,2035,0.2166
RE1,DEMAGRHEABIO,2036,0.2306
RE1,DEMAGRHEABIO,2037,0.2449
RE1,DEMAGRHEABIO,2038,0.2594
RE1,DEMAGRHEABIO,2039,0.2741
RE1,DEMAGRHEABIO,2040,0.2891
RE1,DEMAGRHEABIO,2041,0.3077
RE1,DEMAGRHEABIO,2042,0.3265
RE1,DEMAGRHEABIO,2043,0.3457
RE1,DEMAGRHEABIO,2044,0.3651
RE1,DEMAGRHEABIO,2045,0.3848
RE1,DEMAGRHEABIO,2046,0.4094
RE1,DEMAGRHEABIO,2047,0.4343
RE1,DEMAGRHEABIO,2048,0.4596
RE1,DEMAGRHEABIO,2049,0.4851
RE1,DEMAGRHEABIO,2050,0.5111
RE1,DEMAGRHEAGSL,2015,0.1063
RE1,DEMAGRHEAGSL,2016,0.1093
RE1,DEMAGRHEAGSL,2017,0.1122
RE1,DEMAGRHEAGSL,2018,0.1152
RE1,DEMAGRHEAGSL,2019,0.1181
RE1,DEMAGRHEAGSL,2020,0.1181
RE1,DEMAGRHEAGSL,2021,0.1181
RE1,DEMAGRHEAGSL,2022,0.1181
RE1,DEMAGRHEAGSL,2023,0.1259
RE1,DEMAGRHEAGSL,2024,0.1345
RE1,DEMAGRHEAGSL,2025,0.1432
RE1,DEMAGRHEAGSL,2026,0.1432
RE1,DEMAGRHEAGSL,2027,0.1432
RE1,DEMAGRHEAGSL,2028,0.1432
RE1,DEMAGRHEAGSL,2029,0.1432
RE1,DEMAGRHEAGSL,2030,0.0716
RE1,DEMAGRHEAGSL,2031,0.0687
RE1,DEMAGRHEAGSL,2032,0.0657
RE1,DEMAGRHEAGSL,2033,0.0627
RE1,DEMAGRHEAGSL,2034,0.0598
RE1,DEMAGRHEAGSL,2035,0.0598
RE1,DEMAGRHEAGSL,2036,0.0598
RE1,DEMAGRHEAGSL,2037,0.0598
RE1,DEMAGRHEAGSL,2038,0.052
RE1,DEMAGRHEAGSL,2039,0.0434
RE1,DEMAGRHEAGSL,2040,0.0347
RE1,DEMAGRHEAGSL,2041,0.0347
RE1,DEMAGRHEAGSL,2042,0.0347
RE1,DEMAGRHEAGSL,2043,0.0347
RE1,DEMAGRHEAGSL,2044,0.0347
RE1,DEMAGRIRRELC,2015,192.1561
RE1,DEMAGRIRRELC,2016,192.8606
RE1,DEMAGRIRRELC,2017,193.3148
RE1,DEMAGRIRRELC,2018,193.5184
RE1,DEMAGRIRRELC,2019,193.4717
RE1,DEMAGRIRRELC,2020,188.4629
RE1,DEMAGRIRRELC,2021,183.4541
RE1,DEMAGRIRRELC,2022,189.6995
RE1,DEMAGRIRRELC,2023,197.548
RE1,DEMAGRIRRELC,2024,204.8746
RE1,DEMAGRIRRELC,2025,211.6579
RE1,DEMAGRIRRELC,2026,220.1255
RE1,DEMAGRIRRELC,2027,227.9116
RE1,DEMAGRIRRELC,2028,234.9904
RE1,DEMAGRIRRELC,2029,241.336
RE1,DEMAGRIRRELC,2030,246.9224
RE1,DEMAGRIRRELC,2031,255.1907
RE1,DEMAGRIRRELC,2032,262.4555
RE1,DEMAGRIRRELC,2033,268.6831
RE1,DEMAGRIRRELC,2034,273.8396
RE1,DEMAGRIRRELC,2035,277.8912
RE1,DEMAGRIRRELC,2036,283.0258
RE1,DEMAGRIRRELC,2037,286.8233
RE1,DEMAGRIRRELC,2038,289.244
RE1,DEMAGRIRRELC,2039,290.2482
RE1,DEMAGRIRRELC,2040,289.7959
RE1,DEMAGRIRRELC,2041,291.1477
RE1,DEMAGRIRRELC,2042,290.6238
RE1,DEMAGRIRRELC,2043,288.1735
RE1,DEMAGRIRRELC,2044,283.7458
RE1,DEMAGRIRRELC,2045,277.2901
RE1,DEMAGRIRRELC,2046,271.8369
RE1,DEMAGRIRRELC,2047,263.7736
RE1,DEMAGRIRRELC,2048,253.0356
RE1,DEMAGRIRRELC,2049,239.5578
RE1,DEMAGRIRRELC,2050,223.2754
RE1,DEMCOMOTHELC,2026,0.0718
RE1,DEMCOMOTHELC,2027,0.1688
RE1,DEMCOMOTHELC,2028,0.2531
RE1,DEMCOMOTHELC,2029,0.3368
RE1,DEMCOMOTHELC,2030,0.3988
RE1,DEMCOMOTHELC,2031,0.4049
RE1,DEMCOMOTHELC,2032,0.4176
RE1,DEMCOMOTHELC,2033,0.434
RE1,DEMCOMOTHELC,2034,0.4631
RE1,DEMCOMOTHELC,2035,0.4782
RE1,DEMCOMOTHELC,2036,0.5193
RE1,DEMCOMOTHELC,2037,0.545
RE1,DEMCOMOTHELC,2038,0.5805
RE1,DEMCOMOTHELC,2039,0.6161
RE1,DEMCOMOTHELC,2040,0.6583
RE1,DEMCOMOTHELC,2041,0.677
RE1,DEMCOMOTHELC,2042,0.6987
RE1,DEMCOMOTHELC,2043,0.701
RE1,DEMCOMOTHELC,2044,0.706
RE1,DEMCOMOTHELC,2045,0.7283
RE1,DEMCOMOTHELC,2046,0.7551
RE1,DEMCOMOTHELC,2047,0.7767
RE1,DEMCOMOTHELC,2048,0.8111
RE1,DEMCOMOTHELC,2049,0.8888
RE1,DEMCOMOTHELC,2050,0.9378
RE1,DEMCOMOTHGSL,2015,0.0395
RE1,DEMCOMOTHGSL,2016,0.0406
RE1,DEMCOMOTHGSL,2017,0.0417
RE1,DEMCOMOTHGSL,2018,0.0407
RE1,DEMCOMOTHGSL,2019,0.0417
RE1,DEMCOMOTHGSL,2020,0.0417
RE1,DEMCOMOTHGSL,2021,0.0469
RE1,DEMCOMOTHGSL,2022,0.0499
RE1,DEMCOMOTHGSL,2023,0.0529
RE1,DEMCOMOTHGSL,2024,0.0558
RE1,DEMCOMOTHGSL,2025,0.0566
RE1,DEMCOMOTHGSL,2026,0.0566
RE1,DEMCOMOTHGSL,2027,0.0598
RE1,DEMCOMOTHGSL,2028,0.0598
RE1,DEMCOMOTHGSL,2029,0.058
RE1,DEMCOMOTHGSL,2030,0.0175
RE1,DEMCOMOTHGSL,2031,0.0171
RE1,DEMCOMOTHGSL,2032,0.0155
RE1,DEMCOMOTHGSL,2033,0.0144
RE1,DEMCOMOTHGSL,2034,0.0134
RE1,DEMCOMOTHGSL,2035,0.0134
RE1,DEMCOMOTHGSL,2036,0.0118
RE1,DEMCOMOTHGSL,2037,0.0091
RE1,DEMCOMOTHGSL,2038,0.006
RE1,DEMCOMOTHGSL,2039,0.0031
RE1,DEMCOPHEACOA,2026,0.4207
RE1,DEMCOPHEACOA,2027,0.8414
RE1,DEMCOPHEACOA,2028,1.2621
RE1,DEMCOPHEACOA,2029,1.6828
RE1,DEMCOPHEACOA,2030,2.1035
RE1,DEMCOPHEACOA,2031,2.2327
RE1,DEMCOPHEACOA,2032,2.3618
RE1,DEMCOPHEACOA,2033,2.4909
RE1,DEMCOPHEACOA,2034,2.5049
RE1,DEMCOPHEACOA,2035,2.5049
RE1,DEMCOPHEACOA,2036,2.6344
RE1,DEMCOPHEACOA,2037,2.6344
RE1,DEMCOPHEACOA,2038,2.6344
RE1,DEMCOPHEACOA,2039,2.6344
RE1,DEMCOPHEACOA,2040,2.6344
RE1,DEMCOPHEACOA,2041,2.6385
RE1,DEMCOPHEACOA,2042,2.6271
RE1,DEMCOPHEACOA,2043,2.7779
RE1,DEMCOPHEACOA,2044,2.9513
RE1,DEMCOPHEACOA,2045,3.1452
RE1,DEMCOPHEACOA,2046,3.2694
RE1,DEMCOPHEACOA,2047,3.5169
RE1,DEMCOPHEACOA,2048,3.7643
RE1,DEMCOPHEACOA,2049,4.1375
RE1,DEMCOPHEACOA,2050,4.6494
RE1,DEMCOPHEAELC,2034,0.0766
RE1,DEMCOPHEAELC,2035,0.1625
RE1,DEMCOPHEAELC,2036,0.1625
RE1,DEMCOPHEAELC,2037,0.2551
RE1,DEMCOPHEAELC,2038,0.3528
RE1,DEMCOPHEAELC,2039,0.4403
RE1,DEMCOPHEAELC,2040,0.5502
RE1,DEMCOPHEAELC,2041,0.6485
RE1,DEMCOPHEAELC,2042,0.7736
RE1,DEMCOPHEAELC,2043,0.7999
RE1,DEMCOPHEAELC,2044,0.8123
RE1,DEMCOPHEAELC,2045,0.8123
RE1,DEMCOPHEAELC,2046,0.8874
RE1,DEMCOPHEAELC,2047,0.8874
RE1,DEMCOPHEAELC,2048,0.8874
RE1,DEMCOPHEAELC,2049,0.8108
RE1,DEMCOPHEAELC,2050,0.7249
RE1,DEMCOPHEAGSL,2015,1.1134
RE1,DEMCOPHEAGSL,2016,1.1444
RE1,DEMCOPHEAGSL,2017,1.1753
RE1,DEMCOPHEAGSL,2018,1.2062
RE1,DEMCOPHEAGSL,2019,1.2372
RE1,DEMCOPHEAGSL,2020,1.2372
RE1,DEMCOPHEAGSL,2021,1.2841
RE1,DEMCOPHEAGSL,2022,1.3654
RE1,DEMCOPHEAGSL,2023,1.4468
RE1,DEMCOPHEAGSL,2024,1.5281
RE1,DEMCOPHEAGSL,2025,1.6095
RE1,DEMCOPHEAGSL,2026,1.6095
RE1,DEMCOPHEAGSL,2027,1.6095
RE1,DEMCOPHEAGSL,2028,1.6095
RE1,DEMCOPHEAGSL,2029,1.6095
RE1,DEMCOPHEAGSL,2030,0.496
RE1,DEMCOPHEAGSL,2031,0.4651
RE1,DEMCOPHEAGSL,2032,0.4342
RE1,DEMCOPHEAGSL,2033,0.4033
RE1,DEMCOPHEAGSL,2034,0.3723
RE1,DEMCOPHEAGSL,2035,0.3723
RE1,DEMCOPHEAGSL,2036,0.3254
RE1,DEMCOPHEAGSL,2037,0.2441
RE1,DEMCOPHEAGSL,2038,0.1627
RE1,DEMCOPHEAGSL,2039,0.0814
RE1,DEMINDHEABIO,2015,9.467
RE1,DEMINDHEABIO,2016,9.7299
RE1,DEMINDHEABIO,2017,9.9929
RE1,DEMINDHEABIO,2018,10.2559
RE1,DEMINDHEABIO,2019,10.5189
RE1,DEMINDHEABIO,2020,10.5252
RE1,DEMINDHEABIO,2021,11.2209
RE1,DEMINDHEABIO,2022,11.9146
RE1,DEMINDHEABIO,2023,12.6062
RE1,DEMINDHEABIO,2024,13.2957
RE1,DEMINDHEABIO,2025,13.9832
RE1,DEMINDHEABIO,2026,15.3885
RE1,DEMINDHEABIO,2027,16.791
RE1,DEMINDHEABIO,2028,18.1905
RE1,DEMINDHEABIO,2029,19.5871
RE1,DEMINDHEABIO,2030,20.9809
RE1,DEMINDHEABIO,2031,22.2362
RE1,DEMINDHEABIO,2032,22.6788
RE1,DEMINDHEABIO,2033,22.6788
RE1,DEMINDHEABIO,2034,22.6788
RE1,DEMINDHEABIO,2035,22.6788
RE1,DEMINDHEABIO,2036,22.6788
RE1,DEMINDHEABIO,2037,22.6788
RE1,DEMINDHEABIO,2038,22.6788
RE1,DEMINDHEABIO,2039,22.6788
RE1,DEMINDHEABIO,2040,22.6788
RE1,DEMINDHEABIO,2041,22.6788
RE1,DEMINDHEABIO,2042,22.6788
RE1,DEMINDHEABIO,2043,22.6788
RE1,DEMINDHEABIO,2044,22.6788
RE1,DEMINDHEABIO,2045,22.6788
RE1,DEMINDHEABIO,2046,22.6788
RE1,DEMINDHEABIO,2047,22.6788
RE1,DEMINDHEABIO,2048,22.6788
RE1,DEMINDHEABIO,2049,22.6788
RE1,DEMINDHEABIO,2050,22.6788
RE1,DEMINDHEACOA,2015,0.9201
RE1,DEMINDHEACOA,2016,0.9456
RE1,DEMINDHEACOA,2017,0.9712
RE1,DEMINDHEACOA,2018,0.9967
RE1,DEMINDHEACOA,2019,1.0223
RE1,DEMINDHEACOA,2020,1.0229
RE1,DEMINDHEACOA,2021,1.0905
RE1,DEMINDHEACOA,2022,1.1579
RE1,DEMINDHEACOA,2023,1.2252
RE1,DEMINDHEACOA,2024,1.2922
RE1,DEMINDHEACOA,2025,1.359
RE1,DEMINDHEACOA,2026,1.359
RE1,DEMINDHEACOA,2027,1.359
RE1,DEMINDHEACOA,2028,1.359
RE1,DEMINDHEACOA,2029,1.359
RE1,DEMINDHEACOA,2030,0.4389
RE1,DEMINDHEACOA,2031,0.4134
RE1,DEMINDHEACOA,2032,0.809
RE1,DEMINDHEACOA,2033,2.0568
RE1,DEMINDHEACOA,2034,3.3008
RE1,DEMINDHEACOA,2035,4.4118
RE1,DEMINDHEACOA,2036,5.8659
RE1,DEMINDHEACOA,2037,7.2204
RE1,DEMINDHEACOA,2038,8.4662
RE1,DEMINDHEACOA,2039,9.7038
RE1,DEMINDHEACOA,2040,10.8667
RE1,DEMINDHEACOA,2041,12.7308
RE1,DEMINDHEACOA,2042,14.5635
RE1,DEMINDHEACOA,2043,16.4033
RE1,DEMINDHEACOA,2044,18.2375
RE1,DEMINDHEACOA,2045,19.9685
RE1,DEMINDHEACOA,2046,22.313
RE1,DEMINDHEACOA,2047,24.6503
RE1,DEMINDHEACOA,2048,26.9804
RE1,DEMINDHEACOA,2049,29.3032
RE1,DEMINDHEACOA,2050,31.8747
RE1,DEMINDHEAELC,2035,0.086
RE1,DEMINDHEAELC,2036,0.086
RE1,DEMINDHEAELC,2037,0.1469
RE1,DEMINDHEAELC,2038,0.2719
RE1,DEMINDHEAELC,2039,0.4096
RE1,DEMINDHEAELC,2040,0.5715
RE1,DEMINDHEAELC,2041,0.5715
RE1,DEMINDHEAELC,2042,0.5715
RE1,DEMINDHEAELC,2043,0.5715
RE1,DEMINDHEAELC,2044,0.5715
RE1,DEMINDHEAELC,2045,0.6309
RE1,DEMINDHEAELC,2046,0.6309
RE1,DEMINDHEAELC,2047,0.6309
RE1,DEMINDHEAELC,2048,0.6309
RE1,DEMINDHEAELC,2049,0.6309
RE1,DEMINDHEAELC,2050,0.5449
RE1,DEMINDHEAHFO,2015,0.5611
RE1,DEMINDHEAHFO,2016,0.5767
RE1,DEMINDHEAHFO,2017,0.5923
RE1,DEMINDHEAHFO,2018,0.6079
RE1,DEMINDHEAHFO,2019,0.6235
RE1,DEMINDHEAHFO,2020,0.6238
RE1,DEMINDHEAHFO,2021,0.6651
RE1,DEMINDHEAHFO,2022,0.7062
RE1,DEMINDHEAHFO,2023,0.7472
RE1,DEMINDHEAHFO,2024,0.788
RE1,DEMINDHEAHFO,2025,0.8288
RE1,DEMINDHEAHFO,2026,0.8288
RE1,DEMINDHEAHFO,2027,0.8288
RE1,DEMINDHEAHFO,2028,0.8288
RE1,DEMINDHEAHFO,2029,0.8288
RE1,DEMINDHEAHFO,2030,0.2677
RE1,DEMINDHEAHFO,2031,0.2521
RE1,DEMINDHEAHFO,2032,0.2365
RE1,DEMINDHEAHFO,2033,0.2209
RE1,DEMINDHEAHFO,2034,0.2053
RE1,DEMINDHEAHFO,2035,0.205
RE1,DEMINDHEAHFO,2036,0.1637
RE1,DEMINDHEAHFO,2037,0.1226
RE1,DEMINDHEAHFO,2038,0.0816
RE1,DEMINDHEAHFO,2039,0.0407
RE1,DEMRESHCKBGS,2049,0.0022
RE1,DEMRESHCKBGS,2050,0.0125
RE1,DEMRESHCKELC,2015,0.0722
RE1,DEMRESHCKELC,2016,0.0722
RE1,DEMRESHCKELC,2017,0.0722
RE1,DEMRESHCKELC,2018,0.0722
RE1,DEMRESHCKELC,2019,0.0722
RE1,DEMRESHCKELC,2020,0.0752
RE1,DEMRESHCKELC,2021,0.0924
RE1,DEMRESHCKELC,2022,0.1096
RE1,DEMRESHCKELC,2023,0.1268
RE1,DEMRESHCKELC,2024,0.144
RE1,DEMRESHCKELC,2025,0.1863
RE1,DEMRESHCKELC,2026,0.2636
RE1,DEMRESHCKELC,2027,0.3038
RE1,DEMRESHCKELC,2028,0.3384
RE1,DEMRESHCKELC,2029,0.3638
RE1,DEMRESHCKELC,2030,0.387
RE1,DEMRESHCKELC,2031,0.4111
RE1,DEMRESHCKELC,2032,0.4277
RE1,DEMRESHCKELC,2033,0.4415
RE1,DEMRESHCKELC,2034,0.4752
RE1,DEMRESHCKELC,2035,0.5301
RE1,DEMRESHCKELC,2036,0.565
RE1,DEMRESHCKELC,2037,0.6048
RE1,DEMRESHCKELC,2038,0.6598
RE1,DEMRESHCKELC,2039,0.7244
RE1,DEMRESHCKELC,2040,0.8449
RE1,DEMRESHCKELC,2041,0.8786
RE1,DEMRESHCKELC,2042,0.9361
RE1,DEMRESHCKELC,2043,0.9837
RE1,DEMRESHCKELC,2044,1.0181
RE1,DEMRESHCKELC,2045,1.0514
RE1,DEMRESHCKELC,2046,1.0491
RE1,DEMRESHCKELC,2047,1.0255
RE1,DEMRESHCKELC,2048,1.0169
RE1,DEMRESHCKELC,2049,1.1216
RE1,DEMRESHCKELC,2050,1.2283
RE1,DEMRESHCKLPG,2015,0.0002
RE1,DEMRESHCKLPG,2016,0.0002
RE1,DEMRESHCKLPG,2017,0.0002
RE1,DEMRESHCKLPG,2018,0.0002
RE1,DEMRESHCKLPG,2019,0.0002
RE1,DEMRESHCKLPG,2020,0.0002
RE1,DEMRESHCKLPG,2021,0.0005
RE1,DEMRESHCKLPG,2022,0.0008
RE1,DEMRESHCKLPG,2023,0.0011
RE1,DEMRESHCKLPG,2024,0.0014
RE1,DEMRESHCKLPG,2025,0.0017
RE1,DEMRESHCKLPG,2026,0.002
RE1,DEMRESHCKLPG,2027,0.0023
RE1,DEMRESHCKLPG,2028,0.0026
RE1,DEMRESHCKLPG,2029,0.0028
RE1,DEMRESHCKLPG,2030,0.0031
RE1,DEMRESHCKLPG,2031,0.0034
RE1,DEMRESHCKLPG,2032,0.0037
RE1,DEMRESHCKLPG,2033,0.004
RE1,DEMRESHCKLPG,2034,0.0043
RE1,DEMRESHCKLPG,2035,0.0046
RE1,DEMRESHCKLPG,2036,0.0049
RE1,DEMRESHCKLPG,2037,0.0052
RE1,DEMRESHCKLPG,2038,0.0055
RE1,DEMRESHCKLPG,2039,0.0058
RE1,DEMRESHCKLPG,2040,0.0061
RE1,DEMRESHCKLPG,2041,0.0065
RE1,DEMRESHCKLPG,2042,0.0069
RE1,DEMRESHCKLPG,2043,0.0074
RE1,DEMRESHCKLPG,2044,0.0078
RE1,DEMRESHCKLPG,2045,0.0082
RE1,DEMRESHCKLPG,2046,0.0086
RE1,DEMRESHCKLPG,2047,0.0091
RE1,DEMRESHCKLPG,2048,0.0095
RE1,DEMRESHCKLPG,2049,0.0099
RE1,DEMRESHCKLPG,2050,0.0103
RE1,DEMTRABUSELC,2041,2.1553
RE1,DEMTRABUSELC,2042,4.0513
RE1,DEMTRABUSELC,2043,5.688
RE1,DEMTRABUSELC,2044,7.0655
RE1,DEMTRABUSELC,2045,8.1837
RE1,DEMTRABUSELC,2046,9.0427
RE1,DEMTRABUSELC,2047,9.6425
RE1,DEMTRABUSELC,2048,9.9829
RE1,DEMTRABUSELC,2049,10.0642
RE1,DEMTRABUSELC,2050,9.8861
RE1,DEMTRACARELC,2049,9.5848
RE1,DEMTRACARGSL,2050,18.79
RE1,DEMTRAEVC,2026,0.0321
RE1,DEMTRAEVC,2027,0.0643
RE1,DEMTRAEVC,2028,0.1008
RE1,DEMTRAEVC,2029,0.1348
RE1,DEMTRAEVC,2030,0.1691
RE1,DEMTRAEVC,2031,0.2163
RE1,DEMTRAEVC,2032,0.2484
RE1,DEMTRAEVC,2033,0.2771
RE1,DEMTRAEVC,2034,0.3866
RE1,DEMTRAEVC,2035,0.3956
RE1,DEMTRAEVC,2036,0.4044
RE1,DEMTRAEVC,2037,0.4144
RE1,DEMTRAEVC,2038,0.4247
RE1,DEMTRAEVC,2039,0.4353
RE1,DEMTRAEVC,2040,0.4461
RE1,DEMTRAEVC,2041,0.4771
RE1,DEMTRAEVC,2042,0.5083
RE1,DEMTRAEVC,2043,0.7665
RE1,DEMTRAEVC,2044,1.0249
RE1,DEMTRAEVC,2045,1.2835
RE1,DEMTRAEVC,2046,1.5417
RE1,DEMTRAEVC,2047,1.8
RE1,DEMTRAEVC,2048,2.0587
RE1,DEMTRAEVC,2049,3.2706
RE1,DEMTRAEVC,2050,4.4827
RE1,DEMTRAFREELC,2043,20.8152
RE1,DEMTRAFREELC,2044,38.7843
RE1,DEMTRAFREELC,2045,53.9071
RE1,DEMTRAFREELC,2046,66.1837
RE1,DEMTRAFREELC,2047,75.614
RE1,DEMTRAFREELC,2048,82.1982
RE1,DEMTRAFREELC,2049,85.9361
RE1,DEMTRAFREELC,2050,86.8277
RE1,DEMTRAMCYELC,2026,0.0811
RE1,DEMTRAMCYELC,2027,0.1415
RE1,DEMTRAMCYELC,2028,0.1887
RE1,DEMTRAMCYELC,2029,0.208
RE1,DEMTRAMCYELC,2030,0.2053
RE1,DEMTRAMCYELC,2031,0.1915
RE1,DEMTRAMCYELC,2032,0.1383
RE1,DEMTRAMCYELC,2033,0.0632
RE1,DEMTRAMCYGSL,2034,0.0032
RE1,PWRBIO001,2015,0.9072
RE1,PWRBIO001,2016,0.9072
RE1,PWRBIO001,2017,0.9072
RE1,PWRBIO001,2018,0.9072
RE1,PWRBIO001,2019,0.9072
RE1,PWRBIO001,2020,0.9072
RE1,PWRBIO001,2021,0.9072
RE1,PWRBIO001,2022,0.9072
RE1,PWRBIO001,2023,0.9072
RE1,PWRBIO001,2024,0.9072
RE1,PWRBIO001,2025,0.9072
RE1,PWRBIO001,2026,0.9072
RE1,PWRBIO001,2027,0.9072
RE1,PWRBIO001,2028,0.9072
RE1,PWRBIO001,2029,0.9072
RE1,PWRBIO001,2030,0.9072
RE1,PWRBIO001,2031,2.0072
RE1,PWRBIO001,2032,3.1072
RE1,PWRBIO001,2033,4.2071
RE1,PWRBIO001,2034,5.3071
RE1,PWRBIO001,2035,6.4071
RE1,PWRBIO001,2036,7.5071
RE1,PWRBIO001,2037,8.6071
RE1,PWRBIO001,2038,9.707
RE1,PWRBIO001,2039,10.807
RE1,PWRBIO001,2040,11.907
RE1,PWRBIO001,2041,13.007
RE1,PWRBIO001,2042,14.107
RE1,PWRBIO001,2043,15.2069
RE1,PWRBIO001,2044,16.3069
RE1,PWRBIO001,2045,17.4069
RE1,PWRBIO001,2046,18.5069
RE1,PWRBIO001,2047,19.6069
RE1,PWRBIO001,2048,20.7068
RE1,PWRBIO001,2049,21.8068
RE1,PWRBIO001,2050,22.68
RE1,PWRCOA001,2015,4.824
RE1,PWRCOA001,2016,4.824
RE1,PWRCOA001,2017,4.824
RE1,PWRCOA001,2018,4.824
RE1,PWRCOA001,2019,4.824
RE1,PWRCOA001,2020,4.824
RE1,PWRCOA001,2021,4.824
RE1,PWRCOA001,2022,4.824
RE1,PWRCOA001,2023,4.824
RE1,PWRCOA001,2024,4.824
RE1,PWRCOA001,2025,4.824
RE1,PWRCOA001,2026,4.824
RE1,PWRCOA001,2027,4.824
RE1,PWRCOA001,2028,4.824
RE1,PWRCOA001,2029,4.824
RE1,PWRCOA001,2030,4.824
RE1,PWRCOA001,2031,4.824
RE1,PWRCOA001,2032,4.824
RE1,PWRCOA001,2033,4.824
RE1,PWRCOA001,2034,4.824
RE1,PWRCOA001,2035,4.824
RE1,PWRCOA001,2036,4.824
RE1,PWRCOA001,2037,4.824
RE1,PWRCOA001,2038,4.824
RE1,PWRCOA001,2039,4.824
RE1,PWRCOA001,2040,4.824
RE1,PWRCOA001,2041,4.824
RE1,PWRCOA001,2042,4.824
RE1,PWRCOA001,2043,4.824
RE1,PWRCOA001,2044,4.824
RE1,PWRCOA001,2045,4.824
RE1,PWRCOA001,2046,4.824
RE1,PWRCOA001,2047,4.824
RE1,PWRCOA001,2048,4.824
RE1,PWRCOA001,2049,4.824
RE1,PWRCOA001,2050,6.7089
RE1,PWRGEO,2030,1.92
RE1,PWRGEO,2031,5.024
RE1,PWRGEO,2032,8.128
RE1,PWRGEO,2033,11.232
RE1,PWRGEO,2034,14.336
RE1,PWRGEO,2035,17.44
RE1,PWRGEO,2036,20.544
RE1,PWRGEO,2037,23.648
RE1,PWRGEO,2038,26.752
RE1,PWRGEO,2039,29.856
RE1,PWRGEO,2040,32.96
RE1,PWRGEO,2041,36.064
RE1,PWRGEO,2042,39.168
RE1,PWRGEO,2043,42.272
RE1,PWRGEO,2044,45.376
RE1,PWRGEO,2045,48.48
RE1,PWRGEO,2046,51.584
RE1,PWRGEO,2047,54.688
RE1,PWRGEO,2048,57.792
RE1,PWRGEO,2049,60.896
RE1,PWRGEO,2050,64.0
RE1,PWRHYD001,2015,139.7184
RE1,PWRHYD001,2016,139.7184
RE1,PWRHYD001,2017,139.7184
RE1,PWRHYD001,2018,139.7184
RE1,PWRHYD001,2019,139.7184
RE1,PWRHYD001,2020,139.7184
RE1,PWRHYD001,2021,148.8384
RE1,PWRHYD001,2022,185.3184
RE1,PWRHYD001,2023,185.3184
RE1,PWRHYD001,2024,185.3184
RE1,PWRHYD001,2025,185.3184
RE1,PWRHYD001,2026,185.3184
RE1,PWRHYD001,2027,185.3184
RE1,PWRHYD001,2028,185.3184
RE1,PWRHYD001,2029,185.3184
RE1,PWRHYD001,2030,185.3184
RE1,PWRHYD001,2031,185.3184
RE1,PWRHYD001,2032,185.3184
RE1,PWRHYD001,2033,185.3184
RE1,PWRHYD001,2034,185.3184
RE1,PWRHYD001,2035,185.3184
RE1,PWRHYD001,2036,185.3184
RE1,PWRHYD001,2037,185.3184
RE1,PWRHYD001,2038,185.3184
RE1,PWRHYD001,2039,185.3184
RE1,PWRHYD001,2040,185.3184
RE1,PWRHYD001,2041,185.3184
RE1,PWRHYD001,2042,185.3184
RE1,PWRHYD001,2043,185.3184
RE1,PWRHYD001,2044,185.3184
RE1,PWRHYD001,2045,185.3184
RE1,PWRHYD001,2046,185.3184
RE1,PWRHYD001,2047,185.3184
RE1,PWRHYD001,2048,185.3184
RE1,PWRHYD001,2049,185.3184
RE1,PWRHYD001,2050,185.3184
RE1,PWRHYD002,2015,2.0061
RE1,PWRHYD002,2016,2.0061
RE1,PWRHYD002,2017,2.0061
RE1,PWRHYD002,2018,2.0061
RE1,PWRHYD002,2019,2.0061
RE1,PWRHYD002,2020,2.0471
RE1,PWRHYD002,2021,2.0471
RE1,PWRHYD002,2022,2.0471
RE1,PWRHYD002,2023,13.3817
RE1,PWRHYD002,2024,18.4023
RE1,PWRHYD002,2025,18.4023
RE1,PWRHYD002,2026,18.4382
RE1,PWRHYD002,2027,21.3105
RE1,PWRHYD002,2028,25.0417
RE1,PWRHYD002,2029,30.2542
RE1,PWRHYD002,2030,34.6502
RE1,PWRHYD002,2031,37.3966
RE1,PWRHYD002,2032,40.5647
RE1,PWRHYD002,2033,44.04
RE1,PWRHYD002,2034,45.9239
RE1,PWRHYD002,2035,45.9239
RE1,PWRHYD002,2036,46.2056
RE1,PWRHYD002,2037,49.4673
RE1,PWRHYD002,2038,52.7806
RE1,PWRHYD002,2039,56.1621
RE1,PWRHYD002,2040,59.6049
RE1,PWRHYD002,2041,64.6128
RE1,PWRHYD002,2042,69.6596
RE1,PWRHYD002,2043,75.3544
RE1,PWRHYD002,2044,81.0444
RE1,PWRHYD002,2045,86.7078
RE1,PWRHYD002,2046,94.0634
RE1,PWRHYD002,2047,101.5086
RE1,PWRHYD002,2048,104.6974
RE1,PWRHYD002,2049,104.6974
RE1,PWRHYD002,2050,104.6974
RE1,PWRHYD004,2015,0.0431
RE1,PWRHYD004,2016,0.0431
RE1,PWRHYD004,2017,0.0431
RE1,PWRHYD004,2018,0.0431
RE1,PWRHYD004,2019,0.0588
RE1,PWRHYD004,2020,0.0588
RE1,PWRHYD004,2021,0.0588
RE1,PWRHYD004,2022,0.0588
RE1,PWRHYD004,2023,0.0588
RE1,PWRHYD004,2024,0.0588
RE1,PWRHYD004,2025,0.0588
RE1,PWRHYD004,2026,0.0158
RE1,PWRHYD004,2027,0.0158
RE1,PWRHYD004,2028,0.0158
RE1,PWRHYD004,2029,0.0158
RE1,PWRHYD004,2030,0.0158
RE1,PWRHYD004,2031,0.0158
RE1,PWRHYD004,2032,0.0158
RE1,PWRHYD004,2033,0.0158
RE1,PWRHYD004,2034,0.0158
RE1,PWRHYD004,2035,0.0158
RE1,PWRHYD004,2036,0.0158
RE1,PWRHYD004,2037,0.0158
RE1,PWRHYD004,2038,0.0158
RE1,PWRHYD004,2039,0.0158
RE1,PWRHYD004,2040,0.0158
RE1,PWRHYD004,2041,0.0158
RE1,PWRHYD004,2042,0.0158
RE1,PWRHYD004,2043,0.0158
RE1,PWRHYD004,2044,0.0158
RE1,PWRHYD004,2045,0.0158
RE1,PWRHYD004,2046,0.0158
RE1,PWRHYD004,2047,0.0158
RE1,PWRHYD004,2048,0.0158
RE1,PWRHYD004,2049,0.0158
RE1,PWRHYD004,2050,0.0158
RE1,PWROHC001,2015,0.1744
RE1,PWROHC001,2016,0.1744
RE1,PWROHC001,2017,0.1744
RE1,PWROHC001,2018,0.1581
RE1,PWROHC001,2019,0.1581
RE1,PWROHC001,2020,0.0733
RE1,PWROHC001,2021,0.0733
RE1,PWROHC001,2022,0.0733
RE1,PWROHC001,2023,0.0733
RE1,PWROHC001,2024,0.0733
RE1,PWROHC001,2025,0.0733
RE1,PWROHC001,2026,0.0733
RE1,PWROHC001,2027,0.0733
RE1,PWROHC001,2028,0.0733
RE1,PWROHC001,2029,0.0733
RE1,PWROHC001,2030,0.0733
RE1,PWROHC001,2031,0.0733
RE1,PWROHC001,2032,0.0733
RE1,PWROHC001,2033,0.0733
RE1,PWROHC001,2034,0.0733
RE1,PWROHC001,2035,0.0733
RE1,PWROHC001,2036,0.0733
RE1,PWROHC001,2037,0.0733
RE1,PWROHC001,2038,0.0733
RE1,PWROHC001,2039,0.0733
RE1,PWROHC001,2040,0.0733
RE1,PWROHC001,2041,0.0733
RE1,PWROHC001,2042,0.0733
RE1,PWROHC001,2043,0.0733
RE1,PWROHC001,2044,0.0733
RE1,PWROHC001,2045,0.0733
RE1,PWROHC001,2046,0.0733
RE1,PWROHC001,2047,0.0733
RE1,PWROHC001,2048,0.0733
RE1,PWROHC001,2049,0.0733
RE1,PWROHC001,2050,0.0733
RE1,PWROHC002,2015,3.0305
RE1,PWROHC002,2016,3.0305
RE1,PWROHC002,2017,3.0305
RE1,PWROHC002,2018,3.0305
RE1,PWROHC002,2019,3.0305
RE1,PWROHC002,2020,3.0305
RE1,PWROHC002,2021,3.0305
RE1,PWROHC002,2022,3.0305
RE1,PWROHC002,2023,3.0305
RE1,PWROHC002,2024,3.0305
RE1,PWROHC002,2025,3.0305
RE1,PWROHC002,2026,3.0305
RE1,PWROHC002,2027,3.0305
RE1,PWROHC002,2028,3.0305
RE1,PWROHC002,2029,3.0305
RE1,PWROHC002,2030,3.0305
RE1,PWROHC002,2031,3.0305
RE1,PWROHC002,2032,3.0305
RE1,PWROHC002,2033,3.0305
RE1,PWROHC002,2034,3.0305
RE1,PWROHC002,2035,3.0305
RE1,PWROHC002,2036,3.0305
RE1,PWROHC002,2037,3.0305
RE1,PWROHC002,2038,3.0305
RE1,PWROHC002,2039,3.0305
RE1,PWROHC002,2040,3.0305
RE1,PWROHC002,2041,3.0305
RE1,PWROHC002,2042,3.0305
RE1,PWROHC002,2043,3.0305
RE1,PWROHC002,2044,3.0305
RE1,PWROHC002,2045,3.0305
RE1,PWROHC002,2046,3.0305
RE1,PWROHC002,2047,3.0305
RE1,PWROHC002,2048,3.0305
RE1,PWROHC002,2049,3.0305
RE1,PWROHC002,2050,3.0305
RE1,PWROHC003,2015,1.14
RE1,PWROHC003,2016,1.14
RE1,PWROHC003,2017,1.14
RE1,PWROHC003,2018,1.14
RE1,PWROHC003,2019,1.14
RE1,PWROHC003,2020,1.14
RE1,PWROHC003,2021,1.14
RE1,PWROHC003,2022,1.14
RE1,PWROHC003,2023,1.14
RE1,PWROHC003,2024,1.14
RE1,PWROHC003,2025,1.14
RE1,PWROHC003,2026,1.14
RE1,PWROHC003,2027,1.14
RE1,PWROHC003,2028,1.14
RE1,PWROHC003,2029,1.14
RE1,PWROHC003,2030,1.14
RE1,PWROHC003,2031,1.14
RE1,PWROHC003,2032,1.14
RE1,PWROHC003,2033,1.14
RE1,PWROHC003,2034,1.14
RE1,PWROHC003,2035,1.14
RE1,PWROHC003,2036,1.14
RE1,PWROHC003,2037,1.14
RE1,PWROHC003,2038,1.14
RE1,PWROHC003,2039,1.14
RE1,PWROHC003,2040,1.14
RE1,PWROHC003,2041,1.14
RE1,PWROHC003,2042,1.14
RE1,PWROHC003,2043,1.14
RE1,PWROHC003,2044,1.14
RE1,PWROHC003,2045,1.14
RE1,PWRSOL001,2019,0.6923
RE1,PWRSOL001,2020,0.6213
RE1,PWRSOL001,2021,0.5858
RE1,PWRSOL001,2022,0.5503
RE1,PWRSOL001,2023,0.5147
RE1,PWRSOL001,2024,0.4792
RE1,PWRSOL001,2025,3.5203
RE1,PWRSOL001,2026,8.7453
RE1,PWRSOL001,2027,10.7811
RE1,PWRSOL001,2028,12.3327
RE1,PWRSOL001,2029,13.2781
RE1,PWRSOL001,2030,14.0356
RE1,PWRSOL001,2031,14.7541
RE1,PWRSOL001,2032,15.2766
RE1,PWRSOL001,2033,15.6537
RE1,PWRSOL001,2034,16.8639
RE1,PWRSOL001,2035,17.9773
RE1,PWRSOL001,2036,18.9969
RE1,PWRSOL001,2037,19.7447
RE1,PWRSOL001,2038,20.5666
RE1,PWRSOL001,2039,21.3415
RE1,PWRSOL001,2040,22.1428
RE1,PWRSOL001,2041,22.2211
RE1,PWRSOL001,2042,22.3378
RE1,PWRSOL001,2043,23.1633
RE1,PWRSOL001,2044,24.513
RE1,PWRSOL001,2045,25.9423
RE1,PWRSOL001,2046,27.2895
RE1,PWRSOL001,2047,28.5109
RE1,PWRSOL001,2048,30.1116
RE1,PWRSOL001,2049,31.9569
RE1,PWRSOL001,2050,34.2757
RE1,PWRSOL002,2015,0.0021
RE1,PWRSOL002,2016,0.003
RE1,PWRSOL002,2017,0.0028
RE1,PWRSOL002,2018,0.0333
RE1,PWRSOL002,2019,0.2001
RE1,PWRSOL002,2020,0.1792
RE1,PWRSOL002,2021,0.1717
RE1,PWRSOL002,2022,0.1642
RE1,PWRSOL002,2023,0.1567
RE1,PWRSOL002,2024,0.1492
RE1,PWRSOL002,2025,0.1417
RE1,PWRSOL002,2026,0.1357
RE1,PWRSOL002,2027,0.1298
RE1,PWRSOL002,2028,0.1239
RE1,PWRSOL002,2029,0.1179
RE1,PWRSOL002,2030,0.112
RE1,PWRSOL002,2031,0.1093
RE1,PWRSOL002,2032,0.1066
RE1,PWRSOL002,2033,0.1039
RE1,PWRSOL002,2034,0.1013
RE1,PWRSOL002,2035,0.0986
RE1,PWRSOL002,2036,0.0962
RE1,PWRSOL002,2037,0.0938
RE1,PWRSOL002,2038,0.0908
RE1,PWRSOL002,2039,0.0884
RE1,PWRSOL002,2040,0.0861
RE1,PWRSOL002,2041,0.0857
RE1,PWRSOL002,2042,0.0857
RE1,PWRSOL002,2043,0.0737
RE1,PWRWND001,2035,4.2888
RE1,PWRWND001,2036,8.3126
RE1,PWRWND001,2037,9.323
RE1,PWRWND001,2038,10.3602
RE1,PWRWND001,2039,11.4097
RE1,PWRWND001,2040,12.482
RE1,PWRWND001,2041,13.7672
RE1,PWRWND001,2042,15.1459
RE1,PWRWND001,2043,16.2556
RE1,PWRWND001,2044,17.4856
RE1,PWRWND001,2045,19.0074
RE1,PWRWND001,2046,21.1583
RE1,PWRWND001,2047,23.3163
RE1,PWRWND001,2048,31.4272
RE1,PWRWND001,2049,46.6064
RE1,PWRWND001,2050,53.3589
