r,t,y,CapitalInvestment
RE1,DEMAGRHEABIO,2026,0.4964
RE1,DEMAGRHEABIO,2027,0.5001
RE1,DEMAGRHEABIO,2028,0.5037
RE1,DEMAGRHEABIO,2029,0.5073
RE1,DEMAGRHEABIO,2030,0.5109
RE1,DEMAGRHEABIO,2031,0.572
RE1,DEMAGRHEABIO,2032,0.5767
RE1,DEMAGRHEABIO,2033,0.5813
RE1,DEMAGRHEABIO,2034,0.5861
RE1,DEMAGRHEABIO,2035,0.5907
RE1,DEMAGRHEABIO,2036,0.3548
RE1,DEMAGRHEABIO,2037,0.3604
RE1,DEMAGRHEABIO,2038,0.3661
RE1,DEMAGRHEABIO,2039,0.3717
RE1,DEMAGRHEABIO,2040,0.3773
RE1,DEMAGRHEABIO,2041,0.9628
RE1,DEMAGRHEABIO,2042,0.9733
RE1,DEMAGRHEABIO,2043,0.9839
RE1,DEMAGRHEABIO,2044,0.9944
RE1,DEMAGRHEABIO,2045,1.005
RE1,DEMAGRHEABIO,2046,1.1884
RE1,DEMAGRHEABIO,2047,1.202
RE1,DEMAGRHEABIO,2048,1.2154
RE1,DEMAGRHEABIO,2049,1.2287
RE1,DEMAGRHEABIO,2050,1.2422
RE1,DEMAGRHEAGSL,2015,2.658
RE1,DEMAGRHEAGSL,2016,0.0738
RE1,DEMAGRHEAGSL,2017,0.0738
RE1,DEMAGRHEAGSL,2018,0.0738
RE1,DEMAGRHEAGSL,2019,0.0738
RE1,DEMAGRHEAGSL,2023,0.1952
RE1,DEMAGRHEAGSL,2024,0.2139
RE1,DEMAGRHEAGSL,2025,0.2178
RE1,DEMAGRHEAGSL,2030,0.8679
RE1,DEMAGRIRRELC,2015,4803.9019
RE1,DEMAGRIRRELC,2016,130.3112
RE1,DEMAGRIRRELC,2017,127.1808
RE1,DEMAGRIRRELC,2018,124.0503
RE1,DEMAGRIRRELC,2019,120.9198
RE1,DEMAGRIRRELC,2022,281.3541
RE1,DEMAGRIRRELC,2023,329.3296
RE1,DEMAGRIRRELC,2024,325.7914
RE1,DEMAGRIRRELC,2025,321.8979
RE1,DEMAGRIRRELC,2026,373.8715
RE1,DEMAGRIRRELC,2027,368.6568
RE1,DEMAGRIRRELC,2028,363.0107
RE1,DEMAGRIRRELC,2029,356.9331
RE1,DEMAGRIRRELC,2030,3463.8662
RE1,DEMAGRIRRELC,2031,513.5059
RE1,DEMAGRIRRELC,2032,501.4455
RE1,DEMAGRIRRELC,2033,488.8212
RE1,DEMAGRIRRELC,2034,475.633
RE1,DEMAGRIRRELC,2035,391.0489
RE1,DEMAGRIRRELC,2036,435.4034
RE1,DEMAGRIRRELC,2037,585.0059
RE1,DEMAGRIRRELC,2038,594.8224
RE1,DEMAGRIRRELC,2039,574.0014
RE1,DEMAGRIRRELC,2040,552.1618
RE1,DEMAGRIRRELC,2041,641.3661
RE1,DEMAGRIRRELC,2042,612.7767
RE1,DEMAGRIRRELC,2043,582.9094
RE1,DEMAGRIRRELC,2044,551.764
RE1,DEMAGRIRRELC,2045,1942.323
RE1,DEMAGRIRRELC,2046,636.9132
RE1,DEMAGRIRRELC,2047,590.8692
RE1,DEMAGRIRRELC,2048,543.1809
RE1,DEMAGRIRRELC,2049,493.8482
RE1,DEMAGRIRRELC,2050,418.9959
RE1,DEMAGRMACGSL,2015,0.0
RE1,DEMAGRMACGSL,2026,0.0
RE1,DEMAGRMACGSL,2027,0.0
RE1,DEMAGRMACGSL,2028,0.0
RE1,DEMAGRMACGSL,2029,0.0
RE1,DEMAGRMACGSL,2030,0.0
RE1,DEMAGRMACGSL,2031,0.0
RE1,DEMAGRMACGSL,2032,0.0
RE1,DEMAGRMACGSL,2033,0.0
RE1,DEMAGRMACGSL,2034,0.0
RE1,DEMAGRMACGSL,2035,0.0
RE1,DEMAGRMACGSL,2036,0.0
RE1,DEMAGRMACGSL,2037,0.0
RE1,DEMAGRMACGSL,2038,0.0
RE1,DEMAGRMACGSL,2039,0.0
RE1,DEMAGRMACGSL,2040,0.0
RE1,DEMAGRMACGSL,2041,0.0
RE1,DEMAGRMACGSL,2042,0.0
RE1,DEMAGRMACGSL,2043,0.0
RE1,DEMAGRMACGSL,2044,0.0
RE1,DEMAGRMACGSL,2045,0.0
RE1,DEMAGRMACGSL,2047,0.0
RE1,DEMAGRMACGSL,2048,0.0
RE1,DEMCOMAPPELC,2015,0.0
RE1,DEMCOMAPPELC,2016,0.0
RE1,DEMCOMAPPELC,2017,0.0
RE1,DEMCOMAPPELC,2018,0.0
RE1,DEMCOMAPPELC,2019,0.0
RE1,DEMCOMAPPELC,2020,0.0
RE1,DEMCOMAPPELC,2021,0.0
RE1,DEMCOMAPPELC,2022,0.0
RE1,DEMCOMAPPELC,2023,0.0
RE1,DEMCOMAPPELC,2024,0.0
RE1,DEMCOMAPPELC,2025,0.0
RE1,DEMCOMAPPELC,2026,0.0
RE1,DEMCOMAPPELC,2027,0.0
RE1,DEMCOMAPPELC,2028,0.0
RE1,DEMCOMAPPELC,2029,0.0
RE1,DEMCOMAPPELC,2030,0.0
RE1,DEMCOMAPPELC,2031,0.0
RE1,DEMCOMAPPELC,2032,0.0
RE1,DEMCOMAPPELC,2033,0.0
RE1,DEMCOMAPPELC,2034,0.0
RE1,DEMCOMAPPELC,2035,0.0
RE1,DEMCOMAPPELC,2036,0.0
RE1,DEMCOMAPPELC,2037,0.0
RE1,DEMCOMAPPELC,2038,0.0
RE1,DEMCOMAPPELC,2039,0.0
RE1,DEMCOMAPPELC,2040,0.0
RE1,DEMCOMAPPELC,2041,0.0
RE1,DEMCOMAPPELC,2042,0.0
RE1,DEMCOMAPPELC,2043,0.0
RE1,DEMCOMAPPELC,2044,0.0
RE1,DEMCOMAPPELC,2045,0.0
RE1,DEMCOMAPPELC,2046,0.0
RE1,DEMCOMAPPELC,2047,0.0
RE1,DEMCOMAPPELC,2048,0.0
RE1,DEMCOMAPPELC,2049,0.0
RE1,DEMCOMAPPELC,2050,0.0
RE1,DEMCOMOTHELC,2026,1.7938
RE1,DEMCOMOTHELC,2027,2.4268
RE1,DEMCOMOTHELC,2028,2.1097
RE1,DEMCOMOTHELC,2029,2.0925
RE1,DEMCOMOTHELC,2030,1.5554
RE1,DEMCOMOTHELC,2031,0.1569
RE1,DEMCOMOTHELC,2032,0.3198
RE1,DEMCOMOTHELC,2033,0.4158
RE1,DEMCOMOTHELC,2034,0.7305
RE1,DEMCOMOTHELC,2035,0.3836
RE1,DEMCOMOTHELC,2036,1.0283
RE1,DEMCOMOTHELC,2037,0.6507
RE1,DEMCOMOTHELC,2038,0.8944
RE1,DEMCOMOTHELC,2039,0.8975
RE1,DEMCOMOTHELC,2040,1.0594
RE1,DEMCOMOTHELC,2041,2.2629
RE1,DEMCOMOTHELC,2042,2.9618
RE1,DEMCOMOTHELC,2043,2.1611
RE1,DEMCOMOTHELC,2044,2.2163
RE1,DEMCOMOTHELC,2045,2.1075
RE1,DEMCOMOTHELC,2046,0.8419
RE1,DEMCOMOTHELC,2047,0.8628
RE1,DEMCOMOTHELC,2048,1.287
RE1,DEMCOMOTHELC,2049,2.6803
RE1,DEMCOMOTHELC,2050,1.6189
RE1,DEMCOMOTHGSL,2015,1.9741
RE1,DEMCOMOTHGSL,2016,0.0548
RE1,DEMCOMOTHGSL,2017,0.0548
RE1,DEMCOMOTHGSL,2018,0.0521
RE1,DEMCOMOTHGSL,2019,0.0521
RE1,DEMCOMOTHGSL,2021,0.0642
RE1,DEMCOMOTHGSL,2022,0.1491
RE1,DEMCOMOTHGSL,2023,0.1492
RE1,DEMCOMOTHGSL,2024,0.1493
RE1,DEMCOMOTHGSL,2025,0.1437
RE1,DEMCOPHEACOA,2026,10.5176
RE1,DEMCOPHEACOA,2027,10.5176
RE1,DEMCOPHEACOA,2028,10.5176
RE1,DEMCOPHEACOA,2029,10.5176
RE1,DEMCOPHEACOA,2030,10.5176
RE1,DEMCOPHEACOA,2031,3.2285
RE1,DEMCOPHEACOA,2032,3.2285
RE1,DEMCOPHEACOA,2033,3.2285
RE1,DEMCOPHEACOA,2034,0.3493
RE1,DEMCOPHEACOA,2036,3.2376
RE1,DEMCOPHEACOA,2041,10.6205
RE1,DEMCOPHEACOA,2042,10.2328
RE1,DEMCOPHEACOA,2043,14.2853
RE1,DEMCOPHEACOA,2044,14.8543
RE1,DEMCOPHEACOA,2045,15.3647
RE1,DEMCOPHEACOA,2046,6.3341
RE1,DEMCOPHEACOA,2047,9.4147
RE1,DEMCOPHEACOA,2048,9.4147
RE1,DEMCOPHEACOA,2049,9.6788
RE1,DEMCOPHEACOA,2050,12.7984
RE1,DEMCOPHEAELC,2034,1.9155
RE1,DEMCOPHEAELC,2035,2.1479
RE1,DEMCOPHEAELC,2037,2.3144
RE1,DEMCOPHEAELC,2038,2.4426
RE1,DEMCOPHEAELC,2039,2.1861
RE1,DEMCOPHEAELC,2040,2.7483
RE1,DEMCOPHEAELC,2041,2.4571
RE1,DEMCOPHEAELC,2042,3.1273
RE1,DEMCOPHEAELC,2043,0.6578
RE1,DEMCOPHEAELC,2044,0.311
RE1,DEMCOPHEAELC,2046,1.8773
RE1,DEMCOPHEAGSL,2015,27.8359
RE1,DEMCOPHEAGSL,2016,0.7732
RE1,DEMCOPHEAGSL,2017,0.7732
RE1,DEMCOPHEAGSL,2018,0.7732
RE1,DEMCOPHEAGSL,2019,0.7732
RE1,DEMCOPHEAGSL,2021,1.1725
RE1,DEMCOPHEAGSL,2022,2.0339
RE1,DEMCOPHEAGSL,2023,2.0339
RE1,DEMCOPHEAGSL,2024,2.0339
RE1,DEMCOPHEAGSL,2025,2.0339
RE1,DEMCOPMOTELC,2015,0.0001
RE1,DEMCOPMOTELC,2016,0.0
RE1,DEMCOPMOTELC,2017,0.0
RE1,DEMCOPMOTELC,2018,0.0
RE1,DEMCOPMOTELC,2019,0.0
RE1,DEMCOPMOTELC,2020,0.0
RE1,DEMCOPMOTELC,2021,0.0
RE1,DEMCOPMOTELC,2022,0.0
RE1,DEMCOPMOTELC,2023,0.0
RE1,DEMCOPMOTELC,2024,0.0
RE1,DEMCOPMOTELC,2025,0.0001
RE1,DEMCOPMOTELC,2026,0.0
RE1,DEMCOPMOTELC,2027,0.0
RE1,DEMCOPMOTELC,2028,0.0
RE1,DEMCOPMOTELC,2029,0.0
RE1,DEMCOPMOTELC,2030,0.0
RE1,DEMCOPMOTELC,2031,0.0
RE1,DEMCOPMOTELC,2032,0.0
RE1,DEMCOPMOTELC,2033,0.0
RE1,DEMCOPMOTELC,2034,0.0
RE1,DEMCOPMOTELC,2035,0.0001
RE1,DEMCOPMOTELC,2036,0.0
RE1,DEMCOPMOTELC,2037,0.0
RE1,DEMCOPMOTELC,2038,0.0
RE1,DEMCOPMOTELC,2039,0.0
RE1,DEMCOPMOTELC,2040,0.0
RE1,DEMCOPMOTELC,2041,0.0
RE1,DEMCOPMOTELC,2042,0.0
RE1,DEMCOPMOTELC,2043,0.0
RE1,DEMCOPMOTELC,2044,0.0
RE1,DEMCOPMOTELC,2045,0.0001
RE1,DEMCOPMOTELC,2046,0.0
RE1,DEMCOPMOTELC,2047,0.0
RE1,DEMCOPMOTELC,2048,0.0
RE1,DEMCOPMOTELC,2049,0.0
RE1,DEMCOPMOTELC,2050,0.0
RE1,DEMCOPVEHGSL,2015,0.0
RE1,DEMCOPVEHGSL,2016,0.0
RE1,DEMCOPVEHGSL,2017,0.0
RE1,DEMCOPVEHGSL,2018,0.0
RE1,DEMCOPVEHGSL,2019,0.0
RE1,DEMCOPVEHGSL,2021,0.0
RE1,DEMCOPVEHGSL,2022,0.0
RE1,DEMCOPVEHGSL,2023,0.0
RE1,DEMCOPVEHGSL,2024,0.0
RE1,DEMCOPVEHGSL,2025,0.0
RE1,DEMCOPVEHGSL,2026,0.0
RE1,DEMCOPVEHGSL,2027,0.0
RE1,DEMCOPVEHGSL,2028,0.0
RE1,DEMCOPVEHGSL,2029,0.0
RE1,DEMCOPVEHGSL,2030,0.0
RE1,DEMCOPVEHGSL,2031,0.0
RE1,DEMCOPVEHGSL,2032,0.0
RE1,DEMCOPVEHGSL,2033,0.0
RE1,DEMCOPVEHGSL,2034,0.0
RE1,DEMCOPVEHGSL,2035,0.0
RE1,DEMCOPVEHGSL,2036,0.0
RE1,DEMCOPVEHGSL,2037,0.0
RE1,DEMCOPVEHGSL,2038,0.0
RE1,DEMCOPVEHGSL,2039,0.0
RE1,DEMCOPVEHGSL,2040,0.0
RE1,DEMCOPVEHGSL,2041,0.0
RE1,DEMCOPVEHGSL,2042,0.0
RE1,DEMCOPVEHGSL,2043,0.0
RE1,DEMCOPVEHGSL,2044,0.0
RE1,DEMCOPVEHGSL,2045,0.0
RE1,DEMCOPVEHGSL,2046,0.0
RE1,DEMCOPVEHGSL,2047,0.0
RE1,DEMCOPVEHGSL,2048,0.0
RE1,DEMCOPVEHGSL,2049,0.0
RE1,DEMCOPVEHGSL,2050,0.0
RE1,DEMINDHEABIO,2015,236.6744
RE1,DEMINDHEABIO,2016,6.5743
RE1,DEMINDHEABIO,2017,6.5743
RE1,DEMINDHEABIO,2018,6.5743
RE1,DEMINDHEABIO,2019,6.5743
RE1,DEMINDHEABIO,2020,0.1588
RE1,DEMINDHEABIO,2021,17.393
RE1,DEMINDHEABIO,2022,17.3415
RE1,DEMINDHEABIO,2023,17.29
RE1,DEMINDHEABIO,2024,17.2385
RE1,DEMINDHEABIO,2025,17.187
RE1,DEMINDHEABIO,2026,35.1329
RE1,DEMINDHEABIO,2027,35.0606
RE1,DEMINDHEABIO,2028,34.9882
RE1,DEMINDHEABIO,2029,34.9159
RE1,DEMINDHEABIO,2030,271.518
RE1,DEMINDHEABIO,2031,37.9585
RE1,DEMINDHEABIO,2032,17.6395
RE1,DEMINDHEABIO,2033,6.5743
RE1,DEMINDHEABIO,2034,6.5743
RE1,DEMINDHEABIO,2035,0.1588
RE1,DEMINDHEABIO,2036,17.393
RE1,DEMINDHEABIO,2037,17.3415
RE1,DEMINDHEABIO,2038,17.29
RE1,DEMINDHEABIO,2039,17.2385
RE1,DEMINDHEABIO,2040,17.187
RE1,DEMINDHEABIO,2041,35.1329
RE1,DEMINDHEABIO,2042,35.0606
RE1,DEMINDHEABIO,2043,34.9882
RE1,DEMINDHEABIO,2044,34.9159
RE1,DEMINDHEABIO,2045,271.518
RE1,DEMINDHEABIO,2046,37.9585
RE1,DEMINDHEABIO,2047,17.6395
RE1,DEMINDHEABIO,2048,6.5743
RE1,DEMINDHEABIO,2049,6.5743
RE1,DEMINDHEABIO,2050,0.1588
RE1,DEMINDHEACOA,2015,23.0018
RE1,DEMINDHEACOA,2016,0.6389
RE1,DEMINDHEACOA,2017,0.6389
RE1,DEMINDHEACOA,2018,0.6389
RE1,DEMINDHEACOA,2019,0.6389
RE1,DEMINDHEACOA,2020,0.0154
RE1,DEMINDHEACOA,2021,1.6904
RE1,DEMINDHEACOA,2022,1.6854
RE1,DEMINDHEACOA,2023,1.6804
RE1,DEMINDHEACOA,2024,1.6754
RE1,DEMINDHEACOA,2025,1.6704
RE1,DEMINDHEACOA,2032,10.5292
RE1,DEMINDHEACOA,2033,31.834
RE1,DEMINDHEACOA,2034,31.7395
RE1,DEMINDHEACOA,2035,27.7909
RE1,DEMINDHEACOA,2036,38.0429
RE1,DEMINDHEACOA,2037,35.5483
RE1,DEMINDHEACOA,2038,32.8252
RE1,DEMINDHEACOA,2039,32.6153
RE1,DEMINDHEACOA,2040,30.7433
RE1,DEMINDHEACOA,2041,46.6007
RE1,DEMINDHEACOA,2042,45.8178
RE1,DEMINDHEACOA,2043,45.9963
RE1,DEMINDHEACOA,2044,45.8544
RE1,DEMINDHEACOA,2045,43.274
RE1,DEMINDHEACOA,2046,58.6137
RE1,DEMINDHEACOA,2047,68.9618
RE1,DEMINDHEACOA,2048,90.0854
RE1,DEMINDHEACOA,2049,89.8097
RE1,DEMINDHEACOA,2050,92.0786
RE1,DEMINDHEAELC,2035,2.1493
RE1,DEMINDHEAELC,2037,1.523
RE1,DEMINDHEAELC,2038,3.1262
RE1,DEMINDHEAELC,2039,3.4427
RE1,DEMINDHEAELC,2040,4.0457
RE1,DEMINDHEAELC,2045,1.486
RE1,DEMINDHEAHFO,2015,14.0278
RE1,DEMINDHEAHFO,2016,0.3897
RE1,DEMINDHEAHFO,2017,0.3897
RE1,DEMINDHEAHFO,2018,0.3897
RE1,DEMINDHEAHFO,2019,0.3897
RE1,DEMINDHEAHFO,2020,0.0094
RE1,DEMINDHEAHFO,2021,1.0309
RE1,DEMINDHEAHFO,2022,1.0278
RE1,DEMINDHEAHFO,2023,1.0248
RE1,DEMINDHEAHFO,2024,1.0217
RE1,DEMINDHEAHFO,2025,1.0187
RE1,DEMINDMOTELC,2015,0.0
RE1,DEMINDMOTELC,2016,0.0
RE1,DEMINDMOTELC,2017,0.0
RE1,DEMINDMOTELC,2018,0.0
RE1,DEMINDMOTELC,2019,0.0
RE1,DEMINDMOTELC,2020,0.0
RE1,DEMINDMOTELC,2021,0.0
RE1,DEMINDMOTELC,2022,0.0
RE1,DEMINDMOTELC,2023,0.0
RE1,DEMINDMOTELC,2024,0.0
RE1,DEMINDMOTELC,2025,0.0
RE1,DEMINDMOTELC,2026,0.0
RE1,DEMINDMOTELC,2027,0.0
RE1,DEMINDMOTELC,2028,0.0
RE1,DEMINDMOTELC,2029,0.0
RE1,DEMINDMOTELC,2030,0.0
RE1,DEMINDMOTELC,2031,0.0
RE1,DEMINDMOTELC,2032,0.0
RE1,DEMINDMOTELC,2033,0.0
RE1,DEMINDMOTELC,2034,0.0
RE1,DEMINDMOTELC,2035,0.0
RE1,DEMINDMOTELC,2036,0.0
RE1,DEMINDMOTELC,2037,0.0
RE1,DEMINDMOTELC,2038,0.0
RE1,DEMINDMOTELC,2039,0.0
RE1,DEMINDMOTELC,2040,0.0
RE1,DEMINDMOTELC,2041,0.0
RE1,DEMINDMOTELC,2042,0.0
RE1,DEMINDMOTELC,2043,0.0
RE1,DEMINDMOTELC,2044,0.0
RE1,DEMINDMOTELC,2045,0.0
RE1,DEMINDMOTELC,2046,0.0
RE1,DEMINDMOTELC,2047,0.0
RE1,DEMINDMOTELC,2048,0.0
RE1,DEMINDMOTELC,2049,0.0
RE1,DEMINDMOTELC,2050,0.0
RE1,DEMRESCOOELC,2015,0.0
RE1,DEMRESCOOELC,2016,0.0
RE1,DEMRESCOOELC,2017,0.0
RE1,DEMRESCOOELC,2018,0.0
RE1,DEMRESCOOELC,2019,0.0
RE1,DEMRESCOOELC,2020,0.0
RE1,DEMRESCOOELC,2021,0.0
RE1,DEMRESCOOELC,2022,0.0
RE1,DEMRESCOOELC,2023,0.0
RE1,DEMRESCOOELC,2024,0.0
RE1,DEMRESCOOELC,2025,0.0
RE1,DEMRESCOOELC,2026,0.0
RE1,DEMRESCOOELC,2027,0.0
RE1,DEMRESCOOELC,2028,0.0
RE1,DEMRESCOOELC,2029,0.0
RE1,DEMRESCOOELC,2030,0.0
RE1,DEMRESCOOELC,2031,0.0
RE1,DEMRESCOOELC,2032,0.0
RE1,DEMRESCOOELC,2033,0.0
RE1,DEMRESCOOELC,2034,0.0
RE1,DEMRESCOOELC,2035,0.0
RE1,DEMRESCOOELC,2036,0.0
RE1,DEMRESCOOELC,2037,0.0
RE1,DEMRESCOOELC,2038,0.0
RE1,DEMRESCOOELC,2039,0.0
RE1,DEMRESCOOELC,2040,0.0
RE1,DEMRESCOOELC,2041,0.0
RE1,DEMRESCOOELC,2042,0.0
RE1,DEMRESCOOELC,2043,0.0
RE1,DEMRESCOOELC,2044,0.0
RE1,DEMRESCOOELC,2045,0.0
RE1,DEMRESCOOELC,2046,0.0
RE1,DEMRESCOOELC,2047,0.0
RE1,DEMRESCOOELC,2048,0.0
RE1,DEMRESCOOELC,2049,0.0
RE1,DEMRESCOOELC,2050,0.0
RE1,DEMRESHCKBGS,2049,0.108
RE1,DEMRESHCKBGS,2050,0.519
RE1,DEMRESHCKBIO,2015,0.4471
RE1,DEMRESHCKBIO,2016,0.0124
RE1,DEMRESHCKBIO,2017,0.0124
RE1,DEMRESHCKBIO,2018,0.0128
RE1,DEMRESHCKBIO,2019,0.0128
RE1,DEMRESHCKBIO,2020,0.0121
RE1,DEMRESHCKBIO,2021,0.009
RE1,DEMRESHCKBIO,2022,0.0094
RE1,DEMRESHCKBIO,2023,0.0097
RE1,DEMRESHCKBIO,2024,0.0101
RE1,DEMRESHCKBIO,2025,0.4577
RE1,DEMRESHCKBIO,2026,0.0227
RE1,DEMRESHCKBIO,2027,0.0231
RE1,DEMRESHCKBIO,2028,0.0239
RE1,DEMRESHCKBIO,2029,0.0243
RE1,DEMRESHCKBIO,2030,0.024
RE1,DEMRESHCKBIO,2031,0.0208
RE1,DEMRESHCKBIO,2032,0.0215
RE1,DEMRESHCKBIO,2033,0.0223
RE1,DEMRESHCKBIO,2034,0.0231
RE1,DEMRESHCKBIO,2035,0.4711
RE1,DEMRESHCKBIO,2036,0.0351
RE1,DEMRESHCKBIO,2037,0.0358
RE1,DEMRESHCKBIO,2038,0.037
RE1,DEMRESHCKBIO,2039,0.0377
RE1,DEMRESHCKBIO,2040,0.0379
RE1,DEMRESHCKBIO,2041,0.0322
RE1,DEMRESHCKBIO,2042,0.0333
RE1,DEMRESHCKBIO,2043,0.0345
RE1,DEMRESHCKBIO,2044,0.0357
RE1,DEMRESHCKBIO,2045,0.484
RE1,DEMRESHCKBIO,2046,0.047
RE1,DEMRESHCKBIO,2047,0.0481
RE1,DEMRESHCKBIO,2048,0.0496
RE1,DEMRESHCKBIO,2049,0.0454
RE1,DEMRESHCKBIO,2050,0.0257
RE1,DEMRESHCKELC,2015,1.8052
RE1,DEMRESHCKELC,2020,0.0759
RE1,DEMRESHCKELC,2021,0.4288
RE1,DEMRESHCKELC,2022,0.4301
RE1,DEMRESHCKELC,2023,0.4301
RE1,DEMRESHCKELC,2024,0.4301
RE1,DEMRESHCKELC,2025,2.8617
RE1,DEMRESHCKELC,2026,1.9343
RE1,DEMRESHCKELC,2027,1.0049
RE1,DEMRESHCKELC,2028,0.8628
RE1,DEMRESHCKELC,2029,0.6367
RE1,DEMRESHCKELC,2030,0.6549
RE1,DEMRESHCKELC,2031,1.0309
RE1,DEMRESHCKELC,2032,0.8459
RE1,DEMRESHCKELC,2033,0.7748
RE1,DEMRESHCKELC,2034,1.2719
RE1,DEMRESHCKELC,2035,4.2357
RE1,DEMRESHCKELC,2036,2.8072
RE1,DEMRESHCKELC,2037,1.9982
RE1,DEMRESHCKELC,2038,2.2377
RE1,DEMRESHCKELC,2039,2.2531
RE1,DEMRESHCKELC,2040,3.6662
RE1,DEMRESHCKELC,2041,1.8732
RE1,DEMRESHCKELC,2042,2.2841
RE1,DEMRESHCKELC,2043,1.9663
RE1,DEMRESHCKELC,2044,2.1306
RE1,DEMRESHCKELC,2045,5.0672
RE1,DEMRESHCKELC,2046,2.7504
RE1,DEMRESHCKELC,2047,1.4086
RE1,DEMRESHCKELC,2048,2.0221
RE1,DEMRESHCKELC,2049,4.8705
RE1,DEMRESHCKELC,2050,6.3345
RE1,DEMRESHCKLPG,2015,0.0089
RE1,DEMRESHCKLPG,2016,0.0002
RE1,DEMRESHCKLPG,2017,0.0002
RE1,DEMRESHCKLPG,2018,0.0002
RE1,DEMRESHCKLPG,2019,0.0002
RE1,DEMRESHCKLPG,2021,0.0147
RE1,DEMRESHCKLPG,2022,0.0147
RE1,DEMRESHCKLPG,2023,0.0147
RE1,DEMRESHCKLPG,2024,0.0147
RE1,DEMRESHCKLPG,2025,0.0236
RE1,DEMRESHCKLPG,2026,0.0149
RE1,DEMRESHCKLPG,2027,0.0151
RE1,DEMRESHCKLPG,2028,0.0149
RE1,DEMRESHCKLPG,2029,0.0149
RE1,DEMRESHCKLPG,2030,0.0147
RE1,DEMRESHCKLPG,2031,0.0294
RE1,DEMRESHCKLPG,2032,0.0294
RE1,DEMRESHCKLPG,2033,0.0294
RE1,DEMRESHCKLPG,2034,0.0296
RE1,DEMRESHCKLPG,2035,0.0383
RE1,DEMRESHCKLPG,2036,0.0296
RE1,DEMRESHCKLPG,2037,0.0298
RE1,DEMRESHCKLPG,2038,0.0296
RE1,DEMRESHCKLPG,2039,0.0296
RE1,DEMRESHCKLPG,2040,0.0295
RE1,DEMRESHCKLPG,2041,0.0508
RE1,DEMRESHCKLPG,2042,0.0507
RE1,DEMRESHCKLPG,2043,0.0507
RE1,DEMRESHCKLPG,2044,0.0509
RE1,DEMRESHCKLPG,2045,0.0596
RE1,DEMRESHCKLPG,2046,0.0509
RE1,DEMRESHCKLPG,2047,0.0511
RE1,DEMRESHCKLPG,2048,0.0509
RE1,DEMRESHCKLPG,2049,0.0509
RE1,DEMRESHCKLPG,2050,0.0508
RE1,DEMRESLIGELC,2015,0.0
RE1,DEMRESLIGELC,2016,0.0
RE1,DEMRESLIGELC,2017,0.0
RE1,DEMRESLIGELC,2018,0.0
RE1,DEMRESLIGELC,2019,0.0
RE1,DEMRESLIGELC,2020,0.0
RE1,DEMRESLIGELC,2021,0.0
RE1,DEMRESLIGELC,2022,0.0
RE1,DEMRESLIGELC,2023,0.0
RE1,DEMRESLIGELC,2024,0.0
RE1,DEMRESLIGELC,2025,0.0
RE1,DEMRESLIGELC,2026,0.0
RE1,DEMRESLIGELC,2027,0.0
RE1,DEMRESLIGELC,2028,0.0
RE1,DEMRESLIGELC,2029,0.0
RE1,DEMRESLIGELC,2030,0.0
RE1,DEMRESLIGELC,2031,0.0
RE1,DEMRESLIGELC,2032,0.0
RE1,DEMRESLIGELC,2033,0.0
RE1,DEMRESLIGELC,2034,0.0
RE1,DEMRESLIGELC,2035,0.0
RE1,DEMRESLIGELC,2036,0.0
RE1,DEMRESLIGELC,2037,0.0
RE1,DEMRESLIGELC,2038,0.0
RE1,DEMRESLIGELC,2039,0.0
RE1,DEMRESLIGELC,2040,0.0
RE1,DEMRESLIGELC,2041,0.0
RE1,DEMRESLIGELC,2042,0.0
RE1,DEMRESLIGELC,2043,0.0
RE1,DEMRESLIGELC,2044,0.0
RE1,DEMRESLIGELC,2045,0.0
RE1,DEMRESLIGELC,2046,0.0
RE1,DEMRESLIGELC,2047,0.0
RE1,DEMRESLIGELC,2048,0.0
RE1,DEMRESLIGELC,2049,0.0
RE1,DEMRESLIGELC,2050,0.0
RE1,DEMTRABUSELC,2030,-0.0
RE1,DEMTRABUSELC,2031,0.0
RE1,DEMTRABUSELC,2033,0.0
RE1,DEMTRABUSELC,2041,53.8814
RE1,DEMTRABUSELC,2042,50.6407
RE1,DEMTRABUSELC,2043,47.4001
RE1,DEMTRABUSELC,2044,44.1594
RE1,DEMTRABUSELC,2045,40.9187
RE1,DEMTRABUSELC,2046,37.678
RE1,DEMTRABUSELC,2047,34.4373
RE1,DEMTRABUSELC,2048,31.1967
RE1,DEMTRABUSELC,2049,27.956
RE1,DEMTRABUSELC,2050,24.7153
RE1,DEMTRABUSGSL,2015,0.0
RE1,DEMTRABUSGSL,2016,0.0
RE1,DEMTRABUSGSL,2017,0.0
RE1,DEMTRABUSGSL,2018,0.0
RE1,DEMTRABUSGSL,2019,0.0
RE1,DEMTRABUSGSL,2021,0.0
RE1,DEMTRABUSGSL,2022,0.0
RE1,DEMTRABUSGSL,2023,0.0
RE1,DEMTRABUSGSL,2024,0.0
RE1,DEMTRABUSGSL,2025,0.0
RE1,DEMTRABUSGSL,2026,0.0
RE1,DEMTRABUSGSL,2028,0.0
RE1,DEMTRABUSGSL,2030,0.0
RE1,DEMTRABUSGSL,2031,0.0
RE1,DEMTRABUSGSL,2035,0.0
RE1,DEMTRABUSGSL,2036,0.0
RE1,DEMTRABUSGSL,2037,0.0
RE1,DEMTRABUSGSL,2038,0.0
RE1,DEMTRABUSGSL,2039,0.0
RE1,DEMTRABUSGSL,2040,0.0
RE1,DEMTRABUSGSL,2049,0.0
RE1,DEMTRABUSGSL,2050,0.0
RE1,DEMTRACARELC,2044,-0.0
RE1,DEMTRACARELC,2045,0.0
RE1,DEMTRACARELC,2049,239.6195
RE1,DEMTRACARELC,2050,0.0
RE1,DEMTRACARGSL,2015,0.0
RE1,DEMTRACARGSL,2016,0.0
RE1,DEMTRACARGSL,2017,0.0
RE1,DEMTRACARGSL,2018,0.0
RE1,DEMTRACARGSL,2019,0.0
RE1,DEMTRACARGSL,2021,0.0
RE1,DEMTRACARGSL,2022,0.0
RE1,DEMTRACARGSL,2023,0.0
RE1,DEMTRACARGSL,2024,0.0
RE1,DEMTRACARGSL,2025,0.0
RE1,DEMTRACARGSL,2026,0.0
RE1,DEMTRACARGSL,2027,0.0
RE1,DEMTRACARGSL,2028,0.0
RE1,DEMTRACARGSL,2029,0.0
RE1,DEMTRACARGSL,2030,0.0
RE1,DEMTRACARGSL,2033,0.0
RE1,DEMTRACARGSL,2034,0.0
RE1,DEMTRACARGSL,2035,0.0
RE1,DEMTRACARGSL,2036,0.0
RE1,DEMTRACARGSL,2037,0.0
RE1,DEMTRACARGSL,2038,0.0
RE1,DEMTRACARGSL,2039,0.0
RE1,DEMTRACARGSL,2040,0.0
RE1,DEMTRACARGSL,2041,0.0
RE1,DEMTRACARGSL,2042,0.0
RE1,DEMTRACARGSL,2043,0.0
RE1,DEMTRACARGSL,2044,0.0
RE1,DEMTRACARGSL,2045,0.0
RE1,DEMTRACARGSL,2046,0.0
RE1,DEMTRACARGSL,2047,0.0
RE1,DEMTRACARGSL,2048,0.0
RE1,DEMTRAEVC,2026,0.8017
RE1,DEMTRAEVC,2027,0.8065
RE1,DEMTRAEVC,2028,0.9122
RE1,DEMTRAEVC,2029,0.8505
RE1,DEMTRAEVC,2030,0.8559
RE1,DEMTRAEVC,2031,1.1797
RE1,DEMTRAEVC,2032,0.8023
RE1,DEMTRAEVC,2033,0.7184
RE1,DEMTRAEVC,2034,2.7374
RE1,DEMTRAEVC,2035,0.2255
RE1,DEMTRAEVC,2036,0.2198
RE1,DEMTRAEVC,2037,0.251
RE1,DEMTRAEVC,2038,0.2572
RE1,DEMTRAEVC,2039,0.2636
RE1,DEMTRAEVC,2040,0.2702
RE1,DEMTRAEVC,2041,0.775
RE1,DEMTRAEVC,2042,0.7811
RE1,DEMTRAEVC,2043,6.4538
RE1,DEMTRAEVC,2044,6.4601
RE1,DEMTRAEVC,2045,6.4665
RE1,DEMTRAEVC,2046,6.4534
RE1,DEMTRAEVC,2047,6.4593
RE1,DEMTRAEVC,2048,6.4653
RE1,DEMTRAEVC,2049,30.2975
RE1,DEMTRAEVC,2050,30.3038
RE1,DEMTRAFREELC,2043,520.3812
RE1,DEMTRAFREELC,2044,484.8035
RE1,DEMTRAFREELC,2045,449.2257
RE1,DEMTRAFREELC,2046,413.648
RE1,DEMTRAFREELC,2047,378.0702
RE1,DEMTRAFREELC,2048,342.4924
RE1,DEMTRAFREELC,2049,306.9146
RE1,DEMTRAFREELC,2050,271.3366
RE1,DEMTRAFREGSL,2015,0.0
RE1,DEMTRAFREGSL,2016,0.0
RE1,DEMTRAFREGSL,2017,0.0
RE1,DEMTRAFREGSL,2018,0.0
RE1,DEMTRAFREGSL,2019,0.0
RE1,DEMTRAFREGSL,2021,0.0
RE1,DEMTRAFREGSL,2022,0.0
RE1,DEMTRAFREGSL,2023,0.0
RE1,DEMTRAFREGSL,2024,0.0
RE1,DEMTRAFREGSL,2025,0.0
RE1,DEMTRAFREGSL,2026,0.0
RE1,DEMTRAFREGSL,2027,0.0
RE1,DEMTRAFREGSL,2028,0.0
RE1,DEMTRAFREGSL,2030,0.0
RE1,DEMTRAFREGSL,2031,0.0
RE1,DEMTRAFREGSL,2032,0.0
RE1,DEMTRAFREGSL,2033,0.0
RE1,DEMTRAFREGSL,2034,0.0
RE1,DEMTRAFREGSL,2035,0.0
RE1,DEMTRAFREGSL,2036,0.0
RE1,DEMTRAFREGSL,2037,0.0
RE1,DEMTRAFREGSL,2038,0.0
RE1,DEMTRAFREGSL,2039,0.0
RE1,DEMTRAFREGSL,2040,0.0
RE1,DEMTRAFREGSL,2041,0.0
RE1,DEMTRAFREGSL,2042,0.0
RE1,DEMTRAMCYELC,2026,2.0272
RE1,DEMTRAMCYELC,2027,1.7742
RE1,DEMTRAMCYELC,2028,1.7071
RE1,DEMTRAMCYELC,2029,1.3121
RE1,DEMTRAMCYELC,2030,1.0392
RE1,DEMTRAMCYELC,2031,1.0446
RE1,DEMTRAMCYELC,2032,0.4468
RE1,DEMTRAMCYELC,2033,0.164
RE1,DEMTRAMCYELC,2034,0.0
RE1,DEMTRAMCYELC,2035,0.0
RE1,DEMTRAMCYELC,2036,0.0
RE1,DEMTRAMCYELC,2037,0.0
RE1,DEMTRAMCYELC,2038,0.0
RE1,DEMTRAMCYELC,2039,0.0
RE1,DEMTRAMCYELC,2040,0.0
RE1,DEMTRAMCYELC,2041,0.0
RE1,DEMTRAMCYELC,2042,0.0
RE1,DEMTRAMCYELC,2043,0.0
RE1,DEMTRAMCYELC,2044,0.0
RE1,DEMTRAMCYELC,2045,0.0
RE1,DEMTRAMCYELC,2046,0.0
RE1,DEMTRAMCYELC,2047,0.0
RE1,DEMTRAMCYELC,2048,0.0
RE1,DEMTRAMCYELC,2049,0.0
RE1,DEMTRAMCYELC,2050,0.0
RE1,DEMTRAMCYGSL,2015,0.0
RE1,DEMTRAMCYGSL,2016,0.0
RE1,DEMTRAMCYGSL,2017,0.0
RE1,DEMTRAMCYGSL,2018,0.0
RE1,DEMTRAMCYGSL,2019,0.0
RE1,DEMTRAMCYGSL,2020,0.0
RE1,DEMTRAOTHGSL,2015,0.0
RE1,DEMTRAOTHGSL,2016,0.0
RE1,DEMTRAOTHGSL,2017,0.0
RE1,DEMTRAOTHGSL,2018,0.0
RE1,DEMTRAOTHGSL,2019,0.0
RE1,DEMTRAOTHGSL,2021,0.0
RE1,DEMTRAOTHGSL,2022,0.0
RE1,DEMTRAOTHGSL,2023,0.0
RE1,DEMTRAOTHGSL,2024,0.0
RE1,DEMTRAOTHGSL,2025,0.0
RE1,DEMTRAOTHGSL,2026,0.0
RE1,DEMTRAOTHGSL,2027,0.0
RE1,DEMTRAOTHGSL,2028,0.0
RE1,DEMTRAOTHGSL,2029,0.0
RE1,DEMTRAOTHGSL,2030,0.0
RE1,DEMTRAOTHGSL,2031,0.0
RE1,DEMTRAOTHGSL,2032,0.0
RE1,DEMTRAOTHGSL,2033,0.0
RE1,DEMTRAOTHGSL,2034,0.0
RE1,DEMTRAOTHGSL,2035,0.0
RE1,DEMTRAOTHGSL,2036,0.0
RE1,DEMTRAOTHGSL,2037,0.0
RE1,DEMTRAOTHGSL,2038,0.0
RE1,DEMTRAOTHGSL,2039,0.0
RE1,DEMTRAOTHGSL,2040,0.0
RE1,DEMTRAOTHGSL,2041,0.0
RE1,DEMTRAOTHGSL,2042,0.0
RE1,DEMTRAOTHGSL,2043,0.0
RE1,DEMTRAOTHGSL,2044,0.0
RE1,DEMTRAOTHGSL,2045,0.0
RE1,DEMTRAOTHGSL,2046,0.0
RE1,DEMTRAOTHGSL,2047,0.0
RE1,DEMTRAOTHGSL,2048,0.0
RE1,DEMTRAOTHGSL,2049,0.0
RE1,DEMTRAOTHGSL,2050,0.0
RE1,IMPBGS,2049,0.0
RE1,IMPBGS,2050,0.0001
RE1,IMPBIO,2017,0.002
RE1,IMPBIO,2020,0.002
RE1,IMPBIO,2023,0.002
RE1,IMPBIO,2024,0.002
RE1,IMPBIO,2025,0.0001
RE1,IMPBIO,2026,0.002
RE1,IMPBIO,2027,0.002
RE1,IMPBIO,2028,0.0005
RE1,IMPBIO,2029,0.0006
RE1,IMPBIO,2030,0.0007
RE1,IMPBIO,2031,0.0009
RE1,IMPBIO,2032,0.002
RE1,IMPBIO,2033,0.002
RE1,IMPBIO,2034,0.0012
RE1,IMPBIO,2035,0.0013
RE1,IMPBIO,2036,0.0014
RE1,IMPBIO,2037,0.002
RE1,IMPBIO,2038,0.002
RE1,IMPBIO,2039,0.002
RE1,IMPBIO,2040,0.002
RE1,IMPBIO,2041,0.0019
RE1,IMPBIO,2042,0.002
RE1,IMPBIO,2043,0.002
RE1,IMPBIO,2044,0.002
RE1,IMPBIO,2045,0.0022
RE1,IMPBIO,2046,0.0022
RE1,IMPBIO,2047,0.0022
RE1,IMPBIO,2048,0.0023
RE1,IMPBIO,2049,0.0023
RE1,IMPBIO,2050,0.0024
RE1,IMPCOA,2015,0.0002
RE1,IMPCOA,2016,0.0
RE1,IMPCOA,2018,0.0003
RE1,IMPCOA,2019,0.0003
RE1,IMPCOA,2022,0.0002
RE1,IMPCOA,2025,0.0001
RE1,IMPCOA,2026,0.0001
RE1,IMPCOA,2027,0.0002
RE1,IMPCOA,2028,0.0
RE1,IMPCOA,2029,0.0001
RE1,IMPCOA,2030,0.0003
RE1,IMPCOA,2031,0.0003
RE1,IMPCOA,2032,0.0003
RE1,IMPCOA,2033,0.0002
RE1,IMPCOA,2034,0.0003
RE1,IMPCOA,2035,0.0003
RE1,IMPCOA,2036,0.0004
RE1,IMPCOA,2037,0.0003
RE1,IMPCOA,2038,0.0003
RE1,IMPCOA,2040,0.0006
RE1,IMPCOA,2041,0.0003
RE1,IMPCOA,2042,0.001
RE1,IMPCOA,2043,0.0003
RE1,IMPCOA,2044,0.0009
RE1,IMPCOA,2045,0.0003
RE1,IMPCOA,2046,0.0011
RE1,IMPCOA,2047,0.0012
RE1,IMPCOA,2049,0.0015
RE1,IMPCOA,2050,0.0004
RE1,IMPGSL,2015,0.0004
RE1,IMPGSL,2016,0.0004
RE1,IMPGSL,2017,0.0004
RE1,IMPGSL,2018,0.0004
RE1,IMPGSL,2019,0.0004
RE1,IMPGSL,2020,0.0004
RE1,IMPGSL,2021,0.0004
RE1,IMPGSL,2022,0.0005
RE1,IMPGSL,2023,0.0005
RE1,IMPGSL,2024,0.0005
RE1,IMPGSL,2025,0.0005
RE1,IMPGSL,2026,0.0006
RE1,IMPGSL,2027,0.0006
RE1,IMPGSL,2028,0.0006
RE1,IMPGSL,2029,0.0006
RE1,IMPGSL,2030,0.0006
RE1,IMPGSL,2031,0.0006
RE1,IMPGSL,2032,0.0006
RE1,IMPGSL,2033,0.0007
RE1,IMPGSL,2034,0.0007
RE1,IMPGSL,2035,0.0007
RE1,IMPGSL,2036,0.0008
RE1,IMPGSL,2037,0.0008
RE1,IMPGSL,2038,0.0009
RE1,IMPGSL,2039,0.0009
RE1,IMPGSL,2040,0.001
RE1,IMPGSL,2041,0.001
RE1,IMPGSL,2042,0.001
RE1,IMPGSL,2043,0.0011
RE1,IMPGSL,2044,0.0011
RE1,IMPGSL,2045,0.0011
RE1,IMPGSL,2046,0.0011
RE1,IMPGSL,2047,0.0011
RE1,IMPGSL,2048,0.0011
RE1,IMPGSL,2049,0.0011
RE1,IMPGSL,2050,0.0011
RE1,IMPHFO,2015,0.0
RE1,IMPHFO,2016,0.0
RE1,IMPHFO,2017,0.0
RE1,IMPHFO,2018,0.0001
RE1,IMPHFO,2019,0.0001
RE1,IMPHFO,2020,0.0001
RE1,IMPHFO,2021,0.0001
RE1,IMPHFO,2022,0.0
RE1,IMPHFO,2023,0.0
RE1,IMPHFO,2024,0.0
RE1,IMPHFO,2025,0.0
RE1,IMPHFO,2026,0.0
RE1,IMPHFO,2027,0.0
RE1,IMPHFO,2028,0.0
RE1,IMPHFO,2029,0.0
RE1,IMPHFO,2034,0.0
RE1,IMPHFO,2050,0.0001
RE1,IMPLPG,2015,0.0
RE1,IMPLPG,2016,0.0
RE1,IMPLPG,2017,0.0
RE1,IMPLPG,2018,0.0
RE1,IMPLPG,2019,0.0
RE1,IMPLPG,2020,0.0
RE1,IMPLPG,2021,0.0
RE1,IMPLPG,2022,0.0
RE1,IMPLPG,2023,0.0
RE1,IMPLPG,2024,0.0
RE1,IMPLPG,2025,0.0
RE1,IMPLPG,2026,0.0
RE1,IMPLPG,2027,0.0
RE1,IMPLPG,2028,0.0
RE1,IMPLPG,2029,0.0
RE1,IMPLPG,2030,0.0
RE1,IMPLPG,2031,0.0
RE1,IMPLPG,2032,0.0
RE1,IMPLPG,2033,0.0
RE1,IMPLPG,2034,0.0
RE1,IMPLPG,2035,0.0
RE1,IMPLPG,2036,0.0
RE1,IMPLPG,2037,0.0
RE1,IMPLPG,2038,0.0
RE1,IMPLPG,2039,0.0
RE1,IMPLPG,2040,0.0
RE1,IMPLPG,2041,0.0
RE1,IMPLPG,2042,0.0
RE1,IMPLPG,2043,0.0
RE1,IMPLPG,2044,0.0
RE1,IMPLPG,2045,0.0
RE1,IMPLPG,2046,0.0
RE1,IMPLPG,2047,0.0
RE1,IMPLPG,2048,0.0
RE1,IMPLPG,2049,0.0
RE1,IMPLPG,2050,0.0
RE1,MINBIO,2015,0.002
RE1,MINBIO,2016,0.0021
RE1,MINBIO,2017,0.0001
RE1,MINBIO,2018,0.0022
RE1,MINBIO,2019,0.0022
RE1,MINBIO,2020,0.0003
RE1,MINBIO,2021,0.0023
RE1,MINBIO,2022,0.0024
RE1,MINBIO,2023,0.0005
RE1,MINBIO,2024,0.0006
RE1,MINBIO,2025,0.0026
RE1,MINBIO,2026,0.0008
RE1,MINBIO,2027,0.0009
RE1,MINBIO,2028,0.0026
RE1,MINBIO,2029,0.0026
RE1,MINBIO,2030,0.0026
RE1,MINBIO,2031,0.0026
RE1,MINBIO,2032,0.0016
RE1,MINBIO,2033,0.0017
RE1,MINBIO,2034,0.0026
RE1,MINBIO,2035,0.0026
RE1,MINBIO,2036,0.0026
RE1,MINBIO,2037,0.0021
RE1,MINBIO,2038,0.0022
RE1,MINBIO,2039,0.0023
RE1,MINBIO,2040,0.0024
RE1,MINBIO,2041,0.0026
RE1,MINBIO,2042,0.0026
RE1,MINBIO,2043,0.0026
RE1,MINBIO,2044,0.0027
RE1,MINBIO,2045,0.0027
RE1,MINBIO,2046,0.0027
RE1,MINBIO,2047,0.0028
RE1,MINBIO,2048,0.0029
RE1,MINBIO,2049,0.0029
RE1,MINBIO,2050,0.0028
RE1,MINCOA,2017,0.0003
RE1,MINCOA,2020,0.0003
RE1,MINCOA,2021,0.0003
RE1,MINCOA,2023,0.0001
RE1,MINCOA,2024,0.0001
RE1,MINCOA,2026,0.0001
RE1,MINCOA,2027,0.0001
RE1,MINCOA,2028,0.0003
RE1,MINCOA,2029,0.0003
RE1,MINCOA,2030,0.0001
RE1,MINCOA,2031,0.0001
RE1,MINCOA,2032,0.0001
RE1,MINCOA,2033,0.0003
RE1,MINCOA,2034,0.0003
RE1,MINCOA,2035,0.0003
RE1,MINCOA,2036,0.0003
RE1,MINCOA,2037,0.0004
RE1,MINCOA,2038,0.0005
RE1,MINCOA,2039,0.0008
RE1,MINCOA,2040,0.0003
RE1,MINCOA,2041,0.0007
RE1,MINCOA,2043,0.0008
RE1,MINCOA,2044,0.0003
RE1,MINCOA,2045,0.001
RE1,MINCOA,2046,0.0003
RE1,MINCOA,2047,0.0003
RE1,MINCOA,2048,0.0016
RE1,MINCOA,2049,0.0003
RE1,MINCOA,2050,0.0016
RE1,MINGEO,2030,0.0
RE1,MINGEO,2031,0.0
RE1,MINGEO,2032,0.0001
RE1,MINGEO,2033,0.0001
RE1,MINGEO,2034,0.0001
RE1,MINGEO,2035,0.0001
RE1,MINGEO,2036,0.0001
RE1,MINGEO,2037,0.0001
RE1,MINGEO,2038,0.0002
RE1,MINGEO,2039,0.0002
RE1,MINGEO,2040,0.0002
RE1,MINGEO,2041,0.0002
RE1,MINGEO,2042,0.0002
RE1,MINGEO,2043,0.0003
RE1,MINGEO,2044,0.0003
RE1,MINGEO,2045,0.0003
RE1,MINGEO,2046,0.0003
RE1,MINGEO,2047,0.0003
RE1,MINGEO,2048,0.0004
RE1,MINGEO,2049,0.0004
RE1,MINGEO,2050,0.0004
RE1,MINHYD,2015,0.0005
RE1,MINHYD,2016,0.0005
RE1,MINHYD,2017,0.0005
RE1,MINHYD,2018,0.0005
RE1,MINHYD,2019,0.0005
RE1,MINHYD,2020,0.0005
RE1,MINHYD,2021,0.0005
RE1,MINHYD,2022,0.0006
RE1,MINHYD,2023,0.0007
RE1,MINHYD,2024,0.0007
RE1,MINHYD,2025,0.0007
RE1,MINHYD,2026,0.0007
RE1,MINHYD,2027,0.0007
RE1,MINHYD,2028,0.0008
RE1,MINHYD,2029,0.0008
RE1,MINHYD,2030,0.0009
RE1,MINHYD,2031,0.0009
RE1,MINHYD,2032,0.0009
RE1,MINHYD,2033,0.0009
RE1,MINHYD,2034,0.001
RE1,MINHYD,2035,0.001
RE1,MINHYD,2036,0.001
RE1,MINHYD,2037,0.001
RE1,MINHYD,2038,0.001
RE1,MINHYD,2039,0.0011
RE1,MINHYD,2040,0.0011
RE1,MINHYD,2041,0.0011
RE1,MINHYD,2042,0.0012
RE1,MINHYD,2043,0.0012
RE1,MINHYD,2044,0.0013
RE1,MINHYD,2045,0.0013
RE1,MINHYD,2046,0.0014
RE1,MINHYD,2047,0.0015
RE1,MINHYD,2048,0.0015
RE1,MINHYD,2049,0.0015
RE1,MINHYD,2050,0.0015
RE1,MINSOL,2019,0.0
RE1,MINSOL,2020,0.0
RE1,MINSOL,2021,0.0
RE1,MINSOL,2022,0.0
RE1,MINSOL,2023,0.0
RE1,MINSOL,2024,0.0
RE1,MINSOL,2025,0.0001
RE1,MINSOL,2026,0.0002
RE1,MINSOL,2027,0.0003
RE1,MINSOL,2028,0.0004
RE1,MINSOL,2029,0.0004
RE1,MINSOL,2030,0.0004
RE1,MINSOL,2031,0.0005
RE1,MINSOL,2032,0.0005
RE1,MINSOL,2033,0.0005
RE1,MINSOL,2034,0.0006
RE1,MINSOL,2035,0.0006
RE1,MINSOL,2036,0.0007
RE1,MINSOL,2037,0.0007
RE1,MINSOL,2038,0.0007
RE1,MINSOL,2039,0.0008
RE1,MINSOL,2040,0.0008
RE1,MINSOL,2041,0.0008
RE1,MINSOL,2042,0.0008
RE1,MINSOL,2043,0.0009
RE1,MINSOL,2044,0.0009
RE1,MINSOL,2045,0.001
RE1,MINSOL,2046,0.001
RE1,MINSOL,2047,0.0011
RE1,MINSOL,2048,0.0011
RE1,MINSOL,2049,0.0012
RE1,MINSOL,2050,0.0013
RE1,MINWND,2035,0.0
RE1,MINWND,2036,0.0001
RE1,MINWND,2037,0.0001
RE1,MINWND,2038,0.0001
RE1,MINWND,2039,0.0001
RE1,MINWND,2040,0.0001
RE1,MINWND,2041,0.0001
RE1,MINWND,2042,0.0002
RE1,MINWND,2043,0.0002
RE1,MINWND,2044,0.0002
RE1,MINWND,2045,0.0002
RE1,MINWND,2046,0.0002
RE1,MINWND,2047,0.0002
RE1,MINWND,2048,0.0003
RE1,MINWND,2049,0.0005
RE1,MINWND,2050,0.0005
RE1,PWRBIO001,2031,30.555
RE1,PWRBIO001,2032,30.555
RE1,PWRBIO001,2033,30.555
RE1,PWRBIO001,2034,30.555
RE1,PWRBIO001,2035,30.555
RE1,PWRBIO001,2036,30.555
RE1,PWRBIO001,2037,30.555
RE1,PWRBIO001,2038,30.555
RE1,PWRBIO001,2039,30.555
RE1,PWRBIO001,2040,30.555
RE1,PWRBIO001,2041,30.555
RE1,PWRBIO001,2042,30.555
RE1,PWRBIO001,2043,30.555
RE1,PWRBIO001,2044,30.555
RE1,PWRBIO001,2045,30.555
RE1,PWRBIO001,2046,30.555
RE1,PWRBIO001,2047,30.555
RE1,PWRBIO001,2048,30.555
RE1,PWRBIO001,2049,30.555
RE1,PWRBIO001,2050,24.255
RE1,PWRCOA001,2050,125.6603
RE1,PWRDIST,2028,271.0602
RE1,PWRDIST,2029,305.9764
RE1,PWRDIST,2030,309.6418
RE1,PWRDIST,2031,379.1619
RE1,PWRDIST,2032,383.0271
RE1,PWRDIST,2033,387.0364
RE1,PWRDIST,2034,391.1956
RE1,PWRDIST,2035,395.5102
RE1,PWRDIST,2036,444.9247
RE1,PWRDIST,2037,449.1371
RE1,PWRDIST,2038,453.4968
RE1,PWRDIST,2039,458.0094
RE1,PWRDIST,2040,462.6802
RE1,PWRDIST,2041,555.4532
RE1,PWRDIST,2042,560.1
RE1,PWRDIST,2043,564.9003
RE1,PWRDIST,2044,569.8594
RE1,PWRDIST,2045,592.2662
RE1,PWRDIST,2046,722.925
RE1,PWRDIST,2047,727.9677
RE1,PWRDIST,2048,733.1674
RE1,PWRDIST,2049,738.5291
RE1,PWRDIST,2050,858.833
RE1,PWRGEO,2030,48.0
RE1,PWRGEO,2031,77.6
RE1,PWRGEO,2032,77.6
RE1,PWRGEO,2033,77.6
RE1,PWRGEO,2034,77.6
RE1,PWRGEO,2035,77.6
RE1,PWRGEO,2036,77.6
RE1,PWRGEO,2037,77.6
RE1,PWRGEO,2038,77.6
RE1,PWRGEO,2039,77.6
RE1,PWRGEO,2040,77.6
RE1,PWRGEO,2041,77.6
RE1,PWRGEO,2042,77.6
RE1,PWRGEO,2043,77.6
RE1,PWRGEO,2044,77.6
RE1,PWRGEO,2045,77.6
RE1,PWRGEO,2046,77.6
RE1,PWRGEO,2047,77.6
RE1,PWRGEO,2048,77.6
RE1,PWRGEO,2049,77.6
RE1,PWRGEO,2050,77.6
RE1,PWRHYD002,2023,708.4154
RE1,PWRHYD002,2024,313.7844
RE1,PWRHYD002,2027,179.5206
RE1,PWRHYD002,2028,233.2007
RE1,PWRHYD002,2029,325.7798
RE1,PWRHYD002,2030,274.7516
RE1,PWRHYD002,2031,171.6477
RE1,PWRHYD002,2032,198.0073
RE1,PWRHYD002,2033,217.203
RE1,PWRHYD002,2034,117.7473
RE1,PWRHYD002,2036,17.6044
RE1,PWRHYD002,2037,203.8556
RE1,PWRHYD002,2038,207.0822
RE1,PWRHYD002,2039,211.3467
RE1,PWRHYD002,2040,215.1704
RE1,PWRHYD002,2041,312.9947
RE1,PWRHYD002,2042,315.4279
RE1,PWRHYD002,2043,355.9258
RE1,PWRHYD002,2044,355.6199
RE1,PWRHYD002,2045,353.9648
RE1,PWRHYD002,2046,459.7252
RE1,PWRHYD002,2047,480.7074
RE1,PWRHYD002,2048,199.2984
RE1,PWRSOL001,2025,279.6975
RE1,PWRSOL001,2026,481.3732
RE1,PWRSOL001,2027,201.226
RE1,PWRSOL001,2028,161.3928
RE1,PWRSOL001,2029,109.6962
RE1,PWRSOL001,2030,94.9856
RE1,PWRSOL001,2031,90.093
RE1,PWRSOL001,2032,74.0459
RE1,PWRSOL001,2033,62.3314
RE1,PWRSOL001,2034,139.3596
RE1,PWRSOL001,2035,133.4858
RE1,PWRSOL001,2036,124.1481
RE1,PWRSOL001,2037,101.8822
RE1,PWRSOL001,2038,110.6559
RE1,PWRSOL001,2039,108.6345
RE1,PWRSOL001,2040,113.3151
RE1,PWRSOL001,2041,7.1202
RE1,PWRSOL001,2042,10.603
RE1,PWRSOL001,2043,75.0518
RE1,PWRSOL001,2044,122.6976
RE1,PWRSOL001,2045,129.9347
RE1,PWRSOL001,2046,122.4723
RE1,PWRSOL001,2047,111.0389
RE1,PWRSOL001,2048,145.52
RE1,PWRSOL001,2049,197.3819
RE1,PWRSOL001,2050,416.3164
RE1,PWRTRN,2028,24.4338
RE1,PWRTRN,2029,48.0869
RE1,PWRTRN,2030,48.663
RE1,PWRTRN,2031,59.5887
RE1,PWRTRN,2032,60.1961
RE1,PWRTRN,2033,60.8262
RE1,PWRTRN,2034,61.4799
RE1,PWRTRN,2035,62.158
RE1,PWRTRN,2036,69.9239
RE1,PWRTRN,2037,70.5859
RE1,PWRTRN,2038,71.2711
RE1,PWRTRN,2039,71.9803
RE1,PWRTRN,2040,72.7143
RE1,PWRTRN,2041,87.2945
RE1,PWRTRN,2042,88.0247
RE1,PWRTRN,2043,88.7791
RE1,PWRTRN,2044,89.5585
RE1,PWRTRN,2045,93.0799
RE1,PWRTRN,2046,113.6141
RE1,PWRTRN,2047,114.4066
RE1,PWRTRN,2048,115.2238
RE1,PWRTRN,2049,116.0665
RE1,PWRTRN,2050,134.9733
RE1,PWRWND001,2035,164.9557
RE1,PWRWND001,2036,154.7615
RE1,PWRWND001,2037,38.8582
RE1,PWRWND001,2038,39.8919
RE1,PWRWND001,2039,40.3686
RE1,PWRWND001,2040,41.2407
RE1,PWRWND001,2041,49.4303
RE1,PWRWND001,2042,53.0295
RE1,PWRWND001,2043,42.6772
RE1,PWRWND001,2044,47.3091
RE1,PWRWND001,2045,58.5326
RE1,PWRWND001,2046,82.7247
RE1,PWRWND001,2047,83.0014
RE1,PWRWND001,2048,311.9587
RE1,PWRWND001,2049,583.8154
RE1,PWRWND001,2050,259.7117
