r,t,y,DiscountedSalvageValue
RE1,DEMAGRHEABIO,2037,0.0008
RE1,DEMAGRHEABIO,2038,0.0016
RE1,DEMAGRHEABIO,2039,0.0024
RE1,DEMAGRHEABIO,2040,0.0033
RE1,DEMAGRHEABIO,2041,0.0104
RE1,DEMAGRHEABIO,2042,0.0126
RE1,DEMAGRHEABIO,2043,0.0149
RE1,DEMAGRHEABIO,2044,0.0172
RE1,DEMAGRHEABIO,2045,0.0195
RE1,DEMAGRHEABIO,2046,0.0256
RE1,DEMAGRHEABIO,2047,0.0285
RE1,DEMAGRHEABIO,2048,0.0315
RE1,DEMAGRHEABIO,2049,0.0344
RE1,DEMAGRHEABIO,2050,0.0375
RE1,DEMAGRIRRELC,2037,1.2616
RE1,DEMAGRIRRELC,2038,2.5656
RE1,DEMAGRIRRELC,2039,3.7137
RE1,DEMAGRIRRELC,2040,4.7632
RE1,DEMAGRIRRELC,2041,6.9159
RE1,DEMAGRIRRELC,2042,7.9291
RE1,DEMAGRIRRELC,2043,8.7998
RE1,DEMAGRIRRELC,2044,9.5195
RE1,DEMAGRIRRELC,2045,37.6995
RE1,DEMAGRIRRELC,2046,13.7357
RE1,DEMAGRIRRELC,2047,14.017
RE1,DEMAGRIRRELC,2048,14.0572
RE1,DEMAGRIRRELC,2049,13.8455
RE1,DEMAGRIRRELC,2050,12.6506
RE1,DEMCOMAPPELC,2042,0.0
RE1,DEMCOMAPPELC,2043,0.0
RE1,DEMCOMAPPELC,2044,0.0
RE1,DEMCOMAPPELC,2045,0.0
RE1,DEMCOMAPPELC,2046,0.0
RE1,DEMCOMAPPELC,2047,0.0
RE1,DEMCOMAPPELC,2048,0.0
RE1,DEMCOMAPPELC,2049,0.0
RE1,DEMCOMAPPELC,2050,0.0
RE1,DEMCOMOTHELC,2037,0.0014
RE1,DEMCOMOTHELC,2038,0.0039
RE1,DEMCOMOTHELC,2039,0.0058
RE1,DEMCOMOTHELC,2040,0.0091
RE1,DEMCOMOTHELC,2041,0.0244
RE1,DEMCOMOTHELC,2042,0.0383
RE1,DEMCOMOTHELC,2043,0.0326
RE1,DEMCOMOTHELC,2044,0.0382
RE1,DEMCOMOTHELC,2045,0.0409
RE1,DEMCOMOTHELC,2046,0.0182
RE1,DEMCOMOTHELC,2047,0.0205
RE1,DEMCOMOTHELC,2048,0.0333
RE1,DEMCOMOTHELC,2049,0.0751
RE1,DEMCOMOTHELC,2050,0.0489
RE1,DEMCOPHEACOA,2041,0.1145
RE1,DEMCOPHEACOA,2042,0.1324
RE1,DEMCOPHEACOA,2043,0.2157
RE1,DEMCOPHEACOA,2044,0.2563
RE1,DEMCOPHEACOA,2045,0.2982
RE1,DEMCOPHEACOA,2046,0.1366
RE1,DEMCOPHEACOA,2047,0.2233
RE1,DEMCOPHEACOA,2048,0.2436
RE1,DEMCOPHEACOA,2049,0.2714
RE1,DEMCOPHEACOA,2050,0.3864
RE1,DEMCOPHEAELC,2037,0.005
RE1,DEMCOPHEAELC,2038,0.0105
RE1,DEMCOPHEAELC,2039,0.0141
RE1,DEMCOPHEAELC,2040,0.0237
RE1,DEMCOPHEAELC,2041,0.0265
RE1,DEMCOPHEAELC,2042,0.0405
RE1,DEMCOPHEAELC,2043,0.0099
RE1,DEMCOPHEAELC,2044,0.0054
RE1,DEMCOPHEAELC,2046,0.0405
RE1,DEMCOPMOTELC,2042,0.0
RE1,DEMCOPMOTELC,2043,0.0
RE1,DEMCOPMOTELC,2044,0.0
RE1,DEMCOPMOTELC,2045,0.0
RE1,DEMCOPMOTELC,2046,0.0
RE1,DEMCOPMOTELC,2047,0.0
RE1,DEMCOPMOTELC,2048,0.0
RE1,DEMCOPMOTELC,2049,0.0
RE1,DEMCOPMOTELC,2050,0.0
RE1,DEMCOPVEHGSL,2035,0.0
RE1,DEMCOPVEHGSL,2041,0.0
RE1,DEMCOPVEHGSL,2042,0.0
RE1,DEMCOPVEHGSL,2043,0.0
RE1,DEMCOPVEHGSL,2044,0.0
RE1,DEMCOPVEHGSL,2045,0.0
RE1,DEMCOPVEHGSL,2046,0.0
RE1,DEMCOPVEHGSL,2047,0.0
RE1,DEMCOPVEHGSL,2048,0.0
RE1,DEMCOPVEHGSL,2049,0.0
RE1,DEMCOPVEHGSL,2050,0.0
RE1,DEMINDHEABIO,2037,0.0374
RE1,DEMINDHEABIO,2038,0.0746
RE1,DEMINDHEABIO,2039,0.1115
RE1,DEMINDHEABIO,2040,0.1483
RE1,DEMINDHEABIO,2041,0.3788
RE1,DEMINDHEABIO,2042,0.4537
RE1,DEMINDHEABIO,2043,0.5282
RE1,DEMINDHEABIO,2044,0.6024
RE1,DEMINDHEABIO,2045,5.27
RE1,DEMINDHEABIO,2046,0.8186
RE1,DEMINDHEABIO,2047,0.4185
RE1,DEMINDHEABIO,2048,0.1701
RE1,DEMINDHEABIO,2049,0.1843
RE1,DEMINDHEABIO,2050,0.0048
RE1,DEMINDHEACOA,2037,0.0767
RE1,DEMINDHEACOA,2038,0.1416
RE1,DEMINDHEACOA,2039,0.211
RE1,DEMINDHEACOA,2040,0.2652
RE1,DEMINDHEACOA,2041,0.5025
RE1,DEMINDHEACOA,2042,0.5929
RE1,DEMINDHEACOA,2043,0.6944
RE1,DEMINDHEACOA,2044,0.7911
RE1,DEMINDHEACOA,2045,0.8399
RE1,DEMINDHEACOA,2046,1.2641
RE1,DEMINDHEACOA,2047,1.636
RE1,DEMINDHEACOA,2048,2.3314
RE1,DEMINDHEACOA,2049,2.5179
RE1,DEMINDHEACOA,2050,2.7801
RE1,DEMINDHEAELC,2037,0.0033
RE1,DEMINDHEAELC,2038,0.0135
RE1,DEMINDHEAELC,2039,0.0223
RE1,DEMINDHEAELC,2040,0.0349
RE1,DEMINDHEAELC,2045,0.0288
RE1,DEMINDMOTELC,2043,0.0
RE1,DEMINDMOTELC,2044,0.0
RE1,DEMINDMOTELC,2045,0.0
RE1,DEMINDMOTELC,2046,0.0
RE1,DEMINDMOTELC,2047,0.0
RE1,DEMINDMOTELC,2048,0.0
RE1,DEMINDMOTELC,2049,0.0
RE1,DEMINDMOTELC,2050,0.0
RE1,DEMRESCOOELC,2042,0.0
RE1,DEMRESCOOELC,2043,0.0
RE1,DEMRESCOOELC,2044,0.0
RE1,DEMRESCOOELC,2045,0.0
RE1,DEMRESCOOELC,2046,0.0
RE1,DEMRESCOOELC,2047,0.0
RE1,DEMRESCOOELC,2048,0.0
RE1,DEMRESCOOELC,2049,0.0
RE1,DEMRESCOOELC,2050,0.0
RE1,DEMRESHCKBGS,2049,0.0028
RE1,DEMRESHCKBGS,2050,0.0151
RE1,DEMRESHCKBIO,2042,0.0001
RE1,DEMRESHCKBIO,2043,0.0002
RE1,DEMRESHCKBIO,2044,0.0003
RE1,DEMRESHCKBIO,2045,0.0063
RE1,DEMRESHCKBIO,2046,0.0008
RE1,DEMRESHCKBIO,2047,0.0009
RE1,DEMRESHCKBIO,2048,0.0011
RE1,DEMRESHCKBIO,2049,0.0012
RE1,DEMRESHCKBIO,2050,0.0007
RE1,DEMRESHCKELC,2042,0.0074
RE1,DEMRESHCKELC,2043,0.0127
RE1,DEMRESHCKELC,2044,0.0207
RE1,DEMRESHCKELC,2045,0.0656
RE1,DEMRESHCKELC,2046,0.0445
RE1,DEMRESHCKELC,2047,0.0273
RE1,DEMRESHCKELC,2048,0.0458
RE1,DEMRESHCKELC,2049,0.126
RE1,DEMRESHCKELC,2050,0.1844
RE1,DEMRESHCKLPG,2042,0.0002
RE1,DEMRESHCKLPG,2043,0.0003
RE1,DEMRESHCKLPG,2044,0.0005
RE1,DEMRESHCKLPG,2045,0.0008
RE1,DEMRESHCKLPG,2046,0.0008
RE1,DEMRESHCKLPG,2047,0.001
RE1,DEMRESHCKLPG,2048,0.0012
RE1,DEMRESHCKLPG,2049,0.0013
RE1,DEMRESHCKLPG,2050,0.0015
RE1,DEMRESLIGELC,2042,0.0
RE1,DEMRESLIGELC,2043,0.0
RE1,DEMRESLIGELC,2044,0.0
RE1,DEMRESLIGELC,2045,0.0
RE1,DEMRESLIGELC,2046,0.0
RE1,DEMRESLIGELC,2047,0.0
RE1,DEMRESLIGELC,2048,0.0
RE1,DEMRESLIGELC,2049,0.0
RE1,DEMRESLIGELC,2050,0.0
RE1,DEMTRABUSELC,2041,0.8715
RE1,DEMTRABUSELC,2042,0.901
RE1,DEMTRABUSELC,2043,0.92
RE1,DEMTRABUSELC,2044,0.9285
RE1,DEMTRABUSELC,2045,0.9266
RE1,DEMTRABUSELC,2046,0.9141
RE1,DEMTRABUSELC,2047,0.8912
RE1,DEMTRABUSELC,2048,0.8578
RE1,DEMTRABUSELC,2049,0.8139
RE1,DEMTRABUSELC,2050,0.7595
RE1,DEMTRACARELC,2049,6.9763
RE1,DEMTRACARELC,2050,0.0
RE1,DEMTRACARGSL,2035,0.0
RE1,DEMTRACARGSL,2036,0.0
RE1,DEMTRACARGSL,2037,0.0
RE1,DEMTRACARGSL,2038,0.0
RE1,DEMTRACARGSL,2039,0.0
RE1,DEMTRACARGSL,2040,0.0
RE1,DEMTRACARGSL,2041,0.0
RE1,DEMTRACARGSL,2042,0.0
RE1,DEMTRACARGSL,2043,0.0
RE1,DEMTRACARGSL,2044,0.0
RE1,DEMTRACARGSL,2045,0.0
RE1,DEMTRACARGSL,2046,0.0
RE1,DEMTRACARGSL,2047,0.0
RE1,DEMTRACARGSL,2048,0.0
RE1,DEMTRAEVC,2026,0.013
RE1,DEMTRAEVC,2027,0.0136
RE1,DEMTRAEVC,2028,0.0159
RE1,DEMTRAEVC,2029,0.0154
RE1,DEMTRAEVC,2030,0.0161
RE1,DEMTRAEVC,2031,0.0229
RE1,DEMTRAEVC,2032,0.0161
RE1,DEMTRAEVC,2033,0.0149
RE1,DEMTRAEVC,2034,0.0584
RE1,DEMTRAEVC,2035,0.005
RE1,DEMTRAEVC,2036,0.005
RE1,DEMTRAEVC,2037,0.0058
RE1,DEMTRAEVC,2038,0.0062
RE1,DEMTRAEVC,2039,0.0065
RE1,DEMTRAEVC,2040,0.0068
RE1,DEMTRAEVC,2041,0.0201
RE1,DEMTRAEVC,2042,0.0207
RE1,DEMTRAEVC,2043,0.1754
RE1,DEMTRAEVC,2044,0.1797
RE1,DEMTRAEVC,2045,0.1841
RE1,DEMTRAEVC,2046,0.1879
RE1,DEMTRAEVC,2047,0.1922
RE1,DEMTRAEVC,2048,0.1966
RE1,DEMTRAEVC,2049,0.9409
RE1,DEMTRAEVC,2050,0.9607
RE1,DEMTRAFREELC,2043,10.1003
RE1,DEMTRAFREELC,2044,10.1939
RE1,DEMTRAFREELC,2045,10.1725
RE1,DEMTRAFREELC,2046,10.0359
RE1,DEMTRAFREELC,2047,9.7842
RE1,DEMTRAFREELC,2048,9.4174
RE1,DEMTRAFREELC,2049,8.9356
RE1,DEMTRAFREELC,2050,8.3386
RE1,DEMTRAFREGSL,2035,0.0
RE1,DEMTRAFREGSL,2041,0.0
RE1,DEMTRAFREGSL,2042,0.0
RE1,DEMTRAMCYELC,2049,0.0
RE1,DEMTRAOTHGSL,2045,0.0
RE1,DEMTRAOTHGSL,2047,0.0
RE1,DEMTRAOTHGSL,2048,0.0
RE1,DEMTRAOTHGSL,2049,0.0
RE1,PWRBIO001,2031,0.1977
RE1,PWRBIO001,2032,0.2372
RE1,PWRBIO001,2033,0.2768
RE1,PWRBIO001,2034,0.3163
RE1,PWRBIO001,2035,0.3558
RE1,PWRBIO001,2036,0.3954
RE1,PWRBIO001,2037,0.4349
RE1,PWRBIO001,2038,0.4744
RE1,PWRBIO001,2039,0.514
RE1,PWRBIO001,2040,0.5535
RE1,PWRBIO001,2041,0.5931
RE1,PWRBIO001,2042,0.6326
RE1,PWRBIO001,2043,0.6721
RE1,PWRBIO001,2044,0.7117
RE1,PWRBIO001,2045,0.7512
RE1,PWRBIO001,2046,0.7907
RE1,PWRBIO001,2047,0.8303
RE1,PWRBIO001,2048,0.8698
RE1,PWRBIO001,2049,0.9094
RE1,PWRBIO001,2050,0.7532
RE1,PWRCOA001,2050,3.9634
RE1,PWRDIST,2028,5.8875
RE1,PWRDIST,2029,6.7873
RE1,PWRDIST,2030,7.0117
RE1,PWRDIST,2031,8.7611
RE1,PWRDIST,2032,9.0274
RE1,PWRDIST,2033,9.3008
RE1,PWRDIST,2034,9.5815
RE1,PWRDIST,2035,9.87
RE1,PWRDIST,2036,11.3087
RE1,PWRDIST,2037,11.6234
RE1,PWRDIST,2038,11.9458
RE1,PWRDIST,2039,12.2763
RE1,PWRDIST,2040,12.6153
RE1,PWRDIST,2041,15.4015
RE1,PWRDIST,2042,15.7892
RE1,PWRDIST,2043,16.1856
RE1,PWRDIST,2044,16.591
RE1,PWRDIST,2045,17.5171
RE1,PWRDIST,2046,21.7156
RE1,PWRDIST,2047,22.2035
RE1,PWRDIST,2048,22.7009
RE1,PWRDIST,2049,23.2082
RE1,PWRDIST,2050,27.3857
RE1,PWRGEO,2030,0.6211
RE1,PWRGEO,2031,1.0758
RE1,PWRGEO,2032,1.1476
RE1,PWRGEO,2033,1.2193
RE1,PWRGEO,2034,1.291
RE1,PWRGEO,2035,1.3627
RE1,PWRGEO,2036,1.4345
RE1,PWRGEO,2037,1.5062
RE1,PWRGEO,2038,1.5779
RE1,PWRGEO,2039,1.6496
RE1,PWRGEO,2040,1.7213
RE1,PWRGEO,2041,1.7931
RE1,PWRGEO,2042,1.8648
RE1,PWRGEO,2043,1.9365
RE1,PWRGEO,2044,2.0082
RE1,PWRGEO,2045,2.08
RE1,PWRGEO,2046,2.1517
RE1,PWRGEO,2047,2.2234
RE1,PWRGEO,2048,2.2951
RE1,PWRGEO,2049,2.3669
RE1,PWRGEO,2050,2.4386
RE1,PWRHYD002,2023,4.5833
RE1,PWRHYD002,2024,2.3202
RE1,PWRHYD002,2027,1.8252
RE1,PWRHYD002,2028,2.5865
RE1,PWRHYD002,2029,3.9144
RE1,PWRHYD002,2030,3.5552
RE1,PWRHYD002,2031,2.3797
RE1,PWRHYD002,2032,2.9282
RE1,PWRHYD002,2033,3.4128
RE1,PWRHYD002,2034,1.9589
RE1,PWRHYD002,2036,0.3254
RE1,PWRHYD002,2037,3.9567
RE1,PWRHYD002,2038,4.2108
RE1,PWRHYD002,2039,4.4928
RE1,PWRHYD002,2040,4.773
RE1,PWRHYD002,2041,7.2322
RE1,PWRHYD002,2042,7.58
RE1,PWRHYD002,2043,8.8822
RE1,PWRHYD002,2044,9.2032
RE1,PWRHYD002,2045,9.4875
RE1,PWRHYD002,2046,12.7472
RE1,PWRHYD002,2047,13.7733
RE1,PWRHYD002,2048,5.8945
RE1,PWRSOL001,2027,0.2604
RE1,PWRSOL001,2028,0.4177
RE1,PWRSOL001,2029,0.4258
RE1,PWRSOL001,2030,0.4916
RE1,PWRSOL001,2031,0.5829
RE1,PWRSOL001,2032,0.5749
RE1,PWRSOL001,2033,0.5646
RE1,PWRSOL001,2034,1.4426
RE1,PWRSOL001,2035,1.5545
RE1,PWRSOL001,2036,1.6064
RE1,PWRSOL001,2037,1.4502
RE1,PWRSOL001,2038,1.7182
RE1,PWRSOL001,2039,1.8274
RE1,PWRSOL001,2040,2.0528
RE1,PWRSOL001,2041,0.1382
RE1,PWRSOL001,2042,0.2195
RE1,PWRSOL001,2043,1.6509
RE1,PWRSOL001,2044,2.8578
RE1,PWRSOL001,2045,3.1945
RE1,PWRSOL001,2046,3.1695
RE1,PWRSOL001,2047,3.0173
RE1,PWRSOL001,2048,4.1426
RE1,PWRSOL001,2049,5.8743
RE1,PWRSOL001,2050,12.9288
RE1,PWRTRN,2028,0.4268
RE1,PWRTRN,2029,0.8711
RE1,PWRTRN,2030,0.913
RE1,PWRTRN,2031,1.1566
RE1,PWRTRN,2032,1.2073
RE1,PWRTRN,2033,1.2593
RE1,PWRTRN,2034,1.3126
RE1,PWRTRN,2035,1.3673
RE1,PWRTRN,2036,1.5834
RE1,PWRTRN,2037,1.644
RE1,PWRTRN,2038,1.7061
RE1,PWRTRN,2039,1.7697
RE1,PWRTRN,2040,1.8348
RE1,PWRTRN,2041,2.2591
RE1,PWRTRN,2042,2.335
RE1,PWRTRN,2043,2.4124
RE1,PWRTRN,2044,2.4915
RE1,PWRTRN,2045,2.6497
RE1,PWRTRN,2046,3.3078
RE1,PWRTRN,2047,3.4049
RE1,PWRTRN,2048,3.5038
RE1,PWRTRN,2049,3.6045
RE1,PWRTRN,2050,4.279
RE1,PWRWND001,2035,2.4902
RE1,PWRWND001,2036,2.5032
RE1,PWRWND001,2037,0.6704
RE1,PWRWND001,2038,0.7313
RE1,PWRWND001,2039,0.7835
RE1,PWRWND001,2040,0.8449
RE1,PWRWND001,2041,1.066
RE1,PWRWND001,2042,1.2008
RE1,PWRWND001,2043,1.0124
RE1,PWRWND001,2044,1.1733
RE1,PWRWND001,2045,1.5148
RE1,PWRWND001,2046,2.2301
RE1,PWRWND001,2047,2.327
RE1,PWRWND001,2048,9.0824
RE1,PWRWND001,2049,17.6269
RE1,PWRWND001,2050,8.1214
