r,t,y,SalvageValue
RE1,DEMAGRHEABIO,2037,0.024
RE1,DEMAGRHEABIO,2038,0.0488
RE1,DEMAGRHEABIO,2039,0.0743
RE1,DEMAGRHEABIO,2040,0.1006
RE1,DEMAGRHEABIO,2041,0.3209
RE1,DEMAGRHEABIO,2042,0.3893
RE1,DEMAGRHEABIO,2043,0.4592
RE1,DEMAGRHEABIO,2044,0.5303
RE1,DEMAGRHEABIO,2045,0.603
RE1,DEMAGRHEABIO,2046,0.7922
RE1,DEMAGRHEABIO,2047,0.8815
RE1,DEMAGRHEABIO,2048,0.9723
RE1,DEMAGRHEABIO,2049,1.0649
RE1,DEMAGRHEABIO,2050,1.1593
RE1,DEMAGRIRRELC,2037,39.0004
RE1,DEMAGRIRRELC,2038,79.3097
RE1,DEMAGRIRRELC,2039,114.8003
RE1,DEMAGRIRRELC,2040,147.2431
RE1,DEMAGRIRRELC,2041,213.7887
RE1,DEMAGRIRRELC,2042,245.1107
RE1,DEMAGRIRRELC,2043,272.0244
RE1,DEMAGRIRRELC,2044,294.2741
RE1,DEMAGRIRRELC,2045,1165.3938
RE1,DEMAGRIRRELC,2046,424.6088
RE1,DEMAGRIRRELC,2047,433.3041
RE1,DEMAGRIRRELC,2048,434.5447
RE1,DEMAGRIRRELC,2049,428.0018
RE1,DEMAGRIRRELC,2050,391.0629
RE1,DEMAGRMACGSL,2035,0.0
RE1,DEMAGRMACGSL,2041,0.0
RE1,DEMAGRMACGSL,2042,0.0
RE1,DEMAGRMACGSL,2043,0.0
RE1,DEMAGRMACGSL,2044,0.0
RE1,DEMAGRMACGSL,2045,0.0
RE1,DEMAGRMACGSL,2047,0.0
RE1,DEMAGRMACGSL,2048,0.0
RE1,DEMCOMAPPELC,2042,0.0
RE1,DEMCOMAPPELC,2043,0.0
RE1,DEMCOMAPPELC,2044,0.0
RE1,DEMCOMAPPELC,2045,0.0
RE1,DEMCOMAPPELC,2046,0.0
RE1,DEMCOMAPPELC,2047,0.0
RE1,DEMCOMAPPELC,2048,0.0
RE1,DEMCOMAPPELC,2049,0.0
RE1,DEMCOMAPPELC,2050,0.0
RE1,DEMCOMOTHELC,2037,0.0434
RE1,DEMCOMOTHELC,2038,0.1193
RE1,DEMCOMOTHELC,2039,0.1795
RE1,DEMCOMOTHELC,2040,0.2825
RE1,DEMCOMOTHELC,2041,0.7543
RE1,DEMCOMOTHELC,2042,1.1847
RE1,DEMCOMOTHELC,2043,1.0085
RE1,DEMCOMOTHELC,2044,1.182
RE1,DEMCOMOTHELC,2045,1.2645
RE1,DEMCOMOTHELC,2046,0.5612
RE1,DEMCOMOTHELC,2047,0.6327
RE1,DEMCOMOTHELC,2048,1.0296
RE1,DEMCOMOTHELC,2049,2.3229
RE1,DEMCOMOTHELC,2050,1.5109
RE1,DEMCOPHEACOA,2041,3.5402
RE1,DEMCOPHEACOA,2042,4.0931
RE1,DEMCOPHEACOA,2043,6.6665
RE1,DEMCOPHEACOA,2044,7.9223
RE1,DEMCOPHEACOA,2045,9.2188
RE1,DEMCOPHEACOA,2046,4.2227
RE1,DEMCOPHEACOA,2047,6.9041
RE1,DEMCOPHEACOA,2048,7.5318
RE1,DEMCOPHEACOA,2049,8.3883
RE1,DEMCOPHEACOA,2050,11.9451
RE1,DEMCOPHEAELC,2037,0.1543
RE1,DEMCOPHEAELC,2038,0.3257
RE1,DEMCOPHEAELC,2039,0.4372
RE1,DEMCOPHEAELC,2040,0.7329
RE1,DEMCOPHEAELC,2041,0.819
RE1,DEMCOPHEAELC,2042,1.2509
RE1,DEMCOPHEAELC,2043,0.307
RE1,DEMCOPHEAELC,2044,0.1659
RE1,DEMCOPHEAELC,2046,1.2516
RE1,DEMCOPMOTELC,2042,0.0
RE1,DEMCOPMOTELC,2043,0.0
RE1,DEMCOPMOTELC,2044,0.0
RE1,DEMCOPMOTELC,2045,0.0
RE1,DEMCOPMOTELC,2046,0.0
RE1,DEMCOPMOTELC,2047,0.0
RE1,DEMCOPMOTELC,2048,0.0
RE1,DEMCOPMOTELC,2049,0.0
RE1,DEMCOPMOTELC,2050,0.0
RE1,DEMCOPVEHGSL,2032,0.0
RE1,DEMCOPVEHGSL,2033,0.0
RE1,DEMCOPVEHGSL,2034,0.0
RE1,DEMCOPVEHGSL,2035,0.0
RE1,DEMCOPVEHGSL,2036,0.0
RE1,DEMCOPVEHGSL,2037,0.0
RE1,DEMCOPVEHGSL,2038,0.0
RE1,DEMCOPVEHGSL,2039,0.0
RE1,DEMCOPVEHGSL,2040,0.0
RE1,DEMCOPVEHGSL,2041,0.0
RE1,DEMCOPVEHGSL,2042,0.0
RE1,DEMCOPVEHGSL,2043,0.0
RE1,DEMCOPVEHGSL,2044,0.0
RE1,DEMCOPVEHGSL,2045,0.0
RE1,DEMCOPVEHGSL,2046,0.0
RE1,DEMCOPVEHGSL,2047,0.0
RE1,DEMCOPVEHGSL,2048,0.0
RE1,DEMCOPVEHGSL,2049,0.0
RE1,DEMCOPVEHGSL,2050,0.0
RE1,DEMINDHEABIO,2037,1.1561
RE1,DEMINDHEABIO,2038,2.3053
RE1,DEMINDHEABIO,2039,3.4477
RE1,DEMINDHEABIO,2040,4.5832
RE1,DEMINDHEABIO,2041,11.711
RE1,DEMINDHEABIO,2042,14.0242
RE1,DEMINDHEABIO,2043,16.3278
RE1,DEMINDHEABIO,2044,18.6218
RE1,DEMINDHEABIO,2045,162.9108
RE1,DEMINDHEABIO,2046,25.3056
RE1,DEMINDHEABIO,2047,12.9356
RE1,DEMINDHEABIO,2048,5.2594
RE1,DEMINDHEABIO,2049,5.6977
RE1,DEMINDHEABIO,2050,0.1483
RE1,DEMINDHEACOA,2037,2.3699
RE1,DEMINDHEACOA,2038,4.3767
RE1,DEMINDHEACOA,2039,6.5231
RE1,DEMINDHEACOA,2040,8.1982
RE1,DEMINDHEACOA,2041,15.5336
RE1,DEMINDHEACOA,2042,18.3271
RE1,DEMINDHEACOA,2043,21.465
RE1,DEMINDHEACOA,2044,24.4557
RE1,DEMINDHEACOA,2045,25.9644
RE1,DEMINDHEACOA,2046,39.0758
RE1,DEMINDHEACOA,2047,50.572
RE1,DEMINDHEACOA,2048,72.0683
RE1,DEMINDHEACOA,2049,77.8351
RE1,DEMINDHEACOA,2050,85.94
RE1,DEMINDHEAELC,2037,0.1015
RE1,DEMINDHEAELC,2038,0.4168
RE1,DEMINDHEAELC,2039,0.6885
RE1,DEMINDHEAELC,2040,1.0789
RE1,DEMINDHEAELC,2045,0.8916
RE1,DEMINDMOTELC,2042,0.0
RE1,DEMINDMOTELC,2043,0.0
RE1,DEMINDMOTELC,2044,0.0
RE1,DEMINDMOTELC,2045,0.0
RE1,DEMINDMOTELC,2046,0.0
RE1,DEMINDMOTELC,2047,0.0
RE1,DEMINDMOTELC,2048,0.0
RE1,DEMINDMOTELC,2049,0.0
RE1,DEMINDMOTELC,2050,0.0
RE1,DEMRESCOOELC,2042,0.0
RE1,DEMRESCOOELC,2043,0.0
RE1,DEMRESCOOELC,2044,0.0
RE1,DEMRESCOOELC,2045,0.0
RE1,DEMRESCOOELC,2046,0.0
RE1,DEMRESCOOELC,2047,0.0
RE1,DEMRESCOOELC,2048,0.0
RE1,DEMRESCOOELC,2049,0.0
RE1,DEMRESCOOELC,2050,0.0
RE1,DEMRESHCKBGS,2049,0.0864
RE1,DEMRESHCKBGS,2050,0.4671
RE1,DEMRESHCKBIO,2042,0.0033
RE1,DEMRESHCKBIO,2043,0.0069
RE1,DEMRESHCKBIO,2044,0.0107
RE1,DEMRESHCKBIO,2045,0.1936
RE1,DEMRESHCKBIO,2046,0.0235
RE1,DEMRESHCKBIO,2047,0.0289
RE1,DEMRESHCKBIO,2048,0.0347
RE1,DEMRESHCKBIO,2049,0.0364
RE1,DEMRESHCKBIO,2050,0.0232
RE1,DEMRESHCKELC,2042,0.2284
RE1,DEMRESHCKELC,2043,0.3933
RE1,DEMRESHCKELC,2044,0.6392
RE1,DEMRESHCKELC,2045,2.0269
RE1,DEMRESHCKELC,2046,1.3752
RE1,DEMRESHCKELC,2047,0.8452
RE1,DEMRESHCKELC,2048,1.4155
RE1,DEMRESHCKELC,2049,3.8964
RE1,DEMRESHCKELC,2050,5.7011
RE1,DEMRESHCKLPG,2042,0.0051
RE1,DEMRESHCKLPG,2043,0.0101
RE1,DEMRESHCKLPG,2044,0.0153
RE1,DEMRESHCKLPG,2045,0.0238
RE1,DEMRESHCKLPG,2046,0.0255
RE1,DEMRESHCKLPG,2047,0.0307
RE1,DEMRESHCKLPG,2048,0.0356
RE1,DEMRESHCKLPG,2049,0.0407
RE1,DEMRESHCKLPG,2050,0.0457
RE1,DEMRESLIGELC,2042,0.0
RE1,DEMRESLIGELC,2043,0.0
RE1,DEMRESLIGELC,2044,0.0
RE1,DEMRESLIGELC,2045,0.0
RE1,DEMRESLIGELC,2046,0.0
RE1,DEMRESLIGELC,2047,0.0
RE1,DEMRESLIGELC,2048,0.0
RE1,DEMRESLIGELC,2049,0.0
RE1,DEMRESLIGELC,2050,0.0
RE1,DEMTRABUSELC,2041,26.9407
RE1,DEMTRABUSELC,2042,27.8524
RE1,DEMTRABUSELC,2043,28.44
RE1,DEMTRABUSELC,2044,28.7036
RE1,DEMTRABUSELC,2045,28.6431
RE1,DEMTRABUSELC,2046,28.2585
RE1,DEMTRABUSELC,2047,27.5499
RE1,DEMTRABUSELC,2048,26.5172
RE1,DEMTRABUSELC,2049,25.1604
RE1,DEMTRABUSELC,2050,23.4795
RE1,DEMTRABUSGSL,2035,0.0
RE1,DEMTRABUSGSL,2036,0.0
RE1,DEMTRABUSGSL,2037,0.0
RE1,DEMTRABUSGSL,2038,0.0
RE1,DEMTRABUSGSL,2039,0.0
RE1,DEMTRABUSGSL,2040,0.0
RE1,DEMTRABUSGSL,2049,0.0
RE1,DEMTRABUSGSL,2050,0.0
RE1,DEMTRACARELC,2049,215.6576
RE1,DEMTRACARELC,2050,0.0
RE1,DEMTRACARGSL,2033,0.0
RE1,DEMTRACARGSL,2034,0.0
RE1,DEMTRACARGSL,2035,0.0
RE1,DEMTRACARGSL,2036,0.0
RE1,DEMTRACARGSL,2037,0.0
RE1,DEMTRACARGSL,2038,0.0
RE1,DEMTRACARGSL,2039,0.0
RE1,DEMTRACARGSL,2040,0.0
RE1,DEMTRACARGSL,2041,0.0
RE1,DEMTRACARGSL,2042,0.0
RE1,DEMTRACARGSL,2043,0.0
RE1,DEMTRACARGSL,2044,0.0
RE1,DEMTRACARGSL,2045,0.0
RE1,DEMTRACARGSL,2046,0.0
RE1,DEMTRACARGSL,2047,0.0
RE1,DEMTRACARGSL,2048,0.0
RE1,DEMTRAEVC,2026,0.4008
RE1,DEMTRAEVC,2027,0.4194
RE1,DEMTRAEVC,2028,0.4926
RE1,DEMTRAEVC,2029,0.4763
RE1,DEMTRAEVC,2030,0.4964
RE1,DEMTRAEVC,2031,0.7078
RE1,DEMTRAEVC,2032,0.4974
RE1,DEMTRAEVC,2033,0.4598
RE1,DEMTRAEVC,2034,1.8067
RE1,DEMTRAEVC,2035,0.1534
RE1,DEMTRAEVC,2036,0.1538
RE1,DEMTRAEVC,2037,0.1807
RE1,DEMTRAEVC,2038,0.1904
RE1,DEMTRAEVC,2039,0.2004
RE1,DEMTRAEVC,2040,0.2107
RE1,DEMTRAEVC,2041,0.62
RE1,DEMTRAEVC,2042,0.6405
RE1,DEMTRAEVC,2043,5.4212
RE1,DEMTRAEVC,2044,5.5556
RE1,DEMTRAEVC,2045,5.6905
RE1,DEMTRAEVC,2046,5.8081
RE1,DEMTRAEVC,2047,5.9425
RE1,DEMTRAEVC,2048,6.0773
RE1,DEMTRAEVC,2049,29.0856
RE1,DEMTRAEVC,2050,29.6977
RE1,DEMTRAFREELC,2043,312.2288
RE1,DEMTRAFREELC,2044,315.1223
RE1,DEMTRAFREELC,2045,314.458
RE1,DEMTRAFREELC,2046,310.236
RE1,DEMTRAFREELC,2047,302.4562
RE1,DEMTRAFREELC,2048,291.1186
RE1,DEMTRAFREELC,2049,276.2232
RE1,DEMTRAFREELC,2050,257.7698
RE1,DEMTRAFREGSL,2033,0.0
RE1,DEMTRAFREGSL,2034,0.0
RE1,DEMTRAFREGSL,2035,0.0
RE1,DEMTRAFREGSL,2036,0.0
RE1,DEMTRAFREGSL,2037,0.0
RE1,DEMTRAFREGSL,2038,0.0
RE1,DEMTRAFREGSL,2039,0.0
RE1,DEMTRAFREGSL,2040,0.0
RE1,DEMTRAFREGSL,2041,0.0
RE1,DEMTRAFREGSL,2042,0.0
RE1,DEMTRAMCYELC,2040,0.0
RE1,DEMTRAMCYELC,2041,0.0
RE1,DEMTRAMCYELC,2042,0.0
RE1,DEMTRAMCYELC,2043,0.0
RE1,DEMTRAMCYELC,2044,0.0
RE1,DEMTRAMCYELC,2045,0.0
RE1,DEMTRAMCYELC,2046,0.0
RE1,DEMTRAMCYELC,2047,0.0
RE1,DEMTRAMCYELC,2048,0.0
RE1,DEMTRAMCYELC,2049,0.0
RE1,DEMTRAMCYELC,2050,0.0
RE1,DEMTRAOTHGSL,2037,0.0
RE1,DEMTRAOTHGSL,2038,0.0
RE1,DEMTRAOTHGSL,2039,0.0
RE1,DEMTRAOTHGSL,2040,0.0
RE1,DEMTRAOTHGSL,2041,0.0
RE1,DEMTRAOTHGSL,2042,0.0
RE1,DEMTRAOTHGSL,2043,0.0
RE1,DEMTRAOTHGSL,2044,0.0
RE1,DEMTRAOTHGSL,2045,0.0
RE1,DEMTRAOTHGSL,2046,0.0
RE1,DEMTRAOTHGSL,2047,0.0
RE1,DEMTRAOTHGSL,2048,0.0
RE1,DEMTRAOTHGSL,2049,0.0
RE1,DEMTRAOTHGSL,2050,0.0
RE1,PWRBIO001,2031,6.111
RE1,PWRBIO001,2032,7.3332
RE1,PWRBIO001,2033,8.5554
RE1,PWRBIO001,2034,9.7776
RE1,PWRBIO001,2035,10.9998
RE1,PWRBIO001,2036,12.222
RE1,PWRBIO001,2037,13.4442
RE1,PWRBIO001,2038,14.6664
RE1,PWRBIO001,2039,15.8886
RE1,PWRBIO001,2040,17.1108
RE1,PWRBIO001,2041,18.333
RE1,PWRBIO001,2042,19.5552
RE1,PWRBIO001,2043,20.7774
RE1,PWRBIO001,2044,21.9996
RE1,PWRBIO001,2045,23.2218
RE1,PWRBIO001,2046,24.444
RE1,PWRBIO001,2047,25.6662
RE1,PWRBIO001,2048,26.8884
RE1,PWRBIO001,2049,28.1106
RE1,PWRBIO001,2050,23.2848
RE1,PWRCOA001,2050,122.5188
RE1,PWRDIST,2028,181.9975
RE1,PWRDIST,2029,209.8124
RE1,PWRDIST,2030,216.7493
RE1,PWRDIST,2031,270.8299
RE1,PWRDIST,2032,279.0626
RE1,PWRDIST,2033,287.5128
RE1,PWRDIST,2034,296.1909
RE1,PWRDIST,2035,305.1079
RE1,PWRDIST,2036,349.5837
RE1,PWRDIST,2037,359.3097
RE1,PWRDIST,2038,369.276
RE1,PWRDIST,2039,379.4935
RE1,PWRDIST,2040,389.9733
RE1,PWRDIST,2041,476.1028
RE1,PWRDIST,2042,488.0872
RE1,PWRDIST,2043,500.3403
RE1,PWRDIST,2044,512.8735
RE1,PWRDIST,2045,541.5005
RE1,PWRDIST,2046,671.2875
RE1,PWRDIST,2047,686.3696
RE1,PWRDIST,2048,701.7459
RE1,PWRDIST,2049,717.4283
RE1,PWRDIST,2050,846.564
RE1,PWRGEO,2030,19.2
RE1,PWRGEO,2031,33.2571
RE1,PWRGEO,2032,35.4743
RE1,PWRGEO,2033,37.6914
RE1,PWRGEO,2034,39.9086
RE1,PWRGEO,2035,42.1257
RE1,PWRGEO,2036,44.3429
RE1,PWRGEO,2037,46.56
RE1,PWRGEO,2038,48.7771
RE1,PWRGEO,2039,50.9943
RE1,PWRGEO,2040,53.2114
RE1,PWRGEO,2041,55.4286
RE1,PWRGEO,2042,57.6457
RE1,PWRGEO,2043,59.8629
RE1,PWRGEO,2044,62.08
RE1,PWRGEO,2045,64.2971
RE1,PWRGEO,2046,66.5143
RE1,PWRGEO,2047,68.7314
RE1,PWRGEO,2048,70.9486
RE1,PWRGEO,2049,73.1657
RE1,PWRGEO,2050,75.3829
RE1,PWRHYD002,2023,141.6831
RE1,PWRHYD002,2024,71.7221
RE1,PWRHYD002,2027,56.4208
RE1,PWRHYD002,2028,79.9545
RE1,PWRHYD002,2029,121.0039
RE1,PWRHYD002,2030,109.9006
RE1,PWRHYD002,2031,73.5633
RE1,PWRHYD002,2032,90.5176
RE1,PWRHYD002,2033,105.4986
RE1,PWRHYD002,2034,60.5557
RE1,PWRHYD002,2036,10.0597
RE1,PWRHYD002,2037,122.3134
RE1,PWRHYD002,2038,130.1659
RE1,PWRHYD002,2039,138.885
RE1,PWRHYD002,2040,147.5454
RE1,PWRHYD002,2041,223.5677
RE1,PWRHYD002,2042,234.3179
RE1,PWRHYD002,2043,274.5714
RE1,PWRHYD002,2044,284.496
RE1,PWRHYD002,2045,293.2852
RE1,PWRHYD002,2046,394.0501
RE1,PWRHYD002,2047,425.7694
RE1,PWRHYD002,2048,182.2157
RE1,PWRSOL001,2027,8.049
RE1,PWRSOL001,2028,12.9114
RE1,PWRSOL001,2029,13.1635
RE1,PWRSOL001,2030,15.1977
RE1,PWRSOL001,2031,18.0186
RE1,PWRSOL001,2032,17.771
RE1,PWRSOL001,2033,17.4528
RE1,PWRSOL001,2034,44.5951
RE1,PWRSOL001,2035,48.0549
RE1,PWRSOL001,2036,49.6592
RE1,PWRSOL001,2037,44.8282
RE1,PWRSOL001,2038,53.1149
RE1,PWRSOL001,2039,56.4899
RE1,PWRSOL001,2040,63.4564
RE1,PWRSOL001,2041,4.2721
RE1,PWRSOL001,2042,6.7859
RE1,PWRSOL001,2043,51.0352
RE1,PWRSOL001,2044,88.3423
RE1,PWRSOL001,2045,98.7504
RE1,PWRSOL001,2046,97.9779
RE1,PWRSOL001,2047,93.2726
RE1,PWRSOL001,2048,128.0576
RE1,PWRSOL001,2049,181.5913
RE1,PWRSOL001,2050,399.6638
RE1,PWRTRN,2028,13.1942
RE1,PWRTRN,2029,26.9287
RE1,PWRTRN,2030,28.2245
RE1,PWRTRN,2031,35.7532
RE1,PWRTRN,2032,37.3216
RE1,PWRTRN,2033,38.9288
RE1,PWRTRN,2034,40.5767
RE1,PWRTRN,2035,42.2674
RE1,PWRTRN,2036,48.9467
RE1,PWRTRN,2037,50.8219
RE1,PWRTRN,2038,52.7406
RE1,PWRTRN,2039,54.705
RE1,PWRTRN,2040,56.7172
RE1,PWRTRN,2041,69.8356
RE1,PWRTRN,2042,72.1803
RE1,PWRTRN,2043,74.5745
RE1,PWRTRN,2044,77.0203
RE1,PWRTRN,2045,81.9103
RE1,PWRTRN,2046,102.2527
RE1,PWRTRN,2047,105.2541
RE1,PWRTRN,2048,108.3104
RE1,PWRTRN,2049,111.4238
RE1,PWRTRN,2050,132.2738
RE1,PWRWND001,2035,76.9793
RE1,PWRWND001,2036,77.3807
RE1,PWRWND001,2037,20.7244
RE1,PWRWND001,2038,22.6054
RE1,PWRWND001,2039,24.2212
RE1,PWRWND001,2040,26.1191
RE1,PWRWND001,2041,32.9535
RE1,PWRWND001,2042,37.1207
RE1,PWRWND001,2043,31.2966
RE1,PWRWND001,2044,36.2703
RE1,PWRWND001,2045,46.8261
RE1,PWRWND001,2046,68.9372
RE1,PWRWND001,2047,71.9346
RE1,PWRWND001,2048,280.7628
RE1,PWRWND001,2049,544.8944
RE1,PWRWND001,2050,251.0546
