r,t,TotalTechnologyModelPeriodActivity
RE1,DEMAGRHEABIO,14.3673
RE1,DEMAGRHEAGSL,3.4169
RE1,DEMAGRIRRELC,91.2688
RE1,DEMAGRMACGSL,3.1109
RE1,DEMCOMAPPELC,256.6232
RE1,DEMCOMOTHELC,45.9613
RE1,DEMCOMOTHGSL,9.8934
RE1,DEMCOPHEACOA,114.7423
RE1,DEMCOPHEAELC,28.7306
RE1,DEMCOPHEAGSL,30.9222
RE1,DEMCOPMOTELC,1964.9889
RE1,DEMCOPVEHGSL,107.8378
RE1,DEMINDHEABIO,1177.4547
RE1,DEMINDHEACOA,501.6982
RE1,DEMINDHEAELC,21.589
RE1,DEMINDHEAHFO,15.8353
RE1,DEMINDMOTELC,130.4683
RE1,DEMRESCOOELC,571.9691
RE1,DEMRESHCKBGS,1.8997
RE1,DEMRESHCKBIO,1230.1064
RE1,DEMRESHCKELC,113.0391
RE1,DEMRESHCKLPG,39.0842
RE1,DEMRESLIGELC,446.7474
RE1,DEMTRABUSELC,1.6013
RE1,DEMTRABUSGSL,7.6457
RE1,DEMTRACARELC,3.8439
RE1,DEMTRACARGSL,250.8073
RE1,DEMTRAEVC,30.9077
RE1,DEMTRAFREELC,11.3466
RE1,DEMTRAFREGSL,72.2814
RE1,DEMTRAMCYELC,11.0529
RE1,DEMTRAMCYGSL,5.0374
RE1,DEMTRAOTHGSL,31.9019
RE1,IMPBGS,10.5432
RE1,IMPBIO,5054.6297
RE1,IMPCOA,893.8157
RE1,IMPGSL,2616.9473
RE1,IMPHFO,63.7676
RE1,IMPLPG,71.055
RE1,MINBIO,7555.0517
RE1,MINCOA,929.7313
RE1,MINGEO,426.3273
RE1,MINHYD,3164.1704
RE1,MINSOL,914.6886
RE1,MINWND,153.4694
RE1,PWRBIO001,283.3402
RE1,PWRCOA001,93.7147
RE1,PWRDIST,3711.3451
RE1,PWRGEO,341.0618
RE1,PWRHYD001,1864.5708
RE1,PWRHYD002,1299.5995
RE1,PWROHC002,8.4544
RE1,PWRSOL001,914.6886
RE1,PWRTRN,3999.1178
RE1,PWRTRNEXP,678.865
RE1,PWRTRNIMP,29.172
RE1,PWRWND001,153.4694
