r,t,y,TotalTechnologyAnnualActivity
RE1,DEMAGRHEABIO,2026,0.0437
RE1,DEMAGRHEABIO,2027,0.0877
RE1,DEMAGRHEABIO,2028,0.132
RE1,DEMAGRHEABIO,2029,0.1767
RE1,DEMAGRHEABIO,2030,0.2217
RE1,DEMAGRHEABIO,2031,0.2721
RE1,DEMAGRHEABIO,2032,0.323
RE1,DEMAGRHEABIO,2033,0.3743
RE1,DEMAGRHEABIO,2034,0.426
RE1,DEMAGRHEABIO,2035,0.4782
RE1,DEMAGRHEABIO,2036,0.5096
RE1,DEMAGRHEABIO,2037,0.5414
RE1,DEMAGRHEABIO,2038,0.5738
RE1,DEMAGRHEABIO,2039,0.6067
RE1,DEMAGRHEABIO,2040,0.6401
RE1,DEMAGRHEABIO,2041,0.6818
RE1,DEMAGRHEABIO,2042,0.7241
RE1,DEMAGRHEABIO,2043,0.7671
RE1,DEMAGRHEABIO,2044,0.8108
RE1,DEMAGRHEABIO,2045,0.8551
RE1,DEMAGRHEABIO,2046,0.9103
RE1,DEMAGRHEABIO,2047,0.9665
RE1,DEMAGRHEABIO,2048,1.0234
RE1,DEMAGRHEABIO,2049,1.0812
RE1,DEMAGRHEABIO,2050,1.1399
RE1,DEMAGRHEAGSL,2015,0.1875
RE1,DEMAGRHEAGSL,2016,0.1927
RE1,DEMAGRHEAGSL,2017,0.1979
RE1,DEMAGRHEAGSL,2018,0.2032
RE1,DEMAGRHEAGSL,2019,0.2084
RE1,DEMAGRHEAGSL,2020,0.1785
RE1,DEMAGRHEAGSL,2021,0.1928
RE1,DEMAGRHEAGSL,2022,0.2073
RE1,DEMAGRHEAGSL,2023,0.2221
RE1,DEMAGRHEAGSL,2024,0.2372
RE1,DEMAGRHEAGSL,2025,0.2526
RE1,DEMAGRHEAGSL,2026,0.2273
RE1,DEMAGRHEAGSL,2027,0.2021
RE1,DEMAGRHEAGSL,2028,0.1768
RE1,DEMAGRHEAGSL,2029,0.1516
RE1,DEMAGRHEAGSL,2030,0.1263
RE1,DEMAGRHEAGSL,2031,0.101
RE1,DEMAGRHEAGSL,2032,0.0758
RE1,DEMAGRHEAGSL,2033,0.0505
RE1,DEMAGRHEAGSL,2034,0.0253
RE1,DEMAGRIRRELC,2015,0.9623
RE1,DEMAGRIRRELC,2016,0.989
RE1,DEMAGRIRRELC,2017,1.0157
RE1,DEMAGRIRRELC,2018,1.0425
RE1,DEMAGRIRRELC,2019,1.0692
RE1,DEMAGRIRRELC,2020,0.9162
RE1,DEMAGRIRRELC,2021,0.9894
RE1,DEMAGRIRRELC,2022,1.064
RE1,DEMAGRIRRELC,2023,1.14
RE1,DEMAGRIRRELC,2024,1.2174
RE1,DEMAGRIRRELC,2025,1.2963
RE1,DEMAGRIRRELC,2026,1.3908
RE1,DEMAGRIRRELC,2027,1.487
RE1,DEMAGRIRRELC,2028,1.5849
RE1,DEMAGRIRRELC,2029,1.6846
RE1,DEMAGRIRRELC,2030,1.786
RE1,DEMAGRIRRELC,2031,1.9151
RE1,DEMAGRIRRELC,2032,2.0465
RE1,DEMAGRIRRELC,2033,2.1801
RE1,DEMAGRIRRELC,2034,2.316
RE1,DEMAGRIRRELC,2035,2.4541
RE1,DEMAGRIRRELC,2036,2.615
RE1,DEMAGRIRRELC,2037,2.7786
RE1,DEMAGRIRRELC,2038,2.9448
RE1,DEMAGRIRRELC,2039,3.1137
RE1,DEMAGRIRRELC,2040,3.2852
RE1,DEMAGRIRRELC,2041,3.4991
RE1,DEMAGRIRRELC,2042,3.7163
RE1,DEMAGRIRRELC,2043,3.9369
RE1,DEMAGRIRRELC,2044,4.1609
RE1,DEMAGRIRRELC,2045,4.3882
RE1,DEMAGRIRRELC,2046,4.6719
RE1,DEMAGRIRRELC,2047,4.96
RE1,DEMAGRIRRELC,2048,5.2523
RE1,DEMAGRIRRELC,2049,5.549
RE1,DEMAGRIRRELC,2050,5.8499
RE1,DEMAGRMACGSL,2015,0.0328
RE1,DEMAGRMACGSL,2016,0.0337
RE1,DEMAGRMACGSL,2017,0.0346
RE1,DEMAGRMACGSL,2018,0.0355
RE1,DEMAGRMACGSL,2019,0.0364
RE1,DEMAGRMACGSL,2020,0.0312
RE1,DEMAGRMACGSL,2021,0.0337
RE1,DEMAGRMACGSL,2022,0.0363
RE1,DEMAGRMACGSL,2023,0.0389
RE1,DEMAGRMACGSL,2024,0.0415
RE1,DEMAGRMACGSL,2025,0.0442
RE1,DEMAGRMACGSL,2026,0.0474
RE1,DEMAGRMACGSL,2027,0.0507
RE1,DEMAGRMACGSL,2028,0.054
RE1,DEMAGRMACGSL,2029,0.0574
RE1,DEMAGRMACGSL,2030,0.0609
RE1,DEMAGRMACGSL,2031,0.0653
RE1,DEMAGRMACGSL,2032,0.0698
RE1,DEMAGRMACGSL,2033,0.0743
RE1,DEMAGRMACGSL,2034,0.0789
RE1,DEMAGRMACGSL,2035,0.0836
RE1,DEMAGRMACGSL,2036,0.0891
RE1,DEMAGRMACGSL,2037,0.0947
RE1,DEMAGRMACGSL,2038,0.1004
RE1,DEMAGRMACGSL,2039,0.1061
RE1,DEMAGRMACGSL,2040,0.112
RE1,DEMAGRMACGSL,2041,0.1193
RE1,DEMAGRMACGSL,2042,0.1267
RE1,DEMAGRMACGSL,2043,0.1342
RE1,DEMAGRMACGSL,2044,0.1418
RE1,DEMAGRMACGSL,2045,0.1496
RE1,DEMAGRMACGSL,2046,0.1592
RE1,DEMAGRMACGSL,2047,0.1691
RE1,DEMAGRMACGSL,2048,0.179
RE1,DEMAGRMACGSL,2049,0.1891
RE1,DEMAGRMACGSL,2050,0.1994
RE1,DEMCOMAPPELC,2015,2.9036
RE1,DEMCOMAPPELC,2016,2.9843
RE1,DEMCOMAPPELC,2017,3.0649
RE1,DEMCOMAPPELC,2018,3.1456
RE1,DEMCOMAPPELC,2019,3.2262
RE1,DEMCOMAPPELC,2020,3.1065
RE1,DEMCOMAPPELC,2021,3.3174
RE1,DEMCOMAPPELC,2022,3.5285
RE1,DEMCOMAPPELC,2023,3.7396
RE1,DEMCOMAPPELC,2024,3.9508
RE1,DEMCOMAPPELC,2025,4.1622
RE1,DEMCOMAPPELC,2026,4.4187
RE1,DEMCOMAPPELC,2027,4.6754
RE1,DEMCOMAPPELC,2028,4.9323
RE1,DEMCOMAPPELC,2029,5.1892
RE1,DEMCOMAPPELC,2030,5.4463
RE1,DEMCOMAPPELC,2031,5.782
RE1,DEMCOMAPPELC,2032,6.1179
RE1,DEMCOMAPPELC,2033,6.4539
RE1,DEMCOMAPPELC,2034,6.7901
RE1,DEMCOMAPPELC,2035,7.1265
RE1,DEMCOMAPPELC,2036,7.5221
RE1,DEMCOMAPPELC,2037,7.9178
RE1,DEMCOMAPPELC,2038,8.3138
RE1,DEMCOMAPPELC,2039,8.7099
RE1,DEMCOMAPPELC,2040,9.1062
RE1,DEMCOMAPPELC,2041,9.6117
RE1,DEMCOMAPPELC,2042,10.1174
RE1,DEMCOMAPPELC,2043,10.6233
RE1,DEMCOMAPPELC,2044,11.1295
RE1,DEMCOMAPPELC,2045,11.6359
RE1,DEMCOMAPPELC,2046,12.2818
RE1,DEMCOMAPPELC,2047,12.928
RE1,DEMCOMAPPELC,2048,13.5744
RE1,DEMCOMAPPELC,2049,14.2212
RE1,DEMCOMAPPELC,2050,14.8683
RE1,DEMCOMOTHELC,2026,0.237
RE1,DEMCOMOTHELC,2027,0.4741
RE1,DEMCOMOTHELC,2028,0.7112
RE1,DEMCOMOTHELC,2029,0.9483
RE1,DEMCOMOTHELC,2030,1.1854
RE1,DEMCOMOTHELC,2031,1.2585
RE1,DEMCOMOTHELC,2032,1.3316
RE1,DEMCOMOTHELC,2033,1.4047
RE1,DEMCOMOTHELC,2034,1.4779
RE1,DEMCOMOTHELC,2035,1.5511
RE1,DEMCOMOTHELC,2036,1.6372
RE1,DEMCOMOTHELC,2037,1.7233
RE1,DEMCOMOTHELC,2038,1.8095
RE1,DEMCOMOTHELC,2039,1.8957
RE1,DEMCOMOTHELC,2040,1.982
RE1,DEMCOMOTHELC,2041,2.092
RE1,DEMCOMOTHELC,2042,2.2021
RE1,DEMCOMOTHELC,2043,2.3122
RE1,DEMCOMOTHELC,2044,2.4223
RE1,DEMCOMOTHELC,2045,2.5326
RE1,DEMCOMOTHELC,2046,2.6731
RE1,DEMCOMOTHELC,2047,2.8138
RE1,DEMCOMOTHELC,2048,2.9545
RE1,DEMCOMOTHELC,2049,3.0953
RE1,DEMCOMOTHELC,2050,3.2361
RE1,DEMCOMOTHGSL,2015,0.632
RE1,DEMCOMOTHGSL,2016,0.6496
RE1,DEMCOMOTHGSL,2017,0.6671
RE1,DEMCOMOTHGSL,2018,0.6847
RE1,DEMCOMOTHGSL,2019,0.7023
RE1,DEMCOMOTHGSL,2020,0.6761
RE1,DEMCOMOTHGSL,2021,0.722
RE1,DEMCOMOTHGSL,2022,0.768
RE1,DEMCOMOTHGSL,2023,0.8139
RE1,DEMCOMOTHGSL,2024,0.8599
RE1,DEMCOMOTHGSL,2025,0.9059
RE1,DEMCOMOTHGSL,2026,0.7247
RE1,DEMCOMOTHGSL,2027,0.5435
RE1,DEMCOMOTHGSL,2028,0.3624
RE1,DEMCOMOTHGSL,2029,0.1812
RE1,DEMCOPHEACOA,2026,0.742
RE1,DEMCOPHEACOA,2027,1.484
RE1,DEMCOPHEACOA,2028,2.2261
RE1,DEMCOPHEACOA,2029,2.9681
RE1,DEMCOPHEACOA,2030,3.7101
RE1,DEMCOPHEACOA,2031,3.9379
RE1,DEMCOPHEACOA,2032,4.1657
RE1,DEMCOPHEACOA,2033,4.3934
RE1,DEMCOPHEACOA,2034,4.4181
RE1,DEMCOPHEACOA,2035,4.4181
RE1,DEMCOPHEACOA,2036,4.6465
RE1,DEMCOPHEACOA,2037,4.6465
RE1,DEMCOPHEACOA,2038,4.6465
RE1,DEMCOPHEACOA,2039,4.6465
RE1,DEMCOPHEACOA,2040,4.6465
RE1,DEMCOPHEACOA,2041,4.6537
RE1,DEMCOPHEACOA,2042,4.6337
RE1,DEMCOPHEACOA,2043,4.8995
RE1,DEMCOPHEACOA,2044,5.2054
RE1,DEMCOPHEACOA,2045,5.5474
RE1,DEMCOPHEACOA,2046,5.7665
RE1,DEMCOPHEACOA,2047,6.2029
RE1,DEMCOPHEACOA,2048,6.6394
RE1,DEMCOPHEACOA,2049,7.2976
RE1,DEMCOPHEACOA,2050,8.2005
RE1,DEMCOPHEAELC,2034,0.2031
RE1,DEMCOPHEAELC,2035,0.4309
RE1,DEMCOPHEAELC,2036,0.4704
RE1,DEMCOPHEAELC,2037,0.7384
RE1,DEMCOPHEAELC,2038,1.0063
RE1,DEMCOPHEAELC,2039,1.2742
RE1,DEMCOPHEAELC,2040,1.5422
RE1,DEMCOPHEAELC,2041,1.8769
RE1,DEMCOPHEAELC,2042,2.2389
RE1,DEMCOPHEAELC,2043,2.3151
RE1,DEMCOPHEAELC,2044,2.3511
RE1,DEMCOPHEAELC,2045,2.3511
RE1,DEMCOPHEAELC,2046,2.5684
RE1,DEMCOPHEAELC,2047,2.5684
RE1,DEMCOPHEAELC,2048,2.5684
RE1,DEMCOPHEAELC,2049,2.3467
RE1,DEMCOPHEAELC,2050,1.8802
RE1,DEMCOPHEAGSL,2015,1.9638
RE1,DEMCOPHEAGSL,2016,2.0184
RE1,DEMCOPHEAGSL,2017,2.0729
RE1,DEMCOPHEAGSL,2018,2.1275
RE1,DEMCOPHEAGSL,2019,2.182
RE1,DEMCOPHEAGSL,2020,2.1213
RE1,DEMCOPHEAGSL,2021,2.2648
RE1,DEMCOPHEAGSL,2022,2.4083
RE1,DEMCOPHEAGSL,2023,2.5517
RE1,DEMCOPHEAGSL,2024,2.6952
RE1,DEMCOPHEAGSL,2025,2.8387
RE1,DEMCOPHEAGSL,2026,2.271
RE1,DEMCOPHEAGSL,2027,1.7032
RE1,DEMCOPHEAGSL,2028,1.1355
RE1,DEMCOPHEAGSL,2029,0.5677
RE1,DEMCOPMOTELC,2015,22.1253
RE1,DEMCOPMOTELC,2016,22.7399
RE1,DEMCOPMOTELC,2017,23.3545
RE1,DEMCOPMOTELC,2018,23.9691
RE1,DEMCOPMOTELC,2019,24.5837
RE1,DEMCOPMOTELC,2020,23.9014
RE1,DEMCOPMOTELC,2021,25.5182
RE1,DEMCOPMOTELC,2022,27.1351
RE1,DEMCOPMOTELC,2023,28.7519
RE1,DEMCOPMOTELC,2024,30.3687
RE1,DEMCOPMOTELC,2025,31.9855
RE1,DEMCOPMOTELC,2026,33.9492
RE1,DEMCOPMOTELC,2027,35.9128
RE1,DEMCOPMOTELC,2028,37.8765
RE1,DEMCOPMOTELC,2029,39.8401
RE1,DEMCOPMOTELC,2030,41.8038
RE1,DEMCOPMOTELC,2031,44.3702
RE1,DEMCOPMOTELC,2032,46.9366
RE1,DEMCOPMOTELC,2033,49.503
RE1,DEMCOPMOTELC,2034,52.0694
RE1,DEMCOPMOTELC,2035,54.6359
RE1,DEMCOPMOTELC,2036,57.6548
RE1,DEMCOPMOTELC,2037,60.6738
RE1,DEMCOPMOTELC,2038,63.6928
RE1,DEMCOPMOTELC,2039,66.7118
RE1,DEMCOPMOTELC,2040,69.7307
RE1,DEMCOPMOTELC,2041,73.5838
RE1,DEMCOPMOTELC,2042,77.4369
RE1,DEMCOPMOTELC,2043,81.2899
RE1,DEMCOPMOTELC,2044,85.143
RE1,DEMCOPMOTELC,2045,88.9961
RE1,DEMCOPMOTELC,2046,93.9137
RE1,DEMCOPMOTELC,2047,98.8313
RE1,DEMCOPMOTELC,2048,103.7488
RE1,DEMCOPMOTELC,2049,108.6664
RE1,DEMCOPMOTELC,2050,113.584
RE1,DEMCOPVEHGSL,2015,1.2143
RE1,DEMCOPVEHGSL,2016,1.2481
RE1,DEMCOPVEHGSL,2017,1.2818
RE1,DEMCOPVEHGSL,2018,1.3155
RE1,DEMCOPVEHGSL,2019,1.3493
RE1,DEMCOPVEHGSL,2020,1.3117
RE1,DEMCOPVEHGSL,2021,1.4004
RE1,DEMCOPVEHGSL,2022,1.4892
RE1,DEMCOPVEHGSL,2023,1.5779
RE1,DEMCOPVEHGSL,2024,1.6666
RE1,DEMCOPVEHGSL,2025,1.7553
RE1,DEMCOPVEHGSL,2026,1.8631
RE1,DEMCOPVEHGSL,2027,1.9709
RE1,DEMCOPVEHGSL,2028,2.0786
RE1,DEMCOPVEHGSL,2029,2.1864
RE1,DEMCOPVEHGSL,2030,2.2942
RE1,DEMCOPVEHGSL,2031,2.435
RE1,DEMCOPVEHGSL,2032,2.5758
RE1,DEMCOPVEHGSL,2033,2.7167
RE1,DEMCOPVEHGSL,2034,2.8575
RE1,DEMCOPVEHGSL,2035,2.9984
RE1,DEMCOPVEHGSL,2036,3.1641
RE1,DEMCOPVEHGSL,2037,3.3297
RE1,DEMCOPVEHGSL,2038,3.4954
RE1,DEMCOPVEHGSL,2039,3.6611
RE1,DEMCOPVEHGSL,2040,3.8268
RE1,DEMCOPVEHGSL,2041,4.0382
RE1,DEMCOPVEHGSL,2042,4.2497
RE1,DEMCOPVEHGSL,2043,4.4611
RE1,DEMCOPVEHGSL,2044,4.6726
RE1,DEMCOPVEHGSL,2045,4.884
RE1,DEMCOPVEHGSL,2046,5.1539
RE1,DEMCOPVEHGSL,2047,5.4238
RE1,DEMCOPVEHGSL,2048,5.6937
RE1,DEMCOPVEHGSL,2049,5.9635
RE1,DEMCOPVEHGSL,2050,6.2334
RE1,DEMINDHEABIO,2015,16.6975
RE1,DEMINDHEABIO,2016,17.1613
RE1,DEMINDHEABIO,2017,17.6251
RE1,DEMINDHEABIO,2018,18.0889
RE1,DEMINDHEABIO,2019,18.5527
RE1,DEMINDHEABIO,2020,18.5639
RE1,DEMINDHEABIO,2021,19.791
RE1,DEMINDHEABIO,2022,21.0145
RE1,DEMINDHEABIO,2023,22.2343
RE1,DEMINDHEABIO,2024,23.4505
RE1,DEMINDHEABIO,2025,24.663
RE1,DEMINDHEABIO,2026,27.1417
RE1,DEMINDHEABIO,2027,29.6152
RE1,DEMINDHEABIO,2028,32.0836
RE1,DEMINDHEABIO,2029,34.547
RE1,DEMINDHEABIO,2030,37.0052
RE1,DEMINDHEABIO,2031,39.2193
RE1,DEMINDHEABIO,2032,40.0
RE1,DEMINDHEABIO,2033,40.0
RE1,DEMINDHEABIO,2034,40.0
RE1,DEMINDHEABIO,2035,40.0
RE1,DEMINDHEABIO,2036,40.0
RE1,DEMINDHEABIO,2037,40.0
RE1,DEMINDHEABIO,2038,40.0
RE1,DEMINDHEABIO,2039,40.0
RE1,DEMINDHEABIO,2040,40.0
RE1,DEMINDHEABIO,2041,40.0
RE1,DEMINDHEABIO,2042,40.0
RE1,DEMINDHEABIO,2043,40.0
RE1,DEMINDHEABIO,2044,40.0
RE1,DEMINDHEABIO,2045,40.0
RE1,DEMINDHEABIO,2046,40.0
RE1,DEMINDHEABIO,2047,40.0
RE1,DEMINDHEABIO,2048,40.0
RE1,DEMINDHEABIO,2049,40.0
RE1,DEMINDHEABIO,2050,40.0
RE1,DEMINDHEACOA,2015,1.6228
RE1,DEMINDHEACOA,2016,1.6679
RE1,DEMINDHEACOA,2017,1.7129
RE1,DEMINDHEACOA,2018,1.758
RE1,DEMINDHEACOA,2019,1.8031
RE1,DEMINDHEACOA,2020,1.8042
RE1,DEMINDHEACOA,2021,1.9234
RE1,DEMINDHEACOA,2022,2.0423
RE1,DEMINDHEACOA,2023,2.1609
RE1,DEMINDHEACOA,2024,2.2791
RE1,DEMINDHEACOA,2025,2.3969
RE1,DEMINDHEACOA,2026,1.9175
RE1,DEMINDHEACOA,2027,1.4382
RE1,DEMINDHEACOA,2028,0.9588
RE1,DEMINDHEACOA,2029,0.4794
RE1,DEMINDHEACOA,2032,1.4268
RE1,DEMINDHEACOA,2033,3.6277
RE1,DEMINDHEACOA,2034,5.8218
RE1,DEMINDHEACOA,2035,7.7814
RE1,DEMINDHEACOA,2036,10.3461
RE1,DEMINDHEACOA,2037,12.7351
RE1,DEMINDHEACOA,2038,14.9324
RE1,DEMINDHEACOA,2039,17.1152
RE1,DEMINDHEACOA,2040,19.1663
RE1,DEMINDHEACOA,2041,22.454
RE1,DEMINDHEACOA,2042,25.6865
RE1,DEMINDHEACOA,2043,28.9315
RE1,DEMINDHEACOA,2044,32.1666
RE1,DEMINDHEACOA,2045,35.2196
RE1,DEMINDHEACOA,2046,39.3548
RE1,DEMINDHEACOA,2047,43.4772
RE1,DEMINDHEACOA,2048,47.5869
RE1,DEMINDHEACOA,2049,51.6837
RE1,DEMINDHEACOA,2050,56.2193
RE1,DEMINDHEAELC,2035,0.2279
RE1,DEMINDHEAELC,2036,0.2411
RE1,DEMINDHEAELC,2037,0.4221
RE1,DEMINDHEAELC,2038,0.7871
RE1,DEMINDHEAELC,2039,1.1586
RE1,DEMINDHEAELC,2040,1.654
RE1,DEMINDHEAELC,2041,1.6314
RE1,DEMINDHEAELC,2042,1.654
RE1,DEMINDHEAELC,2043,1.654
RE1,DEMINDHEAELC,2044,1.654
RE1,DEMINDHEAELC,2045,1.826
RE1,DEMINDHEAELC,2046,1.826
RE1,DEMINDHEAELC,2047,1.826
RE1,DEMINDHEAELC,2048,1.826
RE1,DEMINDHEAELC,2049,1.826
RE1,DEMINDHEAELC,2050,1.3746
RE1,DEMINDHEAHFO,2015,0.9897
RE1,DEMINDHEAHFO,2016,1.0172
RE1,DEMINDHEAHFO,2017,1.0447
RE1,DEMINDHEAHFO,2018,1.0721
RE1,DEMINDHEAHFO,2019,1.0996
RE1,DEMINDHEAHFO,2020,1.1003
RE1,DEMINDHEAHFO,2021,1.173
RE1,DEMINDHEAHFO,2022,1.2455
RE1,DEMINDHEAHFO,2023,1.3178
RE1,DEMINDHEAHFO,2024,1.3899
RE1,DEMINDHEAHFO,2025,1.4618
RE1,DEMINDHEAHFO,2026,1.1694
RE1,DEMINDHEAHFO,2027,0.8771
RE1,DEMINDHEAHFO,2028,0.5847
RE1,DEMINDHEAHFO,2029,0.2924
RE1,DEMINDMOTELC,2015,1.4675
RE1,DEMINDMOTELC,2016,1.5083
RE1,DEMINDMOTELC,2017,1.549
RE1,DEMINDMOTELC,2018,1.5898
RE1,DEMINDMOTELC,2019,1.6306
RE1,DEMINDMOTELC,2020,1.6317
RE1,DEMINDMOTELC,2021,1.7396
RE1,DEMINDMOTELC,2022,1.8471
RE1,DEMINDMOTELC,2023,1.9543
RE1,DEMINDMOTELC,2024,2.0612
RE1,DEMINDMOTELC,2025,2.1678
RE1,DEMINDMOTELC,2026,2.2975
RE1,DEMINDMOTELC,2027,2.4269
RE1,DEMINDMOTELC,2028,2.5558
RE1,DEMINDMOTELC,2029,2.6844
RE1,DEMINDMOTELC,2030,2.8126
RE1,DEMINDMOTELC,2031,2.9809
RE1,DEMINDMOTELC,2032,3.1487
RE1,DEMINDMOTELC,2033,3.3159
RE1,DEMINDMOTELC,2034,3.4827
RE1,DEMINDMOTELC,2035,3.649
RE1,DEMINDMOTELC,2036,3.8449
RE1,DEMINDMOTELC,2037,4.0402
RE1,DEMINDMOTELC,2038,4.235
RE1,DEMINDMOTELC,2039,4.4291
RE1,DEMINDMOTELC,2040,4.6227
RE1,DEMINDMOTELC,2041,4.8708
RE1,DEMINDMOTELC,2042,5.1182
RE1,DEMINDMOTELC,2043,5.3649
RE1,DEMINDMOTELC,2044,5.6108
RE1,DEMINDMOTELC,2045,5.8559
RE1,DEMINDMOTELC,2046,6.1702
RE1,DEMINDMOTELC,2047,6.4835
RE1,DEMINDMOTELC,2048,6.7959
RE1,DEMINDMOTELC,2049,7.1072
RE1,DEMINDMOTELC,2050,7.4177
RE1,DEMRESCOOELC,2015,7.1063
RE1,DEMRESCOOELC,2016,7.3037
RE1,DEMRESCOOELC,2017,7.5011
RE1,DEMRESCOOELC,2018,7.6985
RE1,DEMRESCOOELC,2019,7.8959
RE1,DEMRESCOOELC,2020,8.1619
RE1,DEMRESCOOELC,2021,8.5617
RE1,DEMRESCOOELC,2022,8.9795
RE1,DEMRESCOOELC,2023,9.4163
RE1,DEMRESCOOELC,2024,9.8727
RE1,DEMRESCOOELC,2025,10.3497
RE1,DEMRESCOOELC,2026,10.8416
RE1,DEMRESCOOELC,2027,11.3552
RE1,DEMRESCOOELC,2028,11.8915
RE1,DEMRESCOOELC,2029,12.4513
RE1,DEMRESCOOELC,2030,13.0357
RE1,DEMRESCOOELC,2031,13.6375
RE1,DEMRESCOOELC,2032,14.2653
RE1,DEMRESCOOELC,2033,14.92
RE1,DEMRESCOOELC,2034,15.6029
RE1,DEMRESCOOELC,2035,16.3151
RE1,DEMRESCOOELC,2036,17.0226
RE1,DEMRESCOOELC,2037,17.7588
RE1,DEMRESCOOELC,2038,18.5248
RE1,DEMRESCOOELC,2039,19.3218
RE1,DEMRESCOOELC,2040,20.1509
RE1,DEMRESCOOELC,2041,20.979
RE1,DEMRESCOOELC,2042,21.839
RE1,DEMRESCOOELC,2043,22.732
RE1,DEMRESCOOELC,2044,23.6593
RE1,DEMRESCOOELC,2045,24.6221
RE1,DEMRESCOOELC,2046,25.5799
RE1,DEMRESCOOELC,2047,26.5727
RE1,DEMRESCOOELC,2048,27.6017
RE1,DEMRESCOOELC,2049,28.668
RE1,DEMRESCOOELC,2050,29.7731
RE1,DEMRESHCKBGS,2049,0.2791
RE1,DEMRESHCKBGS,2050,1.6206
RE1,DEMRESHCKBIO,2015,23.5014
RE1,DEMRESHCKBIO,2016,24.1542
RE1,DEMRESHCKBIO,2017,24.807
RE1,DEMRESHCKBIO,2018,25.4795
RE1,DEMRESHCKBIO,2019,26.1519
RE1,DEMRESHCKBIO,2020,26.7877
RE1,DEMRESHCKBIO,2021,27.2615
RE1,DEMRESHCKBIO,2022,27.7544
RE1,DEMRESHCKBIO,2023,28.2666
RE1,DEMRESHCKBIO,2024,28.7989
RE1,DEMRESHCKBIO,2025,29.3525
RE1,DEMRESHCKBIO,2026,29.8952
RE1,DEMRESHCKBIO,2027,30.4568
RE1,DEMRESHCKBIO,2028,31.0398
RE1,DEMRESHCKBIO,2029,31.6436
RE1,DEMRESHCKBIO,2030,32.2697
RE1,DEMRESHCKBIO,2031,32.8882
RE1,DEMRESHCKBIO,2032,33.5276
RE1,DEMRESHCKBIO,2033,34.1884
RE1,DEMRESHCKBIO,2034,34.8712
RE1,DEMRESHCKBIO,2035,35.5765
RE1,DEMRESHCKBIO,2036,36.2232
RE1,DEMRESHCKBIO,2037,36.8896
RE1,DEMRESHCKBIO,2038,37.5771
RE1,DEMRESHCKBIO,2039,38.2843
RE1,DEMRESHCKBIO,2040,39.0119
RE1,DEMRESHCKBIO,2041,39.6136
RE1,DEMRESHCKBIO,2042,40.2337
RE1,DEMRESHCKBIO,2043,40.8743
RE1,DEMRESHCKBIO,2044,41.5346
RE1,DEMRESHCKBIO,2045,42.214
RE1,DEMRESHCKBIO,2046,42.8434
RE1,DEMRESHCKBIO,2047,43.491
RE1,DEMRESHCKBIO,2048,44.157
RE1,DEMRESHCKBIO,2049,44.5618
RE1,DEMRESHCKBIO,2050,43.9244
RE1,DEMRESHCKELC,2015,0.7471
RE1,DEMRESHCKELC,2016,0.7471
RE1,DEMRESHCKELC,2017,0.7471
RE1,DEMRESHCKELC,2018,0.7471
RE1,DEMRESHCKELC,2019,0.7471
RE1,DEMRESHCKELC,2020,0.7785
RE1,DEMRESHCKELC,2021,0.956
RE1,DEMRESHCKELC,2022,1.134
RE1,DEMRESHCKELC,2023,1.312
RE1,DEMRESHCKELC,2024,1.49
RE1,DEMRESHCKELC,2025,1.667
RE1,DEMRESHCKELC,2026,1.845
RE1,DEMRESHCKELC,2027,2.023
RE1,DEMRESHCKELC,2028,2.201
RE1,DEMRESHCKELC,2029,2.379
RE1,DEMRESHCKELC,2030,2.556
RE1,DEMRESHCKELC,2031,2.734
RE1,DEMRESHCKELC,2032,2.912
RE1,DEMRESHCKELC,2033,3.09
RE1,DEMRESHCKELC,2034,3.267
RE1,DEMRESHCKELC,2035,3.445
RE1,DEMRESHCKELC,2036,3.623
RE1,DEMRESHCKELC,2037,3.801
RE1,DEMRESHCKELC,2038,3.978
RE1,DEMRESHCKELC,2039,4.156
RE1,DEMRESHCKELC,2040,4.334
RE1,DEMRESHCKELC,2041,4.557
RE1,DEMRESHCKELC,2042,4.781
RE1,DEMRESHCKELC,2043,5.004
RE1,DEMRESHCKELC,2044,5.227
RE1,DEMRESHCKELC,2045,5.451
RE1,DEMRESHCKELC,2046,5.674
RE1,DEMRESHCKELC,2047,5.897
RE1,DEMRESHCKELC,2048,6.12
RE1,DEMRESHCKELC,2049,6.344
RE1,DEMRESHCKELC,2050,6.567
RE1,DEMRESHCKLPG,2015,0.0459
RE1,DEMRESHCKLPG,2016,0.0472
RE1,DEMRESHCKLPG,2017,0.0484
RE1,DEMRESHCKLPG,2018,0.0497
RE1,DEMRESHCKLPG,2019,0.051
RE1,DEMRESHCKLPG,2020,0.0504
RE1,DEMRESHCKLPG,2021,0.127
RE1,DEMRESHCKLPG,2022,0.203
RE1,DEMRESHCKLPG,2023,0.279
RE1,DEMRESHCKLPG,2024,0.355
RE1,DEMRESHCKLPG,2025,0.431
RE1,DEMRESHCKLPG,2026,0.507
RE1,DEMRESHCKLPG,2027,0.584
RE1,DEMRESHCKLPG,2028,0.66
RE1,DEMRESHCKLPG,2029,0.736
RE1,DEMRESHCKLPG,2030,0.812
RE1,DEMRESHCKLPG,2031,0.888
RE1,DEMRESHCKLPG,2032,0.964
RE1,DEMRESHCKLPG,2033,1.04
RE1,DEMRESHCKLPG,2034,1.117
RE1,DEMRESHCKLPG,2035,1.193
RE1,DEMRESHCKLPG,2036,1.269
RE1,DEMRESHCKLPG,2037,1.345
RE1,DEMRESHCKLPG,2038,1.421
RE1,DEMRESHCKLPG,2039,1.497
RE1,DEMRESHCKLPG,2040,1.5736
RE1,DEMRESHCKLPG,2041,1.684
RE1,DEMRESHCKLPG,2042,1.794
RE1,DEMRESHCKLPG,2043,1.904
RE1,DEMRESHCKLPG,2044,2.014
RE1,DEMRESHCKLPG,2045,2.124
RE1,DEMRESHCKLPG,2046,2.234
RE1,DEMRESHCKLPG,2047,2.344
RE1,DEMRESHCKLPG,2048,2.454
RE1,DEMRESHCKLPG,2049,2.564
RE1,DEMRESHCKLPG,2050,2.674
RE1,DEMRESLIGELC,2015,6.2008
RE1,DEMRESLIGELC,2016,6.373
RE1,DEMRESLIGELC,2017,6.5453
RE1,DEMRESLIGELC,2018,6.7175
RE1,DEMRESLIGELC,2019,6.8898
RE1,DEMRESLIGELC,2020,7.0799
RE1,DEMRESLIGELC,2021,7.3813
RE1,DEMRESLIGELC,2022,7.6942
RE1,DEMRESLIGELC,2023,8.0192
RE1,DEMRESLIGELC,2024,8.3566
RE1,DEMRESLIGELC,2025,8.707
RE1,DEMRESLIGELC,2026,9.0632
RE1,DEMRESLIGELC,2027,9.4326
RE1,DEMRESLIGELC,2028,9.8158
RE1,DEMRESLIGELC,2029,10.2132
RE1,DEMRESLIGELC,2030,10.6253
RE1,DEMRESLIGELC,2031,11.0448
RE1,DEMRESLIGELC,2032,11.4793
RE1,DEMRESLIGELC,2033,11.9296
RE1,DEMRESLIGELC,2034,12.3962
RE1,DEMRESLIGELC,2035,12.8795
RE1,DEMRESLIGELC,2036,13.3534
RE1,DEMRESLIGELC,2037,13.8433
RE1,DEMRESLIGELC,2038,14.3497
RE1,DEMRESLIGELC,2039,14.8731
RE1,DEMRESLIGELC,2040,15.4141
RE1,DEMRESLIGELC,2041,15.9486
RE1,DEMRESLIGELC,2042,16.5002
RE1,DEMRESLIGELC,2043,17.0693
RE1,DEMRESLIGELC,2044,17.6565
RE1,DEMRESLIGELC,2045,18.2623
RE1,DEMRESLIGELC,2046,18.8593
RE1,DEMRESLIGELC,2047,19.4742
RE1,DEMRESLIGELC,2048,20.1075
RE1,DEMRESLIGELC,2049,20.7599
RE1,DEMRESLIGELC,2050,21.4318
RE1,DEMTRABUSELC,2041,0.0282
RE1,DEMTRABUSELC,2042,0.0563
RE1,DEMTRABUSELC,2043,0.0845
RE1,DEMTRABUSELC,2044,0.1126
RE1,DEMTRABUSELC,2045,0.1466
RE1,DEMTRABUSELC,2046,0.176
RE1,DEMTRABUSELC,2047,0.2053
RE1,DEMTRABUSELC,2048,0.2346
RE1,DEMTRABUSELC,2049,0.264
RE1,DEMTRABUSELC,2050,0.2933
RE1,DEMTRABUSGSL,2015,0.1279
RE1,DEMTRABUSGSL,2016,0.1315
RE1,DEMTRABUSGSL,2017,0.135
RE1,DEMTRABUSGSL,2018,0.1386
RE1,DEMTRABUSGSL,2019,0.1421
RE1,DEMTRABUSGSL,2020,0.1481
RE1,DEMTRABUSGSL,2021,0.1543
RE1,DEMTRABUSGSL,2022,0.1607
RE1,DEMTRABUSGSL,2023,0.1673
RE1,DEMTRABUSGSL,2024,0.1742
RE1,DEMTRABUSGSL,2025,0.1813
RE1,DEMTRABUSGSL,2026,0.1887
RE1,DEMTRABUSGSL,2027,0.1963
RE1,DEMTRABUSGSL,2028,0.2042
RE1,DEMTRABUSGSL,2029,0.2123
RE1,DEMTRABUSGSL,2030,0.2208
RE1,DEMTRABUSGSL,2031,0.2295
RE1,DEMTRABUSGSL,2032,0.2385
RE1,DEMTRABUSGSL,2033,0.2477
RE1,DEMTRABUSGSL,2034,0.2574
RE1,DEMTRABUSGSL,2035,0.2673
RE1,DEMTRABUSGSL,2036,0.277
RE1,DEMTRABUSGSL,2037,0.2871
RE1,DEMTRABUSGSL,2038,0.2974
RE1,DEMTRABUSGSL,2039,0.3081
RE1,DEMTRABUSGSL,2040,0.3192
RE1,DEMTRABUSGSL,2041,0.3019
RE1,DEMTRABUSGSL,2042,0.2849
RE1,DEMTRABUSGSL,2043,0.2682
RE1,DEMTRABUSGSL,2044,0.2519
RE1,DEMTRABUSGSL,2045,0.2301
RE1,DEMTRABUSGSL,2046,0.2127
RE1,DEMTRABUSGSL,2047,0.1956
RE1,DEMTRABUSGSL,2048,0.1789
RE1,DEMTRABUSGSL,2049,0.1625
RE1,DEMTRABUSGSL,2050,0.1465
RE1,DEMTRACARELC,2049,1.278
RE1,DEMTRACARELC,2050,2.5658
RE1,DEMTRACARGSL,2015,2.8676
RE1,DEMTRACARGSL,2016,2.9472
RE1,DEMTRACARGSL,2017,3.0269
RE1,DEMTRACARGSL,2018,3.1066
RE1,DEMTRACARGSL,2019,3.1862
RE1,DEMTRACARGSL,2020,3.0975
RE1,DEMTRACARGSL,2021,3.307
RE1,DEMTRACARGSL,2022,3.5165
RE1,DEMTRACARGSL,2023,3.7261
RE1,DEMTRACARGSL,2024,3.9356
RE1,DEMTRACARGSL,2025,4.1451
RE1,DEMTRACARGSL,2026,4.3996
RE1,DEMTRACARGSL,2027,4.6541
RE1,DEMTRACARGSL,2028,4.9085
RE1,DEMTRACARGSL,2029,5.163
RE1,DEMTRACARGSL,2030,5.4175
RE1,DEMTRACARGSL,2031,5.7501
RE1,DEMTRACARGSL,2032,6.0827
RE1,DEMTRACARGSL,2033,6.4153
RE1,DEMTRACARGSL,2034,6.7479
RE1,DEMTRACARGSL,2035,7.0804
RE1,DEMTRACARGSL,2036,7.4717
RE1,DEMTRACARGSL,2037,7.8629
RE1,DEMTRACARGSL,2038,8.2542
RE1,DEMTRACARGSL,2039,8.6454
RE1,DEMTRACARGSL,2040,9.0366
RE1,DEMTRACARGSL,2041,9.536
RE1,DEMTRACARGSL,2042,10.0353
RE1,DEMTRACARGSL,2043,10.5346
RE1,DEMTRACARGSL,2044,11.034
RE1,DEMTRACARGSL,2045,11.5333
RE1,DEMTRACARGSL,2046,12.1706
RE1,DEMTRACARGSL,2047,12.8079
RE1,DEMTRACARGSL,2048,13.4452
RE1,DEMTRACARGSL,2049,12.8044
RE1,DEMTRACARGSL,2050,12.1539
RE1,DEMTRAEVC,2026,0.0506
RE1,DEMTRAEVC,2027,0.1014
RE1,DEMTRAEVC,2028,0.1526
RE1,DEMTRAEVC,2029,0.2041
RE1,DEMTRAEVC,2030,0.2559
RE1,DEMTRAEVC,2031,0.3078
RE1,DEMTRAEVC,2032,0.3599
RE1,DEMTRAEVC,2033,0.4124
RE1,DEMTRAEVC,2034,0.4653
RE1,DEMTRAEVC,2035,0.5185
RE1,DEMTRAEVC,2036,0.5314
RE1,DEMTRAEVC,2037,0.5446
RE1,DEMTRAEVC,2038,0.5581
RE1,DEMTRAEVC,2039,0.5719
RE1,DEMTRAEVC,2040,0.5861
RE1,DEMTRAEVC,2041,0.631
RE1,DEMTRAEVC,2042,0.6762
RE1,DEMTRAEVC,2043,1.0648
RE1,DEMTRAEVC,2044,1.4537
RE1,DEMTRAEVC,2045,1.8508
RE1,DEMTRAEVC,2046,2.2529
RE1,DEMTRAEVC,2047,2.6553
RE1,DEMTRAEVC,2048,3.058
RE1,DEMTRAEVC,2049,4.8796
RE1,DEMTRAEVC,2050,6.7646
RE1,DEMTRAFREELC,2043,0.3091
RE1,DEMTRAFREELC,2044,0.6182
RE1,DEMTRAFREELC,2045,0.9285
RE1,DEMTRAFREELC,2046,1.2486
RE1,DEMTRAFREELC,2047,1.5687
RE1,DEMTRAFREELC,2048,1.8888
RE1,DEMTRAFREELC,2049,2.2088
RE1,DEMTRAFREELC,2050,2.5759
RE1,DEMTRAFREGSL,2015,0.9417
RE1,DEMTRAFREGSL,2016,0.9679
RE1,DEMTRAFREGSL,2017,0.994
RE1,DEMTRAFREGSL,2018,1.0202
RE1,DEMTRAFREGSL,2019,1.0464
RE1,DEMTRAFREGSL,2020,1.0172
RE1,DEMTRAFREGSL,2021,1.086
RE1,DEMTRAFREGSL,2022,1.1548
RE1,DEMTRAFREGSL,2023,1.2236
RE1,DEMTRAFREGSL,2024,1.2925
RE1,DEMTRAFREGSL,2025,1.3613
RE1,DEMTRAFREGSL,2026,1.4448
RE1,DEMTRAFREGSL,2027,1.5284
RE1,DEMTRAFREGSL,2028,1.612
RE1,DEMTRAFREGSL,2029,1.6955
RE1,DEMTRAFREGSL,2030,1.7791
RE1,DEMTRAFREGSL,2031,1.8883
RE1,DEMTRAFREGSL,2032,1.9976
RE1,DEMTRAFREGSL,2033,2.1068
RE1,DEMTRAFREGSL,2034,2.216
RE1,DEMTRAFREGSL,2035,2.3252
RE1,DEMTRAFREGSL,2036,2.4537
RE1,DEMTRAFREGSL,2037,2.5822
RE1,DEMTRAFREGSL,2038,2.7107
RE1,DEMTRAFREGSL,2039,2.8392
RE1,DEMTRAFREGSL,2040,2.9677
RE1,DEMTRAFREGSL,2041,3.1316
RE1,DEMTRAFREGSL,2042,3.2956
RE1,DEMTRAFREGSL,2043,3.1505
RE1,DEMTRAFREGSL,2044,3.0054
RE1,DEMTRAFREGSL,2045,2.8591
RE1,DEMTRAFREGSL,2046,2.7482
RE1,DEMTRAFREGSL,2047,2.6374
RE1,DEMTRAFREGSL,2048,2.5266
RE1,DEMTRAFREGSL,2049,2.4159
RE1,DEMTRAFREGSL,2050,2.2581
RE1,DEMTRAMCYELC,2026,0.0456
RE1,DEMTRAMCYELC,2027,0.0914
RE1,DEMTRAMCYELC,2028,0.1375
RE1,DEMTRAMCYELC,2029,0.1839
RE1,DEMTRAMCYELC,2030,0.2306
RE1,DEMTRAMCYELC,2031,0.2773
RE1,DEMTRAMCYELC,2032,0.3243
RE1,DEMTRAMCYELC,2033,0.3716
RE1,DEMTRAMCYELC,2034,0.4192
RE1,DEMTRAMCYELC,2035,0.4671
RE1,DEMTRAMCYELC,2036,0.4787
RE1,DEMTRAMCYELC,2037,0.4906
RE1,DEMTRAMCYELC,2038,0.5028
RE1,DEMTRAMCYELC,2039,0.5153
RE1,DEMTRAMCYELC,2040,0.5281
RE1,DEMTRAMCYELC,2041,0.5403
RE1,DEMTRAMCYELC,2042,0.5529
RE1,DEMTRAMCYELC,2043,0.5657
RE1,DEMTRAMCYELC,2044,0.5788
RE1,DEMTRAMCYELC,2045,0.5923
RE1,DEMTRAMCYELC,2046,0.6051
RE1,DEMTRAMCYELC,2047,0.6182
RE1,DEMTRAMCYELC,2048,0.6316
RE1,DEMTRAMCYELC,2049,0.6452
RE1,DEMTRAMCYELC,2050,0.6592
RE1,DEMTRAMCYGSL,2015,0.2713
RE1,DEMTRAMCYGSL,2016,0.2789
RE1,DEMTRAMCYGSL,2017,0.2864
RE1,DEMTRAMCYGSL,2018,0.2939
RE1,DEMTRAMCYGSL,2019,0.3015
RE1,DEMTRAMCYGSL,2020,0.3103
RE1,DEMTRAMCYGSL,2021,0.3191
RE1,DEMTRAMCYGSL,2022,0.3282
RE1,DEMTRAMCYGSL,2023,0.3375
RE1,DEMTRAMCYGSL,2024,0.3471
RE1,DEMTRAMCYGSL,2025,0.357
RE1,DEMTRAMCYGSL,2026,0.3213
RE1,DEMTRAMCYGSL,2027,0.2856
RE1,DEMTRAMCYGSL,2028,0.2499
RE1,DEMTRAMCYGSL,2029,0.2142
RE1,DEMTRAMCYGSL,2030,0.1785
RE1,DEMTRAMCYGSL,2031,0.1428
RE1,DEMTRAMCYGSL,2032,0.1071
RE1,DEMTRAMCYGSL,2033,0.0714
RE1,DEMTRAMCYGSL,2034,0.0357
RE1,DEMTRAOTHGSL,2015,0.3592
RE1,DEMTRAOTHGSL,2016,0.3692
RE1,DEMTRAOTHGSL,2017,0.3792
RE1,DEMTRAOTHGSL,2018,0.3892
RE1,DEMTRAOTHGSL,2019,0.3992
RE1,DEMTRAOTHGSL,2020,0.388
RE1,DEMTRAOTHGSL,2021,0.4143
RE1,DEMTRAOTHGSL,2022,0.4405
RE1,DEMTRAOTHGSL,2023,0.4668
RE1,DEMTRAOTHGSL,2024,0.493
RE1,DEMTRAOTHGSL,2025,0.5193
RE1,DEMTRAOTHGSL,2026,0.5512
RE1,DEMTRAOTHGSL,2027,0.583
RE1,DEMTRAOTHGSL,2028,0.6149
RE1,DEMTRAOTHGSL,2029,0.6468
RE1,DEMTRAOTHGSL,2030,0.6787
RE1,DEMTRAOTHGSL,2031,0.7204
RE1,DEMTRAOTHGSL,2032,0.762
RE1,DEMTRAOTHGSL,2033,0.8037
RE1,DEMTRAOTHGSL,2034,0.8454
RE1,DEMTRAOTHGSL,2035,0.887
RE1,DEMTRAOTHGSL,2036,0.936
RE1,DEMTRAOTHGSL,2037,0.985
RE1,DEMTRAOTHGSL,2038,1.0341
RE1,DEMTRAOTHGSL,2039,1.0831
RE1,DEMTRAOTHGSL,2040,1.1321
RE1,DEMTRAOTHGSL,2041,1.1946
RE1,DEMTRAOTHGSL,2042,1.2572
RE1,DEMTRAOTHGSL,2043,1.3197
RE1,DEMTRAOTHGSL,2044,1.3823
RE1,DEMTRAOTHGSL,2045,1.4449
RE1,DEMTRAOTHGSL,2046,1.5247
RE1,DEMTRAOTHGSL,2047,1.6045
RE1,DEMTRAOTHGSL,2048,1.6844
RE1,DEMTRAOTHGSL,2049,1.7642
RE1,DEMTRAOTHGSL,2050,1.844
RE1,IMPBGS,2049,1.5489
RE1,IMPBGS,2050,8.9943
RE1,IMPBIO,2017,200.0
RE1,IMPBIO,2020,200.0
RE1,IMPBIO,2023,200.0
RE1,IMPBIO,2024,200.0
RE1,IMPBIO,2025,6.0787
RE1,IMPBIO,2026,200.0
RE1,IMPBIO,2027,200.0
RE1,IMPBIO,2028,45.6536
RE1,IMPBIO,2029,59.0367
RE1,IMPBIO,2030,72.5247
RE1,IMPBIO,2031,90.4961
RE1,IMPBIO,2032,200.0
RE1,IMPBIO,2033,200.0
RE1,IMPBIO,2034,121.6823
RE1,IMPBIO,2035,131.286
RE1,IMPBIO,2036,140.4811
RE1,IMPBIO,2037,200.0
RE1,IMPBIO,2038,200.0
RE1,IMPBIO,2039,200.0
RE1,IMPBIO,2040,200.0
RE1,IMPBIO,2041,187.3904
RE1,IMPBIO,2042,200.0
RE1,IMPBIO,2043,200.0
RE1,IMPBIO,2044,200.0
RE1,IMPBIO,2045,200.0
RE1,IMPBIO,2046,200.0
RE1,IMPBIO,2047,200.0
RE1,IMPBIO,2048,200.0
RE1,IMPBIO,2049,200.0
RE1,IMPBIO,2050,200.0
RE1,IMPCOA,2015,18.1012
RE1,IMPCOA,2016,4.1697
RE1,IMPCOA,2018,32.9088
RE1,IMPCOA,2019,33.0215
RE1,IMPCOA,2022,21.0642
RE1,IMPCOA,2025,5.9923
RE1,IMPCOA,2026,3.9534
RE1,IMPCOA,2027,7.3726
RE1,IMPCOA,2028,1.2603
RE1,IMPCOA,2029,4.7598
RE1,IMPCOA,2030,8.3595
RE1,IMPCOA,2031,8.5528
RE1,IMPCOA,2032,7.8144
RE1,IMPCOA,2033,13.5312
RE1,IMPCOA,2034,19.7185
RE1,IMPCOA,2035,23.8364
RE1,IMPCOA,2036,29.0916
RE1,IMPCOA,2037,12.8935
RE1,IMPCOA,2038,9.09
RE1,IMPCOA,2040,42.7974
RE1,IMPCOA,2041,16.2083
RE1,IMPCOA,2042,80.4969
RE1,IMPCOA,2043,20.672
RE1,IMPCOA,2044,74.5986
RE1,IMPCOA,2045,20.615
RE1,IMPCOA,2046,99.7418
RE1,IMPCOA,2047,116.9366
RE1,IMPCOA,2049,137.6619
RE1,IMPCOA,2050,18.5956
RE1,IMPGSL,2015,37.9867
RE1,IMPGSL,2016,39.0419
RE1,IMPGSL,2017,40.0971
RE1,IMPGSL,2018,41.1523
RE1,IMPGSL,2019,42.2075
RE1,IMPGSL,2020,41.1127
RE1,IMPGSL,2021,43.8234
RE1,IMPGSL,2022,46.5388
RE1,IMPGSL,2023,49.2591
RE1,IMPGSL,2024,51.9843
RE1,IMPGSL,2025,54.7146
RE1,IMPGSL,2026,55.3649
RE1,IMPGSL,2027,56.0192
RE1,IMPGSL,2028,56.6776
RE1,IMPGSL,2029,57.3404
RE1,IMPGSL,2030,58.0077
RE1,IMPGSL,2031,61.332
RE1,IMPGSL,2032,64.6609
RE1,IMPGSL,2033,67.9947
RE1,IMPGSL,2034,71.3335
RE1,IMPGSL,2035,74.6774
RE1,IMPGSL,2036,78.7352
RE1,IMPGSL,2037,82.7978
RE1,IMPGSL,2038,86.8655
RE1,IMPGSL,2039,90.9384
RE1,IMPGSL,2040,95.0166
RE1,IMPGSL,2041,99.7726
RE1,IMPGSL,2042,104.5338
RE1,IMPGSL,2043,105.2597
RE1,IMPGSL,2044,105.9911
RE1,IMPGSL,2045,106.6287
RE1,IMPGSL,2046,108.5825
RE1,IMPGSL,2047,110.5419
RE1,IMPGSL,2048,112.507
RE1,IMPGSL,2049,110.1993
RE1,IMPGSL,2050,107.2506
RE1,IMPHFO,2015,2.4742
RE1,IMPHFO,2016,2.5429
RE1,IMPHFO,2017,2.6116
RE1,IMPHFO,2018,7.3148
RE1,IMPHFO,2019,6.3782
RE1,IMPHFO,2020,9.1781
RE1,IMPHFO,2021,11.4392
RE1,IMPHFO,2022,3.1139
RE1,IMPHFO,2023,3.2946
RE1,IMPHFO,2024,3.4748
RE1,IMPHFO,2025,3.6545
RE1,IMPHFO,2026,2.9236
RE1,IMPHFO,2027,2.1927
RE1,IMPHFO,2028,1.4618
RE1,IMPHFO,2029,0.7309
RE1,IMPHFO,2034,0.1998
RE1,IMPHFO,2050,0.782
RE1,IMPLPG,2015,0.0834
RE1,IMPLPG,2016,0.0857
RE1,IMPLPG,2017,0.088
RE1,IMPLPG,2018,0.0904
RE1,IMPLPG,2019,0.0927
RE1,IMPLPG,2020,0.0917
RE1,IMPLPG,2021,0.2309
RE1,IMPLPG,2022,0.3691
RE1,IMPLPG,2023,0.5072
RE1,IMPLPG,2024,0.6454
RE1,IMPLPG,2025,0.7836
RE1,IMPLPG,2026,0.9217
RE1,IMPLPG,2027,1.0617
RE1,IMPLPG,2028,1.1999
RE1,IMPLPG,2029,1.338
RE1,IMPLPG,2030,1.4762
RE1,IMPLPG,2031,1.6144
RE1,IMPLPG,2032,1.7526
RE1,IMPLPG,2033,1.8907
RE1,IMPLPG,2034,2.0307
RE1,IMPLPG,2035,2.1689
RE1,IMPLPG,2036,2.307
RE1,IMPLPG,2037,2.4452
RE1,IMPLPG,2038,2.5834
RE1,IMPLPG,2039,2.7215
RE1,IMPLPG,2040,2.8608
RE1,IMPLPG,2041,3.0615
RE1,IMPLPG,2042,3.2615
RE1,IMPLPG,2043,3.4615
RE1,IMPLPG,2044,3.6615
RE1,IMPLPG,2045,3.8614
RE1,IMPLPG,2046,4.0614
RE1,IMPLPG,2047,4.2614
RE1,IMPLPG,2048,4.4614
RE1,IMPLPG,2049,4.6614
RE1,IMPLPG,2050,4.8613
RE1,MINBIO,2015,201.7426
RE1,MINBIO,2016,205.6645
RE1,MINBIO,2017,12.6994
RE1,MINBIO,2018,218.2869
RE1,MINBIO,2019,223.8744
RE1,MINBIO,2020,27.4477
RE1,MINBIO,2021,234.9858
RE1,MINBIO,2022,242.6149
RE1,MINBIO,2023,50.3373
RE1,MINBIO,2024,58.1557
RE1,MINBIO,2025,260.0
RE1,MINBIO,2026,79.1801
RE1,MINBIO,2027,92.3672
RE1,MINBIO,2028,260.0
RE1,MINBIO,2029,260.0
RE1,MINBIO,2030,260.0
RE1,MINBIO,2031,260.0
RE1,MINBIO,2032,162.8515
RE1,MINBIO,2033,172.2051
RE1,MINBIO,2034,260.0
RE1,MINBIO,2035,260.0
RE1,MINBIO,2036,260.0
RE1,MINBIO,2037,209.7879
RE1,MINBIO,2038,219.2141
RE1,MINBIO,2039,228.7511
RE1,MINBIO,2040,238.4035
RE1,MINBIO,2041,260.0
RE1,MINBIO,2042,256.4822
RE1,MINBIO,2043,260.0
RE1,MINBIO,2044,260.0
RE1,MINBIO,2045,260.0
RE1,MINBIO,2046,260.0
RE1,MINBIO,2047,260.0
RE1,MINBIO,2048,260.0
RE1,MINBIO,2049,260.0
RE1,MINBIO,2050,260.0
RE1,MINCOA,2017,25.414
RE1,MINCOA,2020,33.0243
RE1,MINCOA,2021,33.3224
RE1,MINCOA,2023,5.4022
RE1,MINCOA,2024,5.6977
RE1,MINCOA,2026,5.7185
RE1,MINCOA,2027,4.2996
RE1,MINCOA,2028,12.1149
RE1,MINCOA,2029,9.1254
RE1,MINCOA,2030,5.9959
RE1,MINCOA,2031,6.2501
RE1,MINCOA,2032,10.846
RE1,MINCOA,2033,10.8565
RE1,MINCOA,2034,10.2377
RE1,MINCOA,2035,11.0855
RE1,MINCOA,2036,13.1421
RE1,MINCOA,2037,35.3127
RE1,MINCOA,2038,44.6095
RE1,MINCOA,2039,59.1565
RE1,MINCOA,2040,21.4869
RE1,MINCOA,2041,56.2912
RE1,MINCOA,2043,68.5759
RE1,MINCOA,2044,23.4702
RE1,MINCOA,2045,85.9006
RE1,MINCOA,2046,17.5932
RE1,MINCOA,2047,11.7277
RE1,MINCOA,2048,140.0246
RE1,MINCOA,2049,14.1797
RE1,MINCOA,2050,148.8699
RE1,MINGEO,2030,1.1826
RE1,MINGEO,2031,3.0945
RE1,MINGEO,2032,5.0063
RE1,MINGEO,2033,6.9182
RE1,MINGEO,2034,8.8301
RE1,MINGEO,2035,10.7419
RE1,MINGEO,2036,12.6538
RE1,MINGEO,2037,14.5657
RE1,MINGEO,2038,16.4776
RE1,MINGEO,2039,18.3894
RE1,MINGEO,2040,20.3013
RE1,MINGEO,2041,22.2132
RE1,MINGEO,2042,24.125
RE1,MINGEO,2043,26.0369
RE1,MINGEO,2044,27.9488
RE1,MINGEO,2045,29.8606
RE1,MINGEO,2046,31.7725
RE1,MINGEO,2047,33.6844
RE1,MINGEO,2048,35.5963
RE1,MINGEO,2049,37.5081
RE1,MINGEO,2050,39.42
RE1,MINHYD,2015,43.9873
RE1,MINHYD,2016,43.9873
RE1,MINHYD,2017,43.9873
RE1,MINHYD,2018,43.9873
RE1,MINHYD,2019,43.9873
RE1,MINHYD,2020,44.0214
RE1,MINHYD,2021,46.7837
RE1,MINHYD,2022,57.8326
RE1,MINHYD,2023,67.2681
RE1,MINHYD,2024,71.4475
RE1,MINHYD,2025,71.4475
RE1,MINHYD,2026,68.9919
RE1,MINHYD,2027,71.383
RE1,MINHYD,2028,74.4891
RE1,MINHYD,2029,78.8282
RE1,MINHYD,2030,82.4877
RE1,MINHYD,2031,84.7739
RE1,MINHYD,2032,87.4112
RE1,MINHYD,2033,90.3042
RE1,MINHYD,2034,91.8725
RE1,MINHYD,2035,91.8725
RE1,MINHYD,2036,92.107
RE1,MINHYD,2037,94.8222
RE1,MINHYD,2038,97.5804
RE1,MINHYD,2039,100.3954
RE1,MINHYD,2040,103.2613
RE1,MINHYD,2041,107.4302
RE1,MINHYD,2042,111.6314
RE1,MINHYD,2043,116.3721
RE1,MINHYD,2044,121.1087
RE1,MINHYD,2045,125.8233
RE1,MINHYD,2046,131.9465
RE1,MINHYD,2047,138.1442
RE1,MINHYD,2048,140.7988
RE1,MINHYD,2049,140.7988
RE1,MINHYD,2050,140.7988
RE1,MINSOL,2019,0.6083
RE1,MINSOL,2020,0.6083
RE1,MINSOL,2021,0.6083
RE1,MINSOL,2022,0.6083
RE1,MINSOL,2023,0.6083
RE1,MINSOL,2024,0.6083
RE1,MINSOL,2025,4.8267
RE1,MINSOL,2026,12.2344
RE1,MINSOL,2027,15.3952
RE1,MINSOL,2028,17.9841
RE1,MINSOL,2029,19.7817
RE1,MINSOL,2030,21.3728
RE1,MINSOL,2031,22.9117
RE1,MINSOL,2032,24.2021
RE1,MINSOL,2033,25.3108
RE1,MINSOL,2034,27.8416
RE1,MINSOL,2035,30.3179
RE1,MINSOL,2036,32.6662
RE1,MINSOL,2037,34.6319
RE1,MINSOL,2038,36.8105
RE1,MINSOL,2039,38.9938
RE1,MINSOL,2040,41.3198
RE1,MINSOL,2041,41.466
RE1,MINSOL,2042,41.6836
RE1,MINSOL,2043,43.2242
RE1,MINSOL,2044,45.7428
RE1,MINSOL,2045,48.4099
RE1,MINSOL,2046,50.9238
RE1,MINSOL,2047,53.2031
RE1,MINSOL,2048,56.1901
RE1,MINSOL,2049,59.6334
RE1,MINSOL,2050,63.9606
RE1,MINWND,2035,2.0982
RE1,MINWND,2036,4.0667
RE1,MINWND,2037,4.5609
RE1,MINWND,2038,5.0683
RE1,MINWND,2039,5.5818
RE1,MINWND,2040,6.1064
RE1,MINWND,2041,6.7351
RE1,MINWND,2042,7.4096
RE1,MINWND,2043,7.9525
RE1,MINWND,2044,8.5542
RE1,MINWND,2045,9.2987
RE1,MINWND,2046,10.351
RE1,MINWND,2047,11.4067
RE1,MINWND,2048,15.3747
RE1,MINWND,2049,22.8006
RE1,MINWND,2050,26.104
RE1,PWRBIO001,2015,1.2614
RE1,PWRBIO001,2016,0.8271
RE1,PWRBIO001,2017,1.2614
RE1,PWRBIO001,2018,1.2614
RE1,PWRBIO001,2019,1.2614
RE1,PWRBIO001,2020,1.2614
RE1,PWRBIO001,2021,1.2614
RE1,PWRBIO001,2022,1.2614
RE1,PWRBIO001,2023,1.2614
RE1,PWRBIO001,2024,1.2614
RE1,PWRBIO001,2025,1.2614
RE1,PWRBIO001,2026,1.2614
RE1,PWRBIO001,2027,1.2614
RE1,PWRBIO001,2028,1.2614
RE1,PWRBIO001,2029,1.2614
RE1,PWRBIO001,2030,1.2614
RE1,PWRBIO001,2031,2.7909
RE1,PWRBIO001,2032,4.3204
RE1,PWRBIO001,2033,5.8499
RE1,PWRBIO001,2034,7.3794
RE1,PWRBIO001,2035,8.9089
RE1,PWRBIO001,2036,10.4384
RE1,PWRBIO001,2037,11.9679
RE1,PWRBIO001,2038,13.4974
RE1,PWRBIO001,2039,15.0269
RE1,PWRBIO001,2040,16.5564
RE1,PWRBIO001,2041,18.0859
RE1,PWRBIO001,2042,19.6154
RE1,PWRBIO001,2043,19.557
RE1,PWRBIO001,2044,18.4856
RE1,PWRBIO001,2045,17.3838
RE1,PWRBIO001,2046,16.3473
RE1,PWRBIO001,2047,15.2817
RE1,PWRBIO001,2048,14.1865
RE1,PWRBIO001,2049,13.4949
RE1,PWRBIO001,2050,14.4168
RE1,PWRCOA001,2015,4.6598
RE1,PWRCOA001,2017,7.0114
RE1,PWRCOA001,2018,9.4608
RE1,PWRCOA001,2019,9.4608
RE1,PWRCOA001,2020,9.4608
RE1,PWRCOA001,2021,9.4608
RE1,PWRCOA001,2022,5.2949
RE1,PWRCOA001,2026,1.003
RE1,PWRCOA001,2027,1.4489
RE1,PWRCOA001,2028,1.7961
RE1,PWRCOA001,2029,1.7474
RE1,PWRCOA001,2030,1.6855
RE1,PWRCOA001,2031,1.6451
RE1,PWRCOA001,2032,1.5525
RE1,PWRCOA001,2033,1.4383
RE1,PWRCOA001,2034,1.4455
RE1,PWRCOA001,2035,1.4676
RE1,PWRCOA001,2036,1.5768
RE1,PWRCOA001,2037,1.5768
RE1,PWRCOA001,2038,1.5768
RE1,PWRCOA001,2039,1.5768
RE1,PWRCOA001,2040,1.5768
RE1,PWRCOA001,2041,1.5694
RE1,PWRCOA001,2042,1.5583
RE1,PWRCOA001,2043,1.5496
RE1,PWRCOA001,2044,1.5391
RE1,PWRCOA001,2045,1.5257
RE1,PWRCOA001,2046,1.5037
RE1,PWRCOA001,2047,1.4811
RE1,PWRCOA001,2048,1.4795
RE1,PWRCOA001,2049,1.4561
RE1,PWRCOA001,2050,2.1289
RE1,PWRDIST,2015,41.5503
RE1,PWRDIST,2016,42.6827
RE1,PWRDIST,2017,43.8151
RE1,PWRDIST,2018,44.9475
RE1,PWRDIST,2019,46.0798
RE1,PWRDIST,2020,45.6151
RE1,PWRDIST,2021,48.5114
RE1,PWRDIST,2022,51.4391
RE1,PWRDIST,2023,54.3989
RE1,PWRDIST,2024,57.3921
RE1,PWRDIST,2025,60.4189
RE1,PWRDIST,2026,64.1914
RE1,PWRDIST,2027,68.0008
RE1,PWRDIST,2028,71.8483
RE1,PWRDIST,2029,75.7356
RE1,PWRDIST,2030,79.6629
RE1,PWRDIST,2031,84.2012
RE1,PWRDIST,2032,88.7829
RE1,PWRDIST,2033,93.4097
RE1,PWRDIST,2034,98.2852
RE1,PWRDIST,2035,103.4628
RE1,PWRDIST,2036,108.7556
RE1,PWRDIST,2037,114.492
RE1,PWRDIST,2038,120.4601
RE1,PWRDIST,2039,126.4866
RE1,PWRDIST,2040,132.6893
RE1,PWRDIST,2041,139.5785
RE1,PWRDIST,2042,146.5935
RE1,PWRDIST,2043,153.7337
RE1,PWRDIST,2044,160.8893
RE1,PWRDIST,2045,168.2481
RE1,PWRDIST,2046,177.0028
RE1,PWRDIST,2047,185.597
RE1,PWRDIST,2048,194.25
RE1,PWRDIST,2049,204.3173
RE1,PWRDIST,2050,213.8198
RE1,PWRGEO,2030,0.9461
RE1,PWRGEO,2031,2.4756
RE1,PWRGEO,2032,4.0051
RE1,PWRGEO,2033,5.5346
RE1,PWRGEO,2034,7.0641
RE1,PWRGEO,2035,8.5936
RE1,PWRGEO,2036,10.1231
RE1,PWRGEO,2037,11.6526
RE1,PWRGEO,2038,13.182
RE1,PWRGEO,2039,14.7115
RE1,PWRGEO,2040,16.241
RE1,PWRGEO,2041,17.7705
RE1,PWRGEO,2042,19.3
RE1,PWRGEO,2043,20.8295
RE1,PWRGEO,2044,22.359
RE1,PWRGEO,2045,23.8885
RE1,PWRGEO,2046,25.418
RE1,PWRGEO,2047,26.9475
RE1,PWRGEO,2048,28.477
RE1,PWRGEO,2049,30.0065
RE1,PWRGEO,2050,31.536
RE1,PWRHYD001,2015,42.3173
RE1,PWRHYD001,2016,42.3173
RE1,PWRHYD001,2017,42.3173
RE1,PWRHYD001,2018,42.3173
RE1,PWRHYD001,2019,42.3173
RE1,PWRHYD001,2020,42.3173
RE1,PWRHYD001,2021,45.0795
RE1,PWRHYD001,2022,56.1284
RE1,PWRHYD001,2023,56.1284
RE1,PWRHYD001,2024,56.1284
RE1,PWRHYD001,2025,56.1284
RE1,PWRHYD001,2026,53.6429
RE1,PWRHYD001,2027,53.6429
RE1,PWRHYD001,2028,53.6429
RE1,PWRHYD001,2029,53.6429
RE1,PWRHYD001,2030,53.6429
RE1,PWRHYD001,2031,53.6429
RE1,PWRHYD001,2032,53.6429
RE1,PWRHYD001,2033,53.6429
RE1,PWRHYD001,2034,53.6429
RE1,PWRHYD001,2035,53.6429
RE1,PWRHYD001,2036,53.6429
RE1,PWRHYD001,2037,53.6429
RE1,PWRHYD001,2038,53.6429
RE1,PWRHYD001,2039,53.6429
RE1,PWRHYD001,2040,53.6429
RE1,PWRHYD001,2041,53.6429
RE1,PWRHYD001,2042,53.6429
RE1,PWRHYD001,2043,53.6429
RE1,PWRHYD001,2044,53.6429
RE1,PWRHYD001,2045,53.6429
RE1,PWRHYD001,2046,53.6429
RE1,PWRHYD001,2047,53.6429
RE1,PWRHYD001,2048,53.6429
RE1,PWRHYD001,2049,53.6429
RE1,PWRHYD001,2050,53.6429
RE1,PWRHYD002,2015,1.67
RE1,PWRHYD002,2016,1.67
RE1,PWRHYD002,2017,1.67
RE1,PWRHYD002,2018,1.67
RE1,PWRHYD002,2019,1.67
RE1,PWRHYD002,2020,1.7041
RE1,PWRHYD002,2021,1.7041
RE1,PWRHYD002,2022,1.7041
RE1,PWRHYD002,2023,11.1397
RE1,PWRHYD002,2024,15.3191
RE1,PWRHYD002,2025,15.3191
RE1,PWRHYD002,2026,15.349
RE1,PWRHYD002,2027,17.74
RE1,PWRHYD002,2028,20.8461
RE1,PWRHYD002,2029,25.1853
RE1,PWRHYD002,2030,28.8448
RE1,PWRHYD002,2031,31.131
RE1,PWRHYD002,2032,33.7683
RE1,PWRHYD002,2033,36.6613
RE1,PWRHYD002,2034,38.2296
RE1,PWRHYD002,2035,38.2296
RE1,PWRHYD002,2036,38.4641
RE1,PWRHYD002,2037,41.1793
RE1,PWRHYD002,2038,43.9375
RE1,PWRHYD002,2039,46.7524
RE1,PWRHYD002,2040,49.6184
RE1,PWRHYD002,2041,53.7872
RE1,PWRHYD002,2042,57.9885
RE1,PWRHYD002,2043,62.7292
RE1,PWRHYD002,2044,67.4658
RE1,PWRHYD002,2045,72.1803
RE1,PWRHYD002,2046,78.3035
RE1,PWRHYD002,2047,84.5013
RE1,PWRHYD002,2048,87.1558
RE1,PWRHYD002,2049,87.1558
RE1,PWRHYD002,2050,87.1558
RE1,PWROHC002,2018,1.6204
RE1,PWROHC002,2019,1.2689
RE1,PWROHC002,2020,2.2473
RE1,PWROHC002,2021,2.9744
RE1,PWROHC002,2034,0.0699
RE1,PWROHC002,2050,0.2734
RE1,PWRSOL001,2019,0.6083
RE1,PWRSOL001,2020,0.6083
RE1,PWRSOL001,2021,0.6083
RE1,PWRSOL001,2022,0.6083
RE1,PWRSOL001,2023,0.6083
RE1,PWRSOL001,2024,0.6083
RE1,PWRSOL001,2025,4.8267
RE1,PWRSOL001,2026,12.2344
RE1,PWRSOL001,2027,15.3952
RE1,PWRSOL001,2028,17.9841
RE1,PWRSOL001,2029,19.7817
RE1,PWRSOL001,2030,21.3728
RE1,PWRSOL001,2031,22.9117
RE1,PWRSOL001,2032,24.2021
RE1,PWRSOL001,2033,25.3108
RE1,PWRSOL001,2034,27.8416
RE1,PWRSOL001,2035,30.3179
RE1,PWRSOL001,2036,32.6662
RE1,PWRSOL001,2037,34.6319
RE1,PWRSOL001,2038,36.8105
RE1,PWRSOL001,2039,38.9938
RE1,PWRSOL001,2040,41.3198
RE1,PWRSOL001,2041,41.466
RE1,PWRSOL001,2042,41.6836
RE1,PWRSOL001,2043,43.2242
RE1,PWRSOL001,2044,45.7428
RE1,PWRSOL001,2045,48.4099
RE1,PWRSOL001,2046,50.9238
RE1,PWRSOL001,2047,53.2031
RE1,PWRSOL001,2048,56.1901
RE1,PWRSOL001,2049,59.6334
RE1,PWRSOL001,2050,63.9606
RE1,PWRTRN,2015,44.8911
RE1,PWRTRN,2016,46.1146
RE1,PWRTRN,2017,47.338
RE1,PWRTRN,2018,48.5614
RE1,PWRTRN,2019,49.7848
RE1,PWRTRN,2020,49.2828
RE1,PWRTRN,2021,52.3512
RE1,PWRTRN,2022,55.4149
RE1,PWRTRN,2023,58.6035
RE1,PWRTRN,2024,61.828
RE1,PWRTRN,2025,65.0888
RE1,PWRTRN,2026,69.1529
RE1,PWRTRN,2027,73.2567
RE1,PWRTRN,2028,77.4017
RE1,PWRTRN,2029,81.5894
RE1,PWRTRN,2030,85.8203
RE1,PWRTRN,2031,90.7093
RE1,PWRTRN,2032,95.6452
RE1,PWRTRN,2033,100.6295
RE1,PWRTRN,2034,105.8819
RE1,PWRTRN,2035,111.4597
RE1,PWRTRN,2036,117.1616
RE1,PWRTRN,2037,123.3413
RE1,PWRTRN,2038,129.7708
RE1,PWRTRN,2039,136.263
RE1,PWRTRN,2040,142.9452
RE1,PWRTRN,2041,150.3669
RE1,PWRTRN,2042,157.9241
RE1,PWRTRN,2043,165.6161
RE1,PWRTRN,2044,173.3248
RE1,PWRTRN,2045,181.2524
RE1,PWRTRN,2046,190.6838
RE1,PWRTRN,2047,199.9423
RE1,PWRTRN,2048,209.264
RE1,PWRTRN,2049,220.1094
RE1,PWRTRN,2050,230.3464
RE1,PWRTRNEXP,2015,4.234
RE1,PWRTRNEXP,2016,2.858
RE1,PWRTRNEXP,2017,3.827
RE1,PWRTRNEXP,2018,4.412
RE1,PWRTRNEXP,2019,3.512
RE1,PWRTRNEXP,2020,4.822
RE1,PWRTRNEXP,2021,5.0616
RE1,PWRTRNEXP,2022,5.7672
RE1,PWRTRNEXP,2023,6.4728
RE1,PWRTRNEXP,2024,7.1784
RE1,PWRTRNEXP,2025,7.884
RE1,PWRTRNEXP,2026,9.4608
RE1,PWRTRNEXP,2027,11.0376
RE1,PWRTRNEXP,2028,12.6144
RE1,PWRTRNEXP,2029,14.1912
RE1,PWRTRNEXP,2030,15.768
RE1,PWRTRNEXP,2031,17.3448
RE1,PWRTRNEXP,2032,18.9216
RE1,PWRTRNEXP,2033,20.4984
RE1,PWRTRNEXP,2034,22.0752
RE1,PWRTRNEXP,2035,23.652
RE1,PWRTRNEXP,2036,25.2288
RE1,PWRTRNEXP,2037,26.8056
RE1,PWRTRNEXP,2038,28.3824
RE1,PWRTRNEXP,2039,29.9592
RE1,PWRTRNEXP,2040,31.536
RE1,PWRTRNEXP,2041,31.536
RE1,PWRTRNEXP,2042,31.536
RE1,PWRTRNEXP,2043,31.536
RE1,PWRTRNEXP,2044,31.536
RE1,PWRTRNEXP,2045,31.536
RE1,PWRTRNEXP,2046,31.536
RE1,PWRTRNEXP,2047,31.536
RE1,PWRTRNEXP,2048,31.536
RE1,PWRTRNEXP,2049,31.536
RE1,PWRTRNEXP,2050,31.536
RE1,PWRTRNIMP,2015,2.826
RE1,PWRTRNIMP,2016,7.866
RE1,PWRTRNIMP,2017,2.711
RE1,PWRTRNIMP,2018,0.548
RE1,PWRTRNIMP,2019,0.713
RE1,PWRTRNIMP,2020,0.468
RE1,PWRTRNIMP,2021,0.468
RE1,PWRTRNIMP,2022,0.468
RE1,PWRTRNIMP,2023,0.468
RE1,PWRTRNIMP,2024,0.468
RE1,PWRTRNIMP,2025,0.468
RE1,PWRTRNIMP,2026,0.468
RE1,PWRTRNIMP,2027,0.468
RE1,PWRTRNIMP,2028,0.468
RE1,PWRTRNIMP,2029,0.468
RE1,PWRTRNIMP,2030,0.468
RE1,PWRTRNIMP,2031,0.468
RE1,PWRTRNIMP,2032,0.468
RE1,PWRTRNIMP,2033,0.468
RE1,PWRTRNIMP,2034,0.468
RE1,PWRTRNIMP,2035,0.468
RE1,PWRTRNIMP,2036,0.468
RE1,PWRTRNIMP,2037,0.468
RE1,PWRTRNIMP,2038,0.468
RE1,PWRTRNIMP,2039,0.468
RE1,PWRTRNIMP,2040,0.468
RE1,PWRTRNIMP,2041,0.468
RE1,PWRTRNIMP,2042,0.468
RE1,PWRTRNIMP,2043,0.468
RE1,PWRTRNIMP,2044,0.468
RE1,PWRTRNIMP,2045,0.468
RE1,PWRTRNIMP,2046,0.468
RE1,PWRTRNIMP,2047,0.468
RE1,PWRTRNIMP,2048,0.468
RE1,PWRTRNIMP,2049,0.468
RE1,PWRTRNIMP,2050,0.468
RE1,PWRWND001,2035,2.0982
RE1,PWRWND001,2036,4.0667
RE1,PWRWND001,2037,4.5609
RE1,PWRWND001,2038,5.0683
RE1,PWRWND001,2039,5.5818
RE1,PWRWND001,2040,6.1064
RE1,PWRWND001,2041,6.7351
RE1,PWRWND001,2042,7.4096
RE1,PWRWND001,2043,7.9525
RE1,PWRWND001,2044,8.5542
RE1,PWRWND001,2045,9.2987
RE1,PWRWND001,2046,10.351
RE1,PWRWND001,2047,11.4067
RE1,PWRWND001,2048,15.3747
RE1,PWRWND001,2049,22.8006
RE1,PWRWND001,2050,26.104
